{"type":"FeatureCollection","features":[{"id":"153","type":"Feature","properties":{"name":"목포시"},"geometry":{"type":"MultiPolygon","coordinates":[[[[126.3696,34.7574],[126.3692,34.7572],[126.3693,34.758],[126.3696,34.7574]]],[[[126.2986,34.7738],[126.2985,34.7735],[126.2984,34.7735],[126.2986,34.7738]]],[[[126.3567,34.7806],[126.365,34.7742],[126.3669,34.7748],[126.3754,34.7706],[126.3743,34.7684],[126.3717,34.7678],[126.3733,34.7664],[126.371,34.764],[126.3725,34.7593],[126.3676,34.7584],[126.3648,34.7602],[126.3619,34.7518],[126.3584,34.7523],[126.3587,34.7494],[126.3607,34.7479],[126.3599,34.7453],[126.3549,34.7507],[126.3517,34.7496],[126.3505,34.7506],[126.3504,34.7622],[126.355,34.7617],[126.3554,34.7595],[126.3588,34.7597],[126.3587,34.7721],[126.356,34.7752],[126.3572,34.7776],[126.3546,34.7784],[126.3556,34.7845],[126.3567,34.7806]],[[126.3581,34.7748],[126.359,34.7716],[126.3592,34.7597],[126.3629,34.7595],[126.3655,34.7642],[126.3608,34.7688],[126.3609,34.7722],[126.359,34.7731],[126.3601,34.775],[126.3581,34.7748]]],[[[126.2964,34.7841],[126.2977,34.7815],[126.3013,34.7822],[126.3,34.7792],[126.3015,34.7762],[126.2954,34.7764],[126.2939,34.7784],[126.2898,34.7774],[126.2964,34.7841]]],[[[126.3339,34.7877],[126.3336,34.7869],[126.3334,34.7873],[126.3339,34.7877]]],[[[126.3237,34.7879],[126.3237,34.7869],[126.3233,34.788],[126.3237,34.7879]]],[[[126.321,34.7882],[126.3219,34.786],[126.3285,34.7818],[126.3311,34.7835],[126.3266,34.7796],[126.3291,34.7775],[126.3284,34.7753],[126.3223,34.7737],[126.3199,34.7642],[126.321,34.7634],[126.3186,34.7592],[126.3096,34.7615],[126.3065,34.7639],[126.3068,34.7667],[126.3047,34.7689],[126.309,34.7824],[126.3116,34.7805],[126.3142,34.7808],[126.3167,34.7832],[126.3157,34.7849],[126.3185,34.7854],[126.321,34.7882]]],[[[126.3181,34.7897],[126.3157,34.7899],[126.3174,34.791],[126.3181,34.7897]]],[[[126.3406,34.7949],[126.3385,34.7856],[126.3389,34.7821],[126.3375,34.7867],[126.3341,34.7881],[126.3406,34.7949]]],[[[126.3332,34.7941],[126.3321,34.7902],[126.3314,34.7951],[126.3332,34.7941]]],[[[126.3268,34.8157],[126.329,34.8154],[126.3284,34.8142],[126.331,34.8128],[126.3301,34.8113],[126.3328,34.8079],[126.3311,34.8059],[126.3309,34.7996],[126.3327,34.7987],[126.3327,34.7964],[126.3302,34.7964],[126.3295,34.7946],[126.3282,34.796],[126.3205,34.7961],[126.3142,34.7927],[126.3174,34.7989],[126.3158,34.8015],[126.3186,34.8027],[126.3172,34.805],[126.3152,34.8041],[126.316,34.8084],[126.3242,34.8117],[126.3268,34.8157]]],[[[126.4195,34.8442],[126.42,34.8414],[126.4228,34.8425],[126.4251,34.8388],[126.4344,34.8382],[126.4379,34.836],[126.4393,34.8322],[126.4374,34.8244],[126.4384,34.8212],[126.4545,34.8175],[126.4551,34.8108],[126.4576,34.8108],[126.458,34.8081],[126.4594,34.8086],[126.4583,34.7933],[126.4455,34.7914],[126.441,34.7994],[126.4268,34.7938],[126.4258,34.7921],[126.4245,34.7936],[126.4224,34.7917],[126.4175,34.7912],[126.4113,34.7932],[126.4148,34.7886],[126.4093,34.7861],[126.4098,34.7851],[126.4098,34.784],[126.4091,34.786],[126.4041,34.7843],[126.4027,34.7855],[126.4011,34.7831],[126.3877,34.7809],[126.39,34.7852],[126.3933,34.7871],[126.3917,34.7883],[126.3819,34.7795],[126.3817,34.7807],[126.3692,34.7808],[126.3659,34.7898],[126.3556,34.7954],[126.3548,34.7937],[126.3509,34.7971],[126.3497,34.7965],[126.358,34.8038],[126.3568,34.8022],[126.36,34.7996],[126.3654,34.8039],[126.3625,34.8063],[126.3598,34.8054],[126.3627,34.8069],[126.3654,34.8061],[126.3631,34.8071],[126.3703,34.8133],[126.3709,34.8159],[126.3821,34.828],[126.3842,34.8281],[126.3824,34.8288],[126.3855,34.8291],[126.382,34.8301],[126.3867,34.8295],[126.3883,34.8368],[126.397,34.8381],[126.4008,34.8419],[126.4003,34.8439],[126.4012,34.8422],[126.4042,34.8419],[126.4058,34.8432],[126.4109,34.8422],[126.4124,34.8438],[126.4195,34.8442]]]]}},{"id":"154","type":"Feature","properties":{"name":"여수시"},"geometry":{"type":"MultiPolygon","coordinates":[[[[127.318,34.0097],[127.3177,34.0095],[127.3177,34.0097],[127.318,34.0097]]],[[[127.3137,34.0113],[127.3131,34.0112],[127.3138,34.0115],[127.3137,34.0113]]],[[[127.2949,34.0141],[127.295,34.0139],[127.2948,34.014],[127.2949,34.0141]]],[[[127.2965,34.0141],[127.2964,34.0139],[127.2963,34.0139],[127.2965,34.0141]]],[[[127.2958,34.0141],[127.2961,34.0143],[127.2961,34.0142],[127.2958,34.0141]]],[[[127.2949,34.0144],[127.2947,34.0143],[127.2947,34.0144],[127.2949,34.0144]]],[[[127.2946,34.0145],[127.2948,34.0144],[127.2946,34.0144],[127.2946,34.0145]]],[[[127.3227,34.0207],[127.3231,34.0206],[127.3226,34.0206],[127.3227,34.0207]]],[[[127.2898,34.0222],[127.2897,34.022],[127.2897,34.0222],[127.2898,34.0222]]],[[[127.3239,34.0222],[127.3239,34.0214],[127.3237,34.0222],[127.3239,34.0222]]],[[[127.2901,34.0228],[127.2902,34.0223],[127.2898,34.0227],[127.2901,34.0228]]],[[[127.3121,34.0217],[127.3122,34.0226],[127.3124,34.0228],[127.3121,34.0217]]],[[[127.3129,34.0234],[127.3121,34.0231],[127.3121,34.0233],[127.3129,34.0234]]],[[[127.6085,34.0286],[127.6083,34.0285],[127.6086,34.0287],[127.6085,34.0286]]],[[[127.3096,34.0264],[127.3113,34.0262],[127.3075,34.0286],[127.3094,34.0284],[127.3102,34.0301],[127.3165,34.0291],[127.3238,34.0256],[127.323,34.0244],[127.3134,34.0255],[127.3093,34.024],[127.3096,34.0264]]],[[[127.6121,34.0298],[127.6129,34.03],[127.6122,34.0294],[127.6121,34.0298]]],[[[127.6106,34.03],[127.6101,34.0287],[127.6092,34.0284],[127.6093,34.0301],[127.6106,34.03]]],[[[127.611,34.0303],[127.6117,34.0308],[127.6122,34.0305],[127.611,34.0303]]],[[[127.6079,34.0317],[127.6111,34.0327],[127.6087,34.0301],[127.6079,34.0317]]],[[[127.3346,34.034],[127.3346,34.0338],[127.3345,34.034],[127.3346,34.034]]],[[[127.6086,34.033],[127.6086,34.0327],[127.6084,34.0329],[127.6086,34.033]]],[[[127.6057,34.0321],[127.6086,34.0325],[127.6057,34.031],[127.6057,34.0321]]],[[[127.607,34.0334],[127.6068,34.0332],[127.6067,34.0333],[127.607,34.0334]]],[[[127.6074,34.0334],[127.6073,34.0331],[127.6072,34.0332],[127.6074,34.0334]]],[[[127.6078,34.0343],[127.608,34.0335],[127.6069,34.0341],[127.6078,34.0343]]],[[[127.6046,34.0348],[127.6054,34.0351],[127.6037,34.0342],[127.6046,34.0348]]],[[[127.6078,34.0364],[127.6077,34.0344],[127.6056,34.0339],[127.6059,34.036],[127.6078,34.0364]]],[[[127.6059,34.0365],[127.6069,34.0365],[127.6051,34.036],[127.6059,34.0365]]],[[[127.604,34.0387],[127.6041,34.0378],[127.6035,34.0382],[127.604,34.0387]]],[[[127.36,34.0381],[127.3575,34.0387],[127.3575,34.0394],[127.36,34.0395],[127.36,34.0381]]],[[[127.6061,34.0393],[127.6071,34.038],[127.6056,34.0368],[127.6043,34.0381],[127.6061,34.0393]]],[[[127.6055,34.0397],[127.6057,34.0396],[127.6052,34.0396],[127.6055,34.0397]]],[[[127.363,34.0431],[127.363,34.0429],[127.3628,34.0429],[127.363,34.0431]]],[[[127.3617,34.0432],[127.36,34.0422],[127.3609,34.0409],[127.3583,34.0405],[127.3553,34.0431],[127.3617,34.0432]]],[[[127.3524,34.0459],[127.3521,34.0446],[127.3516,34.0456],[127.3524,34.0459]]],[[[127.5876,34.0478],[127.5878,34.0475],[127.5875,34.0476],[127.5876,34.0478]]],[[[127.5877,34.0489],[127.5873,34.048],[127.5871,34.0483],[127.5877,34.0489]]],[[[127.5871,34.0489],[127.5874,34.0487],[127.5871,34.0485],[127.5871,34.0489]]],[[[127.5883,34.0503],[127.5876,34.0501],[127.5883,34.0503],[127.5883,34.0503]]],[[[127.2745,34.0524],[127.2744,34.0521],[127.2743,34.0522],[127.2745,34.0524]]],[[[127.2765,34.0525],[127.2767,34.0524],[127.2765,34.0524],[127.2765,34.0525]]],[[[127.3883,34.0529],[127.3884,34.0527],[127.3878,34.0527],[127.3883,34.0529]]],[[[127.5906,34.0522],[127.5904,34.052],[127.5904,34.0521],[127.5906,34.0522]]],[[[127.5821,34.0523],[127.5825,34.0522],[127.5819,34.052],[127.5821,34.0523]]],[[[127.59,34.0524],[127.5894,34.0507],[127.5875,34.0508],[127.59,34.0524]]],[[[127.5875,34.0522],[127.5883,34.052],[127.5873,34.0517],[127.5875,34.0522]]],[[[127.5854,34.0534],[127.584,34.0527],[127.5835,34.0527],[127.5854,34.0534]]],[[[127.6034,34.0559],[127.6034,34.0553],[127.6032,34.0553],[127.6034,34.0559]]],[[[127.2783,34.0583],[127.2782,34.0582],[127.2781,34.0583],[127.2783,34.0583]]],[[[127.5837,34.057],[127.5866,34.0566],[127.5847,34.0549],[127.5858,34.054],[127.5833,34.053],[127.5842,34.0549],[127.582,34.0546],[127.5837,34.057]]],[[[127.5834,34.0578],[127.5832,34.0576],[127.583,34.0577],[127.5834,34.0578]]],[[[127.5828,34.0584],[127.5828,34.0582],[127.5826,34.0581],[127.5828,34.0584]]],[[[127.2805,34.0578],[127.2792,34.0584],[127.2793,34.0596],[127.2814,34.0596],[127.2805,34.0578]]],[[[127.3851,34.0605],[127.3841,34.06],[127.3839,34.0607],[127.3851,34.0605]]],[[[127.5811,34.0601],[127.581,34.0601],[127.5811,34.0602],[127.5811,34.0601]]],[[[127.5815,34.0609],[127.5851,34.0596],[127.5817,34.059],[127.5827,34.06],[127.5813,34.0597],[127.5815,34.0609]]],[[[127.3111,34.0503],[127.3097,34.05],[127.3108,34.0507],[127.3092,34.051],[127.3097,34.053],[127.3025,34.058],[127.3058,34.0624],[127.3074,34.0627],[127.3088,34.058],[127.315,34.0589],[127.3174,34.056],[127.3217,34.0591],[127.3236,34.0588],[127.3261,34.0548],[127.3253,34.0497],[127.3277,34.0491],[127.3239,34.048],[127.3245,34.0449],[127.3311,34.0422],[127.3349,34.0358],[127.3307,34.0343],[127.3283,34.0369],[127.3133,34.0405],[127.3095,34.0325],[127.3142,34.043],[127.314,34.0457],[127.3126,34.0452],[127.3134,34.0462],[127.3107,34.0474],[127.3111,34.0503]]],[[[127.309,34.0628],[127.3087,34.0625],[127.3087,34.0625],[127.309,34.0628]]],[[[127.3088,34.0629],[127.3087,34.0627],[127.3086,34.0628],[127.3088,34.0629]]],[[[127.3865,34.0629],[127.394,34.0611],[127.3943,34.0593],[127.3981,34.0582],[127.3984,34.0554],[127.3912,34.0573],[127.3874,34.055],[127.3883,34.0531],[127.3844,34.0535],[127.3867,34.0553],[127.3859,34.0576],[127.3881,34.0588],[127.3846,34.0616],[127.3865,34.0629]]],[[[127.2937,34.0411],[127.2971,34.0381],[127.2961,34.0339],[127.2973,34.0314],[127.3062,34.0288],[127.3048,34.0289],[127.3065,34.0261],[127.3055,34.0257],[127.3084,34.0237],[127.3043,34.0207],[127.3046,34.0188],[127.3105,34.0183],[127.3153,34.0142],[127.3213,34.0163],[127.3242,34.0154],[127.3251,34.0131],[127.323,34.0076],[127.3245,34.0049],[127.323,34.0049],[127.3214,34.0092],[127.3182,34.0099],[127.3177,34.0134],[127.3152,34.0136],[127.3129,34.0115],[127.3057,34.0112],[127.2944,34.0154],[127.2962,34.0186],[127.2941,34.0194],[127.2926,34.0229],[127.2902,34.0232],[127.2922,34.0253],[127.289,34.0287],[127.2889,34.0334],[127.2841,34.0362],[127.283,34.0344],[127.2811,34.0351],[127.2802,34.038],[127.2819,34.0408],[127.278,34.0434],[127.2805,34.0447],[127.2794,34.0475],[127.2824,34.051],[127.2806,34.0533],[127.2754,34.0528],[127.2801,34.0575],[127.2827,34.0545],[127.286,34.0553],[127.2859,34.0586],[127.2912,34.0546],[127.2949,34.0551],[127.2947,34.0609],[127.2917,34.0625],[127.2921,34.0635],[127.2956,34.0622],[127.2976,34.058],[127.3007,34.0572],[127.2925,34.0499],[127.2925,34.047],[127.2945,34.0464],[127.2951,34.0452],[127.2966,34.0466],[127.2966,34.045],[127.2949,34.0449],[127.2945,34.0463],[127.2943,34.0464],[127.2926,34.0468],[127.2947,34.045],[127.2937,34.0411]]],[[[127.5841,34.0624],[127.5837,34.0622],[127.5842,34.0626],[127.5841,34.0624]]],[[[127.5828,34.0638],[127.5833,34.0638],[127.5827,34.0634],[127.5828,34.0638]]],[[[127.5839,34.0645],[127.5839,34.0649],[127.5843,34.0649],[127.5839,34.0645]]],[[[127.5835,34.0639],[127.5857,34.0648],[127.5837,34.0637],[127.5849,34.0634],[127.582,34.0616],[127.5835,34.0639]]],[[[127.5828,34.0653],[127.5829,34.0651],[127.5825,34.065],[127.5828,34.0653]]],[[[127.3117,34.0739],[127.3118,34.0738],[127.3115,34.0738],[127.3117,34.0739]]],[[[127.5166,34.1132],[127.5172,34.1134],[127.5174,34.1133],[127.5166,34.1132]]],[[[127.509,34.1152],[127.5137,34.1157],[127.5166,34.1138],[127.509,34.1152]]],[[[127.5622,34.1387],[127.5624,34.1386],[127.5619,34.1385],[127.5622,34.1387]]],[[[127.5604,34.139],[127.5601,34.1387],[127.5596,34.1388],[127.5604,34.139]]],[[[127.5614,34.139],[127.5615,34.1385],[127.5611,34.1389],[127.5614,34.139]]],[[[127.561,34.1394],[127.5616,34.1392],[127.5607,34.1392],[127.561,34.1394]]],[[[127.561,34.1408],[127.5625,34.1409],[127.561,34.1406],[127.561,34.1408]]],[[[127.3577,34.1711],[127.358,34.1711],[127.358,34.171],[127.3577,34.1711]]],[[[127.355,34.172],[127.3522,34.1739],[127.3539,34.1774],[127.355,34.1766],[127.3538,34.1758],[127.3571,34.173],[127.355,34.172]]],[[[127.3532,34.1818],[127.3522,34.1814],[127.3532,34.1821],[127.3532,34.1818]]],[[[127.2247,34.2104],[127.2231,34.21],[127.2221,34.2112],[127.2254,34.2128],[127.2247,34.2104]]],[[[127.2611,34.2129],[127.2626,34.2128],[127.2633,34.2119],[127.262,34.2118],[127.2611,34.2129]]],[[[127.2364,34.214],[127.2365,34.2121],[127.2354,34.2138],[127.2364,34.214]]],[[[127.2196,34.2237],[127.2234,34.2242],[127.225,34.2233],[127.2199,34.2215],[127.2196,34.2237]]],[[[127.4671,34.2269],[127.4681,34.2262],[127.4667,34.2268],[127.4671,34.2269]]],[[[127.466,34.2273],[127.4678,34.227],[127.4657,34.2272],[127.466,34.2273]]],[[[127.2719,34.2305],[127.2718,34.2304],[127.2718,34.2306],[127.2719,34.2305]]],[[[127.2652,34.2324],[127.266,34.2319],[127.2672,34.2308],[127.2652,34.2324]]],[[[127.462,34.2309],[127.4601,34.2309],[127.459,34.2313],[127.461,34.2325],[127.462,34.2309]]],[[[127.264,34.2334],[127.2656,34.2326],[127.2647,34.2322],[127.264,34.2334]]],[[[127.2702,34.2371],[127.2695,34.2369],[127.2694,34.2371],[127.2702,34.2371]]],[[[127.2624,34.2378],[127.2619,34.2375],[127.2617,34.2379],[127.2624,34.2378]]],[[[127.2684,34.2379],[127.2691,34.2378],[127.2706,34.2378],[127.27,34.2373],[127.2684,34.2379]]],[[[127.2676,34.2385],[127.2678,34.2389],[127.2687,34.2383],[127.2676,34.2385]]],[[[127.461,34.2391],[127.4604,34.2392],[127.461,34.2395],[127.461,34.2391]]],[[[127.242,34.2398],[127.2411,34.2406],[127.2411,34.2407],[127.242,34.2398]]],[[[127.4497,34.2397],[127.4491,34.2398],[127.4498,34.2401],[127.4497,34.2397]]],[[[127.2678,34.24],[127.2666,34.24],[127.2663,34.2411],[127.2678,34.24]]],[[[127.4505,34.2404],[127.4501,34.2402],[127.45,34.2405],[127.4505,34.2404]]],[[[127.28,34.2408],[127.2792,34.2405],[127.2795,34.2416],[127.28,34.2408]]],[[[127.2798,34.2421],[127.2811,34.2419],[127.2812,34.2409],[127.2798,34.2421]]],[[[127.2636,34.2423],[127.2652,34.2418],[127.2629,34.2418],[127.2636,34.2423]]],[[[127.2657,34.2425],[127.2655,34.2423],[127.2654,34.2424],[127.2657,34.2425]]],[[[127.5361,34.2431],[127.536,34.2423],[127.5355,34.243],[127.5361,34.2431]]],[[[127.5356,34.2449],[127.5359,34.2452],[127.5359,34.2451],[127.5356,34.2449]]],[[[127.4563,34.2462],[127.456,34.2459],[127.4559,34.2459],[127.4563,34.2462]]],[[[127.451,34.2488],[127.4551,34.2474],[127.4519,34.2442],[127.4549,34.2432],[127.4497,34.241],[127.4501,34.2421],[127.4449,34.2425],[127.4475,34.2447],[127.4493,34.2442],[127.4473,34.2465],[127.449,34.249],[127.4514,34.2499],[127.451,34.2488]]],[[[127.2549,34.2504],[127.2578,34.2499],[127.2594,34.2458],[127.262,34.245],[127.2577,34.2432],[127.262,34.2387],[127.2571,34.2373],[127.2576,34.2334],[127.2604,34.2309],[127.2568,34.2297],[127.2617,34.2272],[127.2594,34.2245],[127.2566,34.2257],[127.2561,34.2235],[127.2513,34.2244],[127.2492,34.2212],[127.2543,34.219],[127.2577,34.2194],[127.2578,34.215],[127.2591,34.2139],[127.2539,34.2132],[127.2493,34.2159],[127.2461,34.2148],[127.2411,34.2199],[127.237,34.2188],[127.2387,34.2159],[127.231,34.216],[127.2268,34.2132],[127.2253,34.216],[127.2282,34.2174],[127.2283,34.2234],[127.2311,34.2258],[127.2316,34.2284],[127.2292,34.2274],[127.2316,34.2302],[127.2335,34.2368],[127.2352,34.2379],[127.2372,34.2353],[127.2406,34.2359],[127.2438,34.2403],[127.2457,34.2396],[127.2428,34.243],[127.2395,34.2408],[127.2429,34.2431],[127.2434,34.2476],[127.25,34.2456],[127.2505,34.2467],[127.2484,34.2472],[127.2549,34.2504]]],[[[127.4499,34.2503],[127.4515,34.2501],[127.4497,34.2502],[127.4499,34.2503]]],[[[127.4517,34.2538],[127.4502,34.2545],[127.4495,34.256],[127.4506,34.256],[127.4517,34.2538]]],[[[127.543,34.2582],[127.5428,34.2581],[127.5427,34.2583],[127.543,34.2582]]],[[[127.4529,34.2594],[127.4504,34.2567],[127.4487,34.258],[127.4529,34.2594]]],[[[127.5385,34.262],[127.5382,34.2621],[127.5386,34.2623],[127.5385,34.262]]],[[[127.258,34.2644],[127.2609,34.2622],[127.2611,34.2583],[127.2547,34.26],[127.258,34.2644]]],[[[127.5412,34.2655],[127.5413,34.2654],[127.5412,34.2654],[127.5412,34.2655]]],[[[127.5406,34.2655],[127.5404,34.2655],[127.5406,34.2656],[127.5406,34.2655]]],[[[127.5419,34.2661],[127.5414,34.2659],[127.5419,34.2663],[127.5419,34.2661]]],[[[127.2696,34.2691],[127.2689,34.2689],[127.2688,34.2692],[127.2696,34.2691]]],[[[127.5325,34.2695],[127.5397,34.2672],[127.5358,34.2607],[127.5308,34.2613],[127.5295,34.2628],[127.5305,34.264],[127.5281,34.2656],[127.53,34.2689],[127.5325,34.2695]]],[[[127.2698,34.2707],[127.2704,34.269],[127.2686,34.2704],[127.2698,34.2707]]],[[[127.2806,34.2748],[127.2705,34.2713],[127.2684,34.2721],[127.2781,34.2742],[127.2789,34.2756],[127.2806,34.2748]]],[[[127.2753,34.2782],[127.2764,34.279],[127.2769,34.2779],[127.2753,34.2782]]],[[[127.2813,34.2797],[127.2788,34.279],[127.2776,34.281],[127.28,34.2812],[127.2813,34.2797]]],[[[127.2928,34.2818],[127.2932,34.281],[127.292,34.2813],[127.2928,34.2818]]],[[[127.3314,34.2808],[127.3301,34.2799],[127.3305,34.2818],[127.3314,34.2808]]],[[[127.4403,34.2867],[127.4391,34.2859],[127.4385,34.286],[127.4389,34.2866],[127.4403,34.2867]]],[[[127.2664,34.2909],[127.2681,34.2906],[127.2686,34.2905],[127.2672,34.2892],[127.2653,34.2889],[127.2664,34.2909]]],[[[127.854,34.2884],[127.8544,34.2881],[127.8538,34.2883],[127.854,34.2884]]],[[[127.8539,34.2888],[127.8541,34.2886],[127.8538,34.2886],[127.8539,34.2888]]],[[[127.3526,34.2887],[127.357,34.286],[127.3602,34.2862],[127.3616,34.2891],[127.3603,34.29],[127.3645,34.2933],[127.3704,34.2888],[127.3646,34.2853],[127.3641,34.2823],[127.3588,34.2761],[127.355,34.2744],[127.3519,34.2684],[127.3487,34.2678],[127.3478,34.2731],[127.3504,34.2785],[127.347,34.2812],[127.3487,34.2826],[127.3491,34.2888],[127.3526,34.2954],[127.354,34.2914],[127.3526,34.2887]]],[[[127.3654,34.2954],[127.3644,34.2947],[127.3641,34.2955],[127.3654,34.2954]]],[[[127.3812,34.2951],[127.3786,34.2932],[127.3739,34.2929],[127.3706,34.2951],[127.3775,34.2941],[127.3812,34.2951]]],[[[127.3969,34.2969],[127.3998,34.2918],[127.3974,34.2806],[127.396,34.2799],[127.3961,34.2827],[127.394,34.2843],[127.3902,34.2796],[127.3886,34.2808],[127.3896,34.2855],[127.3862,34.2895],[127.3864,34.2916],[127.3907,34.2955],[127.3969,34.2969]]],[[[127.2954,34.2999],[127.296,34.2998],[127.2951,34.2997],[127.2954,34.2999]]],[[[127.2952,34.3005],[127.2939,34.2995],[127.2933,34.3],[127.2952,34.3005]]],[[[127.2417,34.3139],[127.24,34.313],[127.2398,34.314],[127.2417,34.3139]]],[[[127.3737,34.3327],[127.3757,34.3315],[127.3725,34.3319],[127.3737,34.3327]]],[[[127.9053,34.417],[127.9021,34.4142],[127.9034,34.4167],[127.9053,34.417]]],[[[127.7846,34.4298],[127.7843,34.4298],[127.7843,34.43],[127.7846,34.4298]]],[[[127.7931,34.4317],[127.793,34.4316],[127.7929,34.4317],[127.7931,34.4317]]],[[[127.7924,34.4318],[127.7925,34.4317],[127.7923,34.4318],[127.7924,34.4318]]],[[[127.8166,34.4519],[127.8168,34.451],[127.8158,34.4513],[127.8166,34.4519]]],[[[127.7858,34.4528],[127.7866,34.4525],[127.786,34.4523],[127.7858,34.4528]]],[[[127.7855,34.452],[127.7827,34.4517],[127.7823,34.4529],[127.7843,34.4531],[127.7855,34.452]]],[[[127.782,34.4532],[127.7815,34.4528],[127.7816,34.4533],[127.782,34.4532]]],[[[127.8034,34.4535],[127.8036,34.4531],[127.8034,34.4534],[127.8034,34.4535]]],[[[127.7943,34.4577],[127.7942,34.4575],[127.794,34.4575],[127.7943,34.4577]]],[[[127.7939,34.4605],[127.7933,34.4607],[127.7936,34.4611],[127.7939,34.4605]]],[[[127.7941,34.4285],[127.799,34.4291],[127.8011,34.4313],[127.7951,34.4295],[127.7951,34.4306],[127.793,34.4318],[127.7925,34.4318],[127.7925,34.4319],[127.7861,34.4303],[127.7856,34.4322],[127.7868,34.4325],[127.7867,34.4352],[127.7901,34.4349],[127.7948,34.4394],[127.7982,34.4399],[127.7952,34.442],[127.7985,34.4442],[127.7965,34.4462],[127.7978,34.4525],[127.7938,34.4549],[127.798,34.4591],[127.8048,34.4611],[127.8072,34.4593],[127.8016,34.4539],[127.8041,34.4526],[127.8021,34.451],[127.8057,34.4512],[127.8082,34.4488],[127.8133,34.4527],[127.8159,34.4524],[127.8133,34.4506],[127.8097,34.4438],[127.8094,34.4412],[127.8109,34.4399],[127.8081,34.4358],[127.8093,34.4343],[127.8042,34.4289],[127.8093,34.4241],[127.8071,34.4217],[127.8066,34.4164],[127.8029,34.4136],[127.8048,34.4091],[127.8017,34.4121],[127.7989,34.4097],[127.7973,34.4173],[127.7897,34.4141],[127.7901,34.4136],[127.7895,34.4126],[127.7866,34.4146],[127.7878,34.4152],[127.7861,34.4189],[127.7885,34.42],[127.788,34.4252],[127.7936,34.4258],[127.7941,34.4285]]],[[[127.8059,34.4628],[127.8056,34.4627],[127.806,34.4629],[127.8059,34.4628]]],[[[127.8039,34.4715],[127.8039,34.4713],[127.8037,34.4713],[127.8039,34.4715]]],[[[127.7652,34.4729],[127.7651,34.4728],[127.765,34.4728],[127.7652,34.4729]]],[[[127.7659,34.473],[127.7663,34.4728],[127.7659,34.4729],[127.7659,34.473]]],[[[127.7918,34.4745],[127.7919,34.4743],[127.7917,34.4743],[127.7918,34.4745]]],[[[127.791,34.4812],[127.7934,34.4802],[127.7939,34.4771],[127.7912,34.4753],[127.7895,34.4782],[127.791,34.4812]]],[[[127.8234,34.4816],[127.8228,34.4809],[127.8226,34.4809],[127.8234,34.4816]]],[[[127.7937,34.4819],[127.7935,34.4814],[127.7933,34.4817],[127.7937,34.4819]]],[[[127.7893,34.4839],[127.7903,34.4835],[127.7897,34.4831],[127.7893,34.4839]]],[[[127.771,34.4879],[127.7715,34.4874],[127.7709,34.4877],[127.771,34.4879]]],[[[127.7708,34.4895],[127.7705,34.4894],[127.7705,34.4896],[127.7708,34.4895]]],[[[127.7668,34.4899],[127.7669,34.4891],[127.7661,34.4893],[127.7668,34.4899]]],[[[127.7679,34.49],[127.7677,34.4898],[127.7676,34.4899],[127.7679,34.49]]],[[[127.7686,34.4911],[127.7683,34.4909],[127.7683,34.491],[127.7686,34.4911]]],[[[127.8239,34.4946],[127.8235,34.4944],[127.8235,34.4945],[127.8239,34.4946]]],[[[127.7967,34.4819],[127.7985,34.4865],[127.7977,34.4908],[127.8022,34.4892],[127.7998,34.4878],[127.8033,34.4867],[127.8054,34.4837],[127.805,34.487],[127.8021,34.4879],[127.8025,34.4904],[127.8036,34.4894],[127.8072,34.4904],[127.8081,34.4942],[127.8118,34.4975],[127.8208,34.4963],[127.8231,34.4995],[127.8257,34.498],[127.8257,34.4953],[127.8198,34.4952],[127.8127,34.4919],[127.8137,34.4893],[127.8196,34.4889],[127.8215,34.4858],[127.8244,34.4852],[127.8233,34.4817],[127.821,34.4812],[127.8211,34.4765],[127.8197,34.4761],[127.816,34.4798],[127.8105,34.4747],[127.8091,34.4766],[127.8108,34.4782],[127.8106,34.4807],[127.805,34.4832],[127.8006,34.4771],[127.8007,34.4746],[127.804,34.472],[127.8024,34.4712],[127.7968,34.4733],[127.7967,34.4763],[127.7951,34.4772],[127.798,34.4775],[127.7967,34.4819]]],[[[127.7931,34.501],[127.7929,34.5009],[127.7929,34.501],[127.7931,34.501]]],[[[127.807,34.5037],[127.8062,34.5011],[127.8046,34.5022],[127.807,34.5037]]],[[[127.7857,34.5124],[127.7857,34.5117],[127.785,34.5121],[127.7857,34.5124]]],[[[127.8074,34.5113],[127.8058,34.5109],[127.8051,34.5128],[127.8065,34.5127],[127.8074,34.5113]]],[[[127.8085,34.5133],[127.8079,34.5133],[127.8085,34.5136],[127.8085,34.5133]]],[[[127.8105,34.5164],[127.8113,34.5153],[127.8089,34.5166],[127.8105,34.5164]]],[[[127.8088,34.5295],[127.8082,34.5297],[127.8087,34.5305],[127.8088,34.5295]]],[[[127.773,34.5306],[127.7718,34.5311],[127.7721,34.5314],[127.773,34.5306]]],[[[127.7703,34.5314],[127.7698,34.5315],[127.7701,34.5317],[127.7703,34.5314]]],[[[127.7831,34.5317],[127.7829,34.5314],[127.7829,34.5317],[127.7831,34.5317]]],[[[127.8096,34.5313],[127.8084,34.5315],[127.809,34.5322],[127.8096,34.5313]]],[[[127.7705,34.5349],[127.7701,34.5345],[127.77,34.5348],[127.7705,34.5349]]],[[[127.7762,34.5354],[127.7761,34.5352],[127.776,34.5354],[127.7762,34.5354]]],[[[127.7727,34.5377],[127.7739,34.5356],[127.7703,34.5351],[127.7727,34.5377]]],[[[127.6485,34.5439],[127.6482,34.5435],[127.648,34.544],[127.6485,34.5439]]],[[[127.6477,34.545],[127.6474,34.5446],[127.6472,34.5451],[127.6477,34.545]]],[[[127.7699,34.5464],[127.7695,34.5464],[127.7698,34.5465],[127.7699,34.5464]]],[[[127.7698,34.5466],[127.7695,34.5467],[127.7698,34.5467],[127.7698,34.5466]]],[[[127.7766,34.5503],[127.7761,34.5501],[127.7761,34.5504],[127.7766,34.5503]]],[[[127.7672,34.5112],[127.7671,34.5093],[127.7775,34.5053],[127.7787,34.5071],[127.7852,34.5058],[127.7864,34.5075],[127.7891,34.5038],[127.7924,34.5023],[127.7911,34.4971],[127.7955,34.4945],[127.7984,34.496],[127.7971,34.4932],[127.7918,34.4915],[127.7911,34.4904],[127.7926,34.4903],[127.7889,34.4871],[127.7831,34.4887],[127.7731,34.4881],[127.7708,34.4888],[127.7716,34.4895],[127.7698,34.4917],[127.7642,34.4907],[127.7697,34.4922],[127.7712,34.4969],[127.7741,34.498],[127.773,34.5001],[127.7703,34.4968],[127.7663,34.4955],[127.7658,34.4986],[127.7617,34.4999],[127.759,34.4977],[127.7539,34.4996],[127.7544,34.5049],[127.751,34.5052],[127.7478,34.5021],[127.7414,34.5022],[127.7363,34.5045],[127.7347,34.5036],[127.7338,34.5056],[127.741,34.5077],[127.7398,34.5076],[127.7412,34.5079],[127.741,34.5105],[127.7375,34.5128],[127.727,34.5141],[127.7259,34.5159],[127.7302,34.5205],[127.73,34.5246],[127.7333,34.5262],[127.736,34.5257],[127.7301,34.5277],[127.7203,34.5234],[127.7144,34.5268],[127.7129,34.53],[127.7009,34.5327],[127.6975,34.539],[127.7049,34.5396],[127.7118,34.5378],[127.7253,34.5469],[127.725,34.5495],[127.7284,34.549],[127.7282,34.5501],[127.7298,34.5493],[127.7401,34.553],[127.7485,34.5525],[127.7524,34.5501],[127.757,34.5521],[127.7568,34.5494],[127.7609,34.5467],[127.7624,34.544],[127.7615,34.5426],[127.7639,34.5397],[127.7636,34.5353],[127.7619,34.5364],[127.763,34.5336],[127.7669,34.5305],[127.7695,34.5307],[127.7689,34.5316],[127.7696,34.5316],[127.7706,34.5263],[127.7799,34.5201],[127.7792,34.5157],[127.7811,34.5152],[127.7819,34.5115],[127.7815,34.5102],[127.7809,34.5113],[127.7672,34.5112]]],[[[127.6406,34.5564],[127.6401,34.5564],[127.6403,34.5568],[127.6406,34.5564]]],[[[127.6881,34.5595],[127.6874,34.5588],[127.6873,34.5591],[127.6881,34.5595]]],[[[127.6881,34.5607],[127.6882,34.5597],[127.6875,34.5598],[127.6881,34.5607]]],[[[127.6815,34.5625],[127.6814,34.5621],[127.681,34.5629],[127.6815,34.5625]]],[[[127.6807,34.5636],[127.6804,34.5628],[127.6803,34.5634],[127.6807,34.5636]]],[[[127.7685,34.5638],[127.7684,34.5637],[127.7684,34.5638],[127.7685,34.5638]]],[[[127.6393,34.5646],[127.6406,34.5609],[127.6389,34.56],[127.6401,34.5566],[127.6389,34.5559],[127.6377,34.5656],[127.6393,34.5646]]],[[[127.7695,34.5659],[127.7693,34.5657],[127.7691,34.5659],[127.7695,34.5659]]],[[[127.7702,34.5668],[127.7682,34.5654],[127.7668,34.5632],[127.7645,34.5628],[127.7659,34.5651],[127.7702,34.5668]]],[[[127.7471,34.5679],[127.7512,34.5675],[127.7519,34.5659],[127.7488,34.5636],[127.7463,34.5641],[127.7446,34.5655],[127.7471,34.5679]]],[[[127.7294,34.5709],[127.7358,34.5692],[127.7359,34.5648],[127.7411,34.5638],[127.7406,34.5624],[127.7356,34.5593],[127.732,34.5605],[127.7311,34.5624],[127.7249,34.5607],[127.7294,34.5709]]],[[[127.7614,34.5745],[127.7619,34.5744],[127.7617,34.5743],[127.7614,34.5745]]],[[[127.7405,34.5755],[127.7421,34.5717],[127.7402,34.57],[127.738,34.5713],[127.7377,34.5727],[127.7393,34.5728],[127.7387,34.5747],[127.7405,34.5755]]],[[[127.7652,34.5756],[127.7648,34.5756],[127.7651,34.5759],[127.7652,34.5756]]],[[[127.5505,34.5778],[127.5509,34.5776],[127.5506,34.5776],[127.5505,34.5778]]],[[[127.583,34.577],[127.5811,34.5772],[127.5817,34.5778],[127.583,34.577]]],[[[127.7404,34.5771],[127.7404,34.5768],[127.7403,34.5769],[127.7404,34.5771]]],[[[127.5507,34.5779],[127.5499,34.5779],[127.5507,34.5781],[127.5507,34.5779]]],[[[127.5509,34.5795],[127.5503,34.5782],[127.549,34.5783],[127.5509,34.5795]]],[[[127.7256,34.5793],[127.7275,34.5772],[127.7259,34.5754],[127.7285,34.5737],[127.724,34.574],[127.7232,34.5686],[127.72,34.5676],[127.718,34.5696],[127.715,34.5662],[127.7118,34.5661],[127.7109,34.5689],[127.7127,34.572],[127.7101,34.5733],[127.7099,34.5761],[127.7178,34.5792],[127.7211,34.5766],[127.7221,34.5793],[127.7256,34.5793]]],[[[127.5856,34.5805],[127.5857,34.5802],[127.5851,34.5804],[127.5856,34.5805]]],[[[127.6819,34.5803],[127.6822,34.5775],[127.679,34.5785],[127.6819,34.5803]]],[[[127.727,34.5804],[127.7273,34.5799],[127.7269,34.5797],[127.727,34.5804]]],[[[127.7521,34.5816],[127.7513,34.5816],[127.7512,34.5818],[127.7521,34.5816]]],[[[127.7622,34.5817],[127.7617,34.5795],[127.7638,34.5758],[127.7607,34.5745],[127.7546,34.5771],[127.7562,34.5781],[127.7552,34.58],[127.7578,34.579],[127.7622,34.5817]]],[[[127.7622,34.5821],[127.7624,34.5818],[127.7621,34.5819],[127.7622,34.5821]]],[[[127.6569,34.5852],[127.6604,34.5855],[127.6649,34.5822],[127.6665,34.583],[127.6674,34.581],[127.6705,34.5802],[127.6709,34.5781],[127.6694,34.5773],[127.6707,34.5759],[127.6692,34.575],[127.6708,34.5718],[127.6754,34.5746],[127.68,34.5699],[127.6842,34.5704],[127.6858,34.5733],[127.6838,34.5733],[127.6832,34.5748],[127.6904,34.5767],[127.6967,34.5748],[127.6974,34.5692],[127.7033,34.5684],[127.7048,34.5649],[127.7035,34.5636],[127.7004,34.5652],[127.6974,34.5629],[127.6902,34.5651],[127.6871,34.5612],[127.6884,34.5679],[127.6908,34.5685],[127.6883,34.5715],[127.6846,34.5692],[127.68,34.5693],[127.678,34.5668],[127.678,34.5642],[127.6798,34.5632],[127.6759,34.5616],[127.673,34.556],[127.6701,34.5554],[127.6715,34.5584],[127.6699,34.5613],[127.6629,34.5578],[127.665,34.5563],[127.6641,34.5551],[127.6596,34.5541],[127.6504,34.5563],[127.648,34.5589],[127.6464,34.5656],[127.6479,34.5668],[127.6471,34.5684],[127.6417,34.5703],[127.6393,34.5692],[127.6399,34.5673],[127.6378,34.566],[127.6402,34.5711],[127.6383,34.5741],[127.6439,34.5756],[127.6481,34.5814],[127.653,34.5804],[127.653,34.5793],[127.6556,34.5832],[127.6577,34.5837],[127.6569,34.5852]]],[[[127.5604,34.5868],[127.5602,34.5858],[127.5597,34.5858],[127.5604,34.5868]]],[[[127.5631,34.5871],[127.5667,34.5867],[127.5671,34.5863],[127.5631,34.5871]]],[[[127.6533,34.5875],[127.6532,34.5871],[127.653,34.5873],[127.6533,34.5875]]],[[[127.654,34.5879],[127.6537,34.5877],[127.6537,34.5878],[127.654,34.5879]]],[[[127.5548,34.5882],[127.5556,34.5883],[127.5551,34.5879],[127.5548,34.5882]]],[[[127.6061,34.589],[127.6058,34.5889],[127.6059,34.5891],[127.6061,34.589]]],[[[127.5646,34.5893],[127.5636,34.5891],[127.5635,34.5892],[127.5646,34.5893]]],[[[127.6,34.5888],[127.6006,34.5891],[127.6015,34.5889],[127.6015,34.5886],[127.6,34.5888]]],[[[127.6002,34.5898],[127.6053,34.5895],[127.6054,34.5889],[127.6002,34.5898]]],[[[127.5388,34.5911],[127.5383,34.591],[127.5386,34.5913],[127.5388,34.5911]]],[[[127.5698,34.5909],[127.5712,34.5909],[127.5713,34.5907],[127.5698,34.5909]]],[[[127.6912,34.591],[127.6963,34.5907],[127.6981,34.5905],[127.6935,34.5894],[127.6912,34.591]]],[[[127.5376,34.5896],[127.5365,34.5903],[127.5379,34.5927],[127.5373,34.591],[127.5376,34.5896]]],[[[127.7555,34.5919],[127.7553,34.5921],[127.7556,34.5922],[127.7555,34.5919]]],[[[127.5679,34.5936],[127.5696,34.5925],[127.5697,34.5919],[127.5662,34.5927],[127.5679,34.5936]]],[[[127.5534,34.5924],[127.5575,34.5937],[127.556,34.5905],[127.5567,34.5904],[127.5575,34.5899],[127.5586,34.5898],[127.5595,34.5892],[127.5591,34.5882],[127.5563,34.5904],[127.5549,34.5888],[127.5534,34.5924]]],[[[127.5686,34.5937],[127.5679,34.5938],[127.5684,34.5942],[127.5686,34.5937]]],[[[127.5587,34.5946],[127.5586,34.5943],[127.5584,34.5944],[127.5587,34.5946]]],[[[127.7337,34.5929],[127.7304,34.5883],[127.7325,34.588],[127.7341,34.5897],[127.7373,34.5882],[127.7368,34.5859],[127.7433,34.583],[127.7436,34.5796],[127.7396,34.5775],[127.7366,34.579],[127.734,34.5743],[127.7298,34.5786],[127.7302,34.5814],[127.7246,34.5844],[127.7248,34.5864],[127.7176,34.5889],[127.7187,34.589],[127.718,34.5912],[127.7123,34.5925],[127.7185,34.5934],[127.72,34.5927],[127.7194,34.5895],[127.7218,34.5887],[127.7312,34.5948],[127.7337,34.5929]]],[[[127.6832,34.5954],[127.6896,34.594],[127.6904,34.5911],[127.6852,34.588],[127.6842,34.5884],[127.6808,34.5938],[127.6832,34.5954]]],[[[127.6194,34.5957],[127.6257,34.5958],[127.626,34.5891],[127.622,34.5924],[127.6158,34.5898],[127.6067,34.5889],[127.6066,34.5903],[127.6095,34.5902],[127.6186,34.5939],[127.6194,34.5957]]],[[[127.5943,34.5976],[127.5941,34.5974],[127.5938,34.5976],[127.5943,34.5976]]],[[[127.58,34.5987],[127.5798,34.5971],[127.5783,34.596],[127.5773,34.5998],[127.58,34.5987]]],[[[127.5295,34.6022],[127.5286,34.6016],[127.5294,34.6024],[127.5295,34.6022]]],[[[127.5343,34.6039],[127.5342,34.6014],[127.5343,34.604],[127.5343,34.6039]]],[[[127.6498,34.6039],[127.6617,34.6025],[127.6566,34.5982],[127.654,34.598],[127.6543,34.5963],[127.655,34.5959],[127.6557,34.5961],[127.6562,34.5961],[127.6564,34.5963],[127.6567,34.596],[127.655,34.5959],[127.6558,34.595],[127.66,34.5927],[127.6574,34.5914],[127.6547,34.5924],[127.6553,34.5902],[127.6519,34.5874],[127.646,34.5913],[127.6507,34.5937],[127.6517,34.6012],[127.6498,34.6039]]],[[[127.6043,34.6047],[127.607,34.6019],[127.6046,34.6006],[127.6048,34.6],[127.6049,34.5994],[127.6046,34.6005],[127.6039,34.6001],[127.6042,34.5962],[127.5987,34.5948],[127.5941,34.5978],[127.5962,34.5986],[127.5974,34.6018],[127.6043,34.6047]]],[[[127.7135,34.605],[127.7152,34.6054],[127.7155,34.6051],[127.7135,34.605]]],[[[127.7989,34.6092],[127.7977,34.6079],[127.7967,34.6096],[127.7989,34.6092]]],[[[127.583,34.6115],[127.5831,34.6111],[127.5828,34.6112],[127.583,34.6115]]],[[[127.7335,34.6104],[127.7334,34.6111],[127.7335,34.6104],[127.7335,34.6104]]],[[[127.7059,34.6098],[127.7202,34.6109],[127.7257,34.6083],[127.7223,34.6057],[127.7193,34.6076],[127.7133,34.6074],[127.7095,34.6065],[127.7108,34.6055],[127.7085,34.6036],[127.7045,34.6043],[127.7059,34.6098]]],[[[127.7221,34.6124],[127.724,34.6125],[127.7239,34.6124],[127.7221,34.6124]]],[[[127.5663,34.6135],[127.5663,34.6132],[127.566,34.6134],[127.5663,34.6135]]],[[[127.7128,34.6139],[127.7123,34.6135],[127.7118,34.6139],[127.7128,34.6139]]],[[[127.587,34.6143],[127.5847,34.6135],[127.5837,34.6123],[127.5854,34.6152],[127.587,34.6143]]],[[[127.709,34.6159],[127.7079,34.6153],[127.7076,34.6159],[127.709,34.6159]]],[[[127.5386,34.6174],[127.5392,34.6176],[127.5393,34.6173],[127.5386,34.6174]]],[[[127.533,34.5997],[127.5352,34.5977],[127.54,34.5987],[127.5409,34.6021],[127.5378,34.6057],[127.5404,34.6083],[127.5364,34.6098],[127.5341,34.6068],[127.5356,34.606],[127.5348,34.6046],[127.532,34.6053],[127.5303,34.6038],[127.5275,34.606],[127.5262,34.6044],[127.527,34.6027],[127.5256,34.6031],[127.5245,34.6082],[127.5256,34.6094],[127.5221,34.6129],[127.5225,34.6151],[127.5287,34.6173],[127.532,34.6161],[127.5312,34.6143],[127.5342,34.6112],[127.5345,34.6128],[127.5382,34.6136],[127.5408,34.6116],[127.5449,34.6129],[127.5412,34.6157],[127.5445,34.6189],[127.5465,34.6175],[127.5531,34.6185],[127.5499,34.6153],[127.5585,34.6163],[127.5647,34.6127],[127.5656,34.6089],[127.5637,34.6073],[127.5662,34.6052],[127.5614,34.603],[127.5572,34.6029],[127.5561,34.6043],[127.5512,34.6023],[127.5494,34.6],[127.5533,34.5991],[127.55,34.5971],[127.5495,34.5948],[127.5441,34.5978],[127.5397,34.5963],[127.5344,34.5975],[127.533,34.5997]]],[[[127.5149,34.6198],[127.5151,34.6196],[127.5149,34.6196],[127.5149,34.6198]]],[[[127.5146,34.62],[127.5142,34.62],[127.5145,34.62],[127.5146,34.62]]],[[[127.5269,34.6205],[127.5264,34.6205],[127.527,34.6206],[127.5269,34.6205]]],[[[127.5331,34.6243],[127.5329,34.6241],[127.533,34.6244],[127.5331,34.6243]]],[[[127.6252,34.6144],[127.6265,34.6201],[127.6293,34.6232],[127.6372,34.6243],[127.6429,34.6182],[127.6445,34.6182],[127.6434,34.6195],[127.6465,34.6196],[127.6548,34.6086],[127.647,34.6085],[127.6464,34.6105],[127.6429,34.6124],[127.6397,34.6101],[127.6407,34.6058],[127.6388,34.6081],[127.6332,34.6075],[127.6252,34.6144]]],[[[127.6513,34.6252],[127.6517,34.6248],[127.6504,34.6253],[127.6513,34.6252]]],[[[127.5253,34.6268],[127.5254,34.6266],[127.5251,34.6267],[127.5253,34.6268]]],[[[127.5281,34.6241],[127.527,34.6259],[127.5285,34.6269],[127.5288,34.6249],[127.5281,34.6241]]],[[[127.5344,34.6249],[127.5352,34.6265],[127.5379,34.6245],[127.5338,34.6246],[127.5327,34.6271],[127.5344,34.6249]]],[[[127.5298,34.6273],[127.5295,34.6271],[127.5294,34.6271],[127.5298,34.6273]]],[[[127.53,34.629],[127.5297,34.6276],[127.5276,34.6282],[127.53,34.629]]],[[[127.5552,34.6295],[127.5546,34.6293],[127.5544,34.6298],[127.5552,34.6295]]],[[[127.5488,34.6319],[127.5487,34.6317],[127.5486,34.6319],[127.5488,34.6319]]],[[[127.5414,34.6249],[127.5331,34.6277],[127.5358,34.6321],[127.5376,34.6293],[127.5409,34.6295],[127.5413,34.6319],[127.5483,34.6316],[127.5461,34.6294],[127.5467,34.628],[127.5508,34.6295],[127.5518,34.6275],[127.5473,34.6268],[127.541,34.6231],[127.5414,34.6249]]],[[[127.5355,34.6334],[127.5357,34.6328],[127.5351,34.6334],[127.5355,34.6334]]],[[[127.646,34.6329],[127.6461,34.6321],[127.6456,34.6323],[127.646,34.6329]]],[[[127.6471,34.6344],[127.6466,34.6344],[127.6476,34.6357],[127.6471,34.6344]]],[[[127.6483,34.6361],[127.6483,34.6359],[127.648,34.6361],[127.6483,34.6361]]],[[[127.7067,34.636],[127.7074,34.6357],[127.7066,34.6356],[127.7067,34.636]]],[[[127.7081,34.6359],[127.7093,34.6357],[127.7082,34.6357],[127.7081,34.6359]]],[[[127.6503,34.6361],[127.6486,34.6363],[127.6485,34.6365],[127.6503,34.6361]]],[[[127.5405,34.6369],[127.5393,34.637],[127.5392,34.6373],[127.5396,34.6375],[127.5405,34.6369]]],[[[127.7108,34.6371],[127.7144,34.6367],[127.7099,34.6364],[127.7108,34.6371]]],[[[127.5159,34.6259],[127.5166,34.6246],[127.5202,34.6235],[127.5231,34.626],[127.5219,34.6221],[127.5242,34.6209],[127.5206,34.6194],[127.5215,34.6206],[127.5203,34.6219],[127.5149,34.623],[127.5148,34.6256],[127.5113,34.6291],[127.5094,34.6335],[127.5133,34.6384],[127.516,34.6394],[127.5171,34.6348],[127.513,34.6323],[127.5165,34.6301],[127.5158,34.6279],[127.5176,34.6268],[127.5159,34.6259]]],[[[127.518,34.6405],[127.5177,34.64],[127.5173,34.6401],[127.518,34.6405]]],[[[127.5698,34.6406],[127.5689,34.6408],[127.5692,34.6412],[127.5698,34.6406]]],[[[127.5687,34.6271],[127.5524,34.6371],[127.5473,34.6374],[127.5486,34.6398],[127.5477,34.6408],[127.5515,34.642],[127.555,34.638],[127.5678,34.6348],[127.5687,34.6271]]],[[[127.5631,34.6436],[127.5628,34.6435],[127.5632,34.6437],[127.5631,34.6436]]],[[[127.5632,34.6442],[127.5631,34.6439],[127.5629,34.6442],[127.5632,34.6442]]],[[[127.7153,34.6434],[127.7134,34.6414],[127.7119,34.6423],[127.7126,34.6435],[127.7153,34.6434]]],[[[127.7994,34.6468],[127.8007,34.6481],[127.8006,34.6467],[127.7994,34.6468]]],[[[127.7079,34.653],[127.7086,34.6526],[127.7075,34.6527],[127.7079,34.653]]],[[[127.6399,34.6551],[127.6399,34.6548],[127.6395,34.655],[127.6399,34.6551]]],[[[127.5549,34.6556],[127.5561,34.6562],[127.557,34.6556],[127.5549,34.6556]]],[[[127.523,34.657],[127.5228,34.6559],[127.522,34.6562],[127.523,34.657]]],[[[127.5513,34.6582],[127.549,34.6576],[127.551,34.6594],[127.5513,34.6582]]],[[[127.6367,34.6597],[127.6371,34.6577],[127.6389,34.6552],[127.6351,34.6572],[127.6352,34.6592],[127.6367,34.6597]]],[[[127.734,34.6615],[127.732,34.6624],[127.7315,34.664],[127.7329,34.6647],[127.734,34.6615]]],[[[127.7323,34.6664],[127.7316,34.6662],[127.7322,34.6665],[127.7323,34.6664]]],[[[127.7084,34.671],[127.7127,34.6708],[127.713,34.6703],[127.7105,34.6692],[127.7084,34.671]]],[[[127.6835,34.6755],[127.6817,34.6753],[127.6808,34.6757],[127.6824,34.6765],[127.6835,34.6755]]],[[[127.7021,34.6794],[127.7049,34.6767],[127.7047,34.6765],[127.7004,34.6765],[127.6994,34.6789],[127.7021,34.6794]]],[[[127.7433,34.6768],[127.7405,34.6794],[127.7415,34.6825],[127.7439,34.6783],[127.7433,34.6768]]],[[[127.792,34.6861],[127.7916,34.6855],[127.7915,34.6859],[127.792,34.6861]]],[[[127.7043,34.6875],[127.7064,34.6869],[127.7064,34.6859],[127.7052,34.6855],[127.7043,34.6875]]],[[[127.711,34.6862],[127.7098,34.6867],[127.7099,34.6877],[127.7101,34.6878],[127.711,34.6862]]],[[[127.791,34.6874],[127.7916,34.6865],[127.7904,34.6873],[127.791,34.6874]]],[[[127.6988,34.6881],[127.699,34.6879],[127.6987,34.688],[127.6988,34.6881]]],[[[127.7103,34.6899],[127.7098,34.6894],[127.7101,34.69],[127.7103,34.6899]]],[[[127.632,34.6927],[127.632,34.6922],[127.6316,34.6925],[127.632,34.6927]]],[[[127.634,34.6926],[127.6337,34.6925],[127.6337,34.6927],[127.634,34.6926]]],[[[127.7113,34.6927],[127.714,34.6932],[127.7144,34.6928],[127.7113,34.6927]]],[[[127.7934,34.6932],[127.7945,34.6922],[127.7928,34.6927],[127.7934,34.6932]]],[[[127.7883,34.695],[127.7874,34.6944],[127.7872,34.6955],[127.7883,34.695]]],[[[127.6961,34.6959],[127.6951,34.6957],[127.6952,34.6962],[127.6961,34.6959]]],[[[127.6298,34.7041],[127.629,34.7032],[127.6282,34.7047],[127.6298,34.7041]]],[[[127.6478,34.7061],[127.6472,34.7056],[127.6471,34.706],[127.6478,34.7061]]],[[[127.6966,34.7096],[127.6968,34.7086],[127.6954,34.7098],[127.6966,34.7096]]],[[[127.742,34.71],[127.7428,34.7094],[127.7414,34.7096],[127.742,34.71]]],[[[127.7002,34.7108],[127.705,34.7091],[127.7081,34.71],[127.712,34.7023],[127.7055,34.7048],[127.7012,34.7084],[127.7002,34.7108]]],[[[127.7088,34.7116],[127.7107,34.7104],[127.7107,34.7102],[127.7088,34.7116]]],[[[127.6889,34.7119],[127.6901,34.7109],[127.6884,34.7118],[127.6889,34.7119]]],[[[127.7787,34.7118],[127.7787,34.712],[127.7789,34.7118],[127.7787,34.7118]]],[[[127.7071,34.7128],[127.7072,34.7121],[127.7065,34.7125],[127.7071,34.7128]]],[[[127.7363,34.7151],[127.7355,34.7142],[127.7351,34.7148],[127.7363,34.7151]]],[[[127.7104,34.7163],[127.7116,34.7153],[127.7121,34.7122],[127.7095,34.7145],[127.7104,34.7163]]],[[[127.7097,34.7179],[127.7096,34.7176],[127.7092,34.7177],[127.7097,34.7179]]],[[[127.6969,34.7193],[127.6967,34.719],[127.6964,34.7191],[127.6969,34.7193]]],[[[127.6953,34.7197],[127.6957,34.7188],[127.6947,34.7193],[127.6953,34.7197]]],[[[127.7104,34.721],[127.7145,34.7199],[127.7088,34.7199],[127.7104,34.721]]],[[[127.7329,34.7076],[127.7399,34.7075],[127.7423,34.7046],[127.7409,34.703],[127.7371,34.7027],[127.7372,34.699],[127.7205,34.7049],[127.7207,34.7096],[127.7188,34.709],[127.7199,34.7103],[127.7171,34.7132],[127.722,34.7153],[127.7188,34.7192],[127.7214,34.7218],[127.7231,34.7208],[127.7247,34.7223],[127.7265,34.7198],[127.7232,34.7191],[127.7234,34.7181],[127.7315,34.7186],[127.732,34.7152],[127.728,34.7158],[127.7255,34.7117],[127.7282,34.7096],[127.7331,34.7101],[127.7342,34.7085],[127.7329,34.7076]]],[[[127.7133,34.7235],[127.7132,34.7235],[127.7158,34.7243],[127.7133,34.7235]]],[[[127.7248,34.7274],[127.7256,34.728],[127.7256,34.7274],[127.7248,34.7274]]],[[[127.725,34.7286],[127.7252,34.7282],[127.7248,34.7285],[127.725,34.7286]]],[[[127.8031,34.5958],[127.8051,34.5971],[127.8075,34.5964],[127.8052,34.5939],[127.8055,34.5913],[127.801,34.5874],[127.7899,34.5849],[127.7889,34.5865],[127.7848,34.5856],[127.7785,34.59],[127.7758,34.5874],[127.7711,34.5877],[127.7641,34.5936],[127.7495,34.5929],[127.7451,34.5964],[127.7451,34.5997],[127.7433,34.5987],[127.7423,34.5992],[127.7439,34.6],[127.7422,34.5996],[127.7431,34.6004],[127.7419,34.6015],[127.7405,34.6007],[127.7396,34.6012],[127.7418,34.6018],[127.7408,34.6026],[127.739,34.6018],[127.7392,34.6041],[127.7366,34.6055],[127.7385,34.6079],[127.7373,34.6113],[127.7351,34.6118],[127.7343,34.6106],[127.7342,34.6105],[127.735,34.6117],[127.7318,34.6113],[127.7266,34.6148],[127.7254,34.613],[127.7223,34.6132],[127.7228,34.6151],[127.7196,34.6131],[127.7173,34.616],[127.7185,34.6163],[127.7188,34.6166],[127.7162,34.6162],[127.7171,34.6174],[127.7145,34.6207],[127.7105,34.6218],[127.7105,34.6231],[127.7164,34.6264],[127.7157,34.6279],[127.7201,34.6288],[127.7223,34.6332],[127.7245,34.6333],[127.7245,34.6371],[127.7224,34.6375],[127.7247,34.6375],[127.7222,34.6379],[127.7232,34.6386],[127.7196,34.6422],[127.7166,34.6422],[127.7179,34.6433],[127.7167,34.6441],[127.7196,34.646],[127.7222,34.654],[127.7238,34.6556],[127.7308,34.6564],[127.7314,34.6598],[127.7322,34.6583],[127.735,34.6592],[127.7449,34.6663],[127.7439,34.6682],[127.7451,34.6675],[127.7483,34.67],[127.747,34.6749],[127.7498,34.6753],[127.754,34.6819],[127.7599,34.6852],[127.7613,34.6843],[127.7631,34.6877],[127.7563,34.6914],[127.7581,34.6935],[127.7542,34.6978],[127.7567,34.7071],[127.7554,34.7092],[127.7544,34.7088],[127.7541,34.7091],[127.7523,34.715],[127.7469,34.7146],[127.745,34.7207],[127.7415,34.7224],[127.7407,34.725],[127.7423,34.7252],[127.7418,34.7274],[127.737,34.7296],[127.7369,34.7314],[127.7399,34.734],[127.7555,34.7319],[127.7648,34.7253],[127.7729,34.7241],[127.7749,34.7212],[127.7792,34.7211],[127.783,34.717],[127.7868,34.7163],[127.786,34.7095],[127.7903,34.7062],[127.789,34.705],[127.7907,34.7021],[127.7885,34.7023],[127.7889,34.7],[127.7862,34.6995],[127.7863,34.7015],[127.7841,34.7029],[127.7802,34.701],[127.7786,34.7011],[127.779,34.703],[127.7774,34.7038],[127.7763,34.7023],[127.7775,34.7062],[127.7809,34.7079],[127.779,34.7102],[127.7791,34.7119],[127.7784,34.7123],[127.7757,34.7079],[127.7738,34.7073],[127.7751,34.7068],[127.7736,34.7044],[127.7717,34.7053],[127.7707,34.7111],[127.7695,34.7098],[127.766,34.7111],[127.7638,34.7097],[127.7657,34.7049],[127.7705,34.7028],[127.7699,34.7024],[127.7628,34.7064],[127.7605,34.7064],[127.759,34.7039],[127.7658,34.6943],[127.7737,34.6964],[127.7732,34.7001],[127.7763,34.6969],[127.779,34.6969],[127.7789,34.6934],[127.7812,34.6893],[127.777,34.6864],[127.7759,34.6815],[127.783,34.6744],[127.7826,34.6713],[127.7895,34.6697],[127.7933,34.6721],[127.7948,34.6672],[127.8005,34.6671],[127.7973,34.6645],[127.7934,34.6651],[127.7945,34.661],[127.7979,34.6599],[127.8059,34.6611],[127.805,34.6597],[127.8063,34.658],[127.7979,34.6551],[127.7992,34.6527],[127.7956,34.6483],[127.7976,34.6449],[127.7963,34.6443],[127.7953,34.6459],[127.7938,34.6448],[127.7942,34.6427],[127.797,34.6433],[127.7961,34.6423],[127.7996,34.6306],[127.7969,34.6273],[127.7939,34.6286],[127.7947,34.6287],[127.7945,34.6312],[127.7944,34.6298],[127.7929,34.6308],[127.7913,34.6288],[127.7939,34.6234],[127.7903,34.6223],[127.7899,34.6217],[127.79,34.6206],[127.7922,34.6181],[127.7884,34.6159],[127.7912,34.6146],[127.7921,34.6116],[127.7877,34.6065],[127.7935,34.6032],[127.7952,34.6031],[127.7958,34.6051],[127.8023,34.6016],[127.8039,34.5995],[127.8008,34.5978],[127.8031,34.5958]]],[[[127.5649,34.7331],[127.5618,34.7356],[127.5628,34.7373],[127.5659,34.7357],[127.5649,34.7331]]],[[[127.5616,34.7388],[127.5601,34.7376],[127.5602,34.7394],[127.5616,34.7388]]],[[[127.6725,34.7388],[127.672,34.7374],[127.6717,34.7387],[127.6725,34.7388]]],[[[127.5739,34.741],[127.5739,34.7403],[127.573,34.7408],[127.5739,34.741]]],[[[127.5821,34.7422],[127.5819,34.7413],[127.5811,34.7414],[127.5821,34.7422]]],[[[127.6588,34.7411],[127.6571,34.7414],[127.6588,34.7416],[127.6588,34.7411]]],[[[127.7567,34.7418],[127.7567,34.7421],[127.7567,34.7421],[127.7567,34.7418]]],[[[127.665,34.7455],[127.6655,34.7423],[127.6632,34.7408],[127.6625,34.7446],[127.665,34.7455]]],[[[127.4684,34.7464],[127.4683,34.7451],[127.4676,34.7471],[127.4684,34.7464]]],[[[127.5621,34.7493],[127.5644,34.7446],[127.5678,34.7427],[127.5658,34.7425],[127.5653,34.7394],[127.5643,34.7408],[127.5622,34.7401],[127.5625,34.7427],[127.5583,34.7414],[127.5587,34.7484],[127.5607,34.7475],[127.5621,34.7493]]],[[[127.5159,34.7499],[127.516,34.7495],[127.5158,34.7498],[127.5159,34.7499]]],[[[127.7499,34.7482],[127.7505,34.7501],[127.7501,34.748],[127.7516,34.7469],[127.7506,34.7473],[127.7499,34.7482]]],[[[127.496,34.7533],[127.495,34.7534],[127.4947,34.7542],[127.496,34.7533]]],[[[127.5079,34.7552],[127.5076,34.7549],[127.5075,34.7551],[127.5079,34.7552]]],[[[127.511,34.756],[127.5114,34.7561],[127.5114,34.7558],[127.511,34.756]]],[[[127.513,34.7566],[127.5128,34.7561],[127.5128,34.7561],[127.513,34.7566]]],[[[127.5097,34.7607],[127.5145,34.7584],[127.5161,34.7547],[127.5139,34.7567],[127.5119,34.7566],[127.5127,34.7575],[127.5092,34.7585],[127.5097,34.7607]]],[[[127.49,34.7641],[127.4905,34.7638],[127.49,34.7641],[127.49,34.7641]]],[[[127.5059,34.7651],[127.5043,34.7643],[127.5056,34.7662],[127.5059,34.7651]]],[[[127.4919,34.7669],[127.4955,34.7654],[127.4955,34.7612],[127.503,34.7577],[127.5042,34.7553],[127.4994,34.7521],[127.4971,34.7544],[127.4991,34.7549],[127.4974,34.7557],[127.4972,34.7593],[127.491,34.7642],[127.4918,34.7663],[127.4894,34.7651],[127.4919,34.7669]]],[[[127.5026,34.7676],[127.5025,34.767],[127.5023,34.7674],[127.5026,34.7676]]],[[[127.5669,34.7675],[127.5702,34.763],[127.5687,34.7619],[127.5667,34.7632],[127.567,34.7619],[127.5634,34.7613],[127.5594,34.7637],[127.5588,34.7665],[127.5612,34.7679],[127.5598,34.7684],[127.5588,34.7707],[127.5622,34.7702],[127.5619,34.7679],[127.5644,34.7662],[127.5669,34.7675]]],[[[127.5599,34.7727],[127.5597,34.7725],[127.5596,34.7727],[127.5599,34.7727]]],[[[127.5579,34.7827],[127.5573,34.7805],[127.5558,34.7821],[127.5579,34.7827]]],[[[127.5594,34.7875],[127.5589,34.7873],[127.5593,34.7877],[127.5594,34.7875]]],[[[127.5593,34.7909],[127.562,34.7903],[127.5606,34.7883],[127.5593,34.7909]]],[[[127.5324,34.8057],[127.5322,34.8054],[127.5319,34.8056],[127.5324,34.8057]]],[[[127.5241,34.8063],[127.5256,34.807],[127.5257,34.8068],[127.5241,34.8063]]],[[[127.6444,34.8447],[127.6473,34.8416],[127.645,34.8412],[127.6444,34.8447]]],[[[127.6447,34.8478],[127.6455,34.8486],[127.6466,34.8478],[127.6447,34.8478]]],[[[127.6452,34.8509],[127.6445,34.8505],[127.6452,34.8515],[127.6452,34.8509]]],[[[127.637,34.8608],[127.6369,34.8606],[127.6368,34.861],[127.637,34.8608]]],[[[127.7212,34.8611],[127.7207,34.8607],[127.7205,34.8609],[127.7212,34.8611]]],[[[127.6229,34.8477],[127.6139,34.8581],[127.6206,34.8621],[127.6344,34.8477],[127.6229,34.8477]]],[[[127.7227,34.8628],[127.7222,34.8628],[127.7222,34.8629],[127.7227,34.8628]]],[[[127.7198,34.8641],[127.7177,34.864],[127.7173,34.8642],[127.7184,34.8651],[127.7198,34.8641]]],[[[127.7134,34.8672],[127.7131,34.8669],[127.7129,34.8671],[127.7134,34.8672]]],[[[127.731,34.8684],[127.7297,34.8676],[127.7271,34.8677],[127.7298,34.8688],[127.731,34.8684]]],[[[127.6869,34.8682],[127.6856,34.8668],[127.6866,34.8692],[127.6869,34.8682]]],[[[127.6218,34.8698],[127.6228,34.8678],[127.6193,34.8663],[127.6204,34.8692],[127.6218,34.8698]]],[[[127.6155,34.8697],[127.6149,34.87],[127.6161,34.8699],[127.6155,34.8697]]],[[[127.61,34.8677],[127.6087,34.8691],[127.6111,34.8711],[127.6113,34.8707],[127.61,34.8677]]],[[[127.6098,34.8713],[127.6098,34.871],[127.6096,34.8712],[127.6098,34.8713]]],[[[127.6148,34.8711],[127.6142,34.8712],[127.615,34.8712],[127.6148,34.8711]]],[[[127.7019,34.8715],[127.7019,34.871],[127.7013,34.8711],[127.7019,34.8715]]],[[[127.6316,34.8758],[127.6312,34.8756],[127.6312,34.8758],[127.6316,34.8758]]],[[[127.64,34.8775],[127.6399,34.8777],[127.6401,34.8777],[127.64,34.8775]]],[[[127.609,34.882],[127.6079,34.8817],[127.6087,34.8826],[127.609,34.882]]],[[[127.6199,34.8828],[127.6211,34.8813],[127.6232,34.8826],[127.6298,34.8805],[127.6289,34.8753],[127.6236,34.8805],[127.6191,34.8774],[127.6139,34.8799],[127.6116,34.8786],[127.6134,34.8808],[127.6114,34.8809],[127.6111,34.8825],[127.6199,34.8828]]],[[[127.7688,34.8266],[127.7673,34.8249],[127.7692,34.8215],[127.7733,34.8225],[127.7742,34.8211],[127.7686,34.8208],[127.7668,34.8188],[127.7699,34.8133],[127.7665,34.8116],[127.7657,34.8088],[127.7676,34.8084],[127.7684,34.8063],[127.7683,34.8005],[127.7588,34.8009],[127.7558,34.7972],[127.7564,34.7957],[127.7587,34.7955],[127.7548,34.7931],[127.7563,34.7908],[127.7558,34.7852],[127.7523,34.7843],[127.7498,34.7809],[127.7459,34.7805],[127.7446,34.777],[127.745,34.7743],[127.7478,34.774],[127.7466,34.773],[127.7532,34.7652],[127.7536,34.7621],[127.7616,34.7587],[127.7623,34.7536],[127.7613,34.7585],[127.7536,34.7621],[127.7517,34.7546],[127.7611,34.7511],[127.7562,34.7516],[127.7528,34.7538],[127.7484,34.7477],[127.7523,34.7464],[127.7507,34.7449],[127.7526,34.7436],[127.7569,34.743],[127.7553,34.7425],[127.7557,34.7413],[127.7631,34.7447],[127.7645,34.7447],[127.7659,34.7458],[127.766,34.7471],[127.7676,34.7509],[127.7666,34.7528],[127.7677,34.7508],[127.7663,34.7467],[127.7692,34.7449],[127.7679,34.7434],[127.7626,34.7444],[127.7557,34.7412],[127.7556,34.7386],[127.7507,34.736],[127.7456,34.7379],[127.7421,34.7368],[127.733,34.739],[127.7328,34.7305],[127.731,34.7285],[127.726,34.73],[127.7212,34.7259],[127.7164,34.7244],[127.7167,34.7261],[127.709,34.7235],[127.705,34.7214],[127.7053,34.72],[127.6983,34.7211],[127.7002,34.7239],[127.6962,34.7274],[127.6844,34.7341],[127.6824,34.7325],[127.6782,34.7357],[127.6773,34.7384],[127.6739,34.7404],[127.6707,34.7443],[127.6731,34.7435],[127.6726,34.7448],[127.6703,34.7449],[127.6622,34.7516],[127.6615,34.7546],[127.6643,34.756],[127.6625,34.7568],[127.6573,34.7553],[127.6553,34.7496],[127.658,34.7502],[127.6585,34.7464],[127.655,34.746],[127.6557,34.7451],[127.6516,34.7434],[127.6505,34.7375],[127.6483,34.7365],[127.6488,34.7347],[127.6411,34.7269],[127.6423,34.7265],[127.64,34.7241],[127.6396,34.719],[127.6349,34.7189],[127.6395,34.7145],[127.6425,34.7067],[127.6386,34.7064],[127.6354,34.7104],[127.6259,34.7117],[127.6278,34.7149],[127.6268,34.7167],[127.6284,34.7172],[127.625,34.7184],[127.6226,34.7175],[127.6228,34.7154],[127.6206,34.713],[127.6223,34.7123],[127.6219,34.7082],[127.6167,34.7097],[127.6138,34.7069],[127.6134,34.7059],[127.6167,34.7058],[127.6135,34.7028],[127.6166,34.7029],[127.6223,34.7],[127.6241,34.7013],[127.6276,34.6957],[127.6238,34.6945],[127.6234,34.6906],[127.6216,34.6906],[127.6235,34.6891],[127.6231,34.6872],[127.6315,34.6832],[127.6346,34.6854],[127.6391,34.6832],[127.6371,34.6818],[127.6364,34.6832],[127.6344,34.6828],[127.6304,34.6797],[127.6272,34.683],[127.6243,34.6805],[127.6194,34.6846],[127.6172,34.683],[127.6207,34.6803],[127.6209,34.6761],[127.6245,34.678],[127.6267,34.6768],[127.6263,34.6754],[127.6293,34.6747],[127.6292,34.6717],[127.6329,34.6699],[127.6315,34.6654],[127.6351,34.6615],[127.6314,34.6616],[127.6333,34.6581],[127.6282,34.6562],[127.6307,34.6527],[127.6299,34.6494],[127.6314,34.6488],[127.6338,34.6508],[127.6351,34.6488],[127.6374,34.6485],[127.6382,34.6509],[127.6405,34.652],[127.6423,34.6505],[127.64,34.6461],[127.633,34.6467],[127.6365,34.6438],[127.6401,34.6437],[127.6348,34.6417],[127.6346,34.6382],[127.6287,34.6383],[127.6322,34.6357],[127.6382,34.6366],[127.6388,34.6352],[127.6406,34.6372],[127.6407,34.6348],[127.6458,34.6288],[127.6448,34.6278],[127.6357,34.6264],[127.6348,34.6282],[127.6366,34.63],[127.6343,34.6328],[127.6309,34.6329],[127.6276,34.631],[127.6288,34.63],[127.625,34.63],[127.6256,34.6345],[127.6151,34.6434],[127.607,34.6446],[127.5892,34.6521],[127.5819,34.6521],[127.581,34.6502],[127.5795,34.6513],[127.5747,34.648],[127.5761,34.6395],[127.5778,34.639],[127.5821,34.6321],[127.5822,34.6308],[127.5803,34.631],[127.5748,34.6357],[127.5745,34.6397],[127.5711,34.6432],[127.5681,34.65],[127.5652,34.652],[127.5647,34.6548],[127.5631,34.6547],[127.5588,34.6595],[127.5567,34.6575],[127.5538,34.6585],[127.5545,34.66],[127.5515,34.6652],[127.5551,34.6668],[127.5526,34.6694],[127.5578,34.6716],[127.5602,34.6706],[127.5616,34.6715],[127.5613,34.6738],[127.5637,34.6752],[127.5585,34.679],[127.5563,34.679],[127.5556,34.6773],[127.5505,34.6822],[127.5528,34.6826],[127.5511,34.6856],[127.5532,34.6876],[127.5511,34.6891],[127.5531,34.6934],[127.5591,34.6936],[127.5585,34.6955],[127.556,34.6961],[127.5582,34.6997],[127.5596,34.7006],[127.5627,34.6981],[127.5686,34.6996],[127.574,34.6988],[127.5802,34.6931],[127.5825,34.692],[127.5772,34.7],[127.577,34.702],[127.5779,34.7023],[127.5789,34.7033],[127.5757,34.702],[127.5728,34.7027],[127.5724,34.7048],[127.5677,34.7032],[127.5659,34.7006],[127.5623,34.7044],[127.5632,34.709],[127.5578,34.7076],[127.5591,34.7032],[127.5574,34.7015],[127.5556,34.7024],[127.5556,34.7007],[127.5533,34.7009],[127.5539,34.7041],[127.5559,34.7048],[127.555,34.7068],[127.5563,34.7102],[127.5547,34.7106],[127.5567,34.7138],[127.5548,34.7145],[127.5517,34.7113],[127.5488,34.7112],[127.549,34.7132],[127.5524,34.7158],[127.5518,34.7198],[127.5563,34.7189],[127.5571,34.721],[127.5639,34.7239],[127.5635,34.7281],[127.5605,34.7268],[127.5597,34.728],[127.5619,34.7297],[127.5613,34.7318],[127.5658,34.7305],[127.5656,34.7286],[127.5672,34.7279],[127.5769,34.7317],[127.5799,34.7356],[127.5771,34.7369],[127.5785,34.7391],[127.5842,34.7395],[127.5832,34.7414],[127.5846,34.743],[127.5827,34.7454],[127.5848,34.7463],[127.5928,34.7437],[127.5941,34.7484],[127.5904,34.7511],[127.5866,34.7492],[127.5842,34.7505],[127.5906,34.7534],[127.5902,34.7575],[127.5853,34.7674],[127.5816,34.7691],[127.5791,34.7609],[127.5724,34.7602],[127.5739,34.7646],[127.5731,34.7661],[127.5753,34.7697],[127.5732,34.7711],[127.5721,34.7746],[127.5685,34.7773],[127.5665,34.7754],[127.5648,34.7772],[127.5611,34.7754],[127.5612,34.777],[127.5589,34.7775],[127.5636,34.7803],[127.5705,34.7787],[127.573,34.7822],[127.5725,34.784],[127.5698,34.7828],[127.5687,34.784],[127.5655,34.7926],[127.5612,34.7934],[127.5608,34.7955],[127.5579,34.7961],[127.558,34.8001],[127.5596,34.8001],[127.5607,34.8025],[127.5578,34.807],[127.5542,34.8092],[127.5515,34.8077],[127.5457,34.8104],[127.543,34.8092],[127.5433,34.8063],[127.5391,34.8069],[127.5386,34.8051],[127.5295,34.8079],[127.5305,34.8084],[127.5274,34.8113],[127.5254,34.8092],[127.5229,34.81],[127.5244,34.8113],[127.5238,34.8158],[127.526,34.8155],[127.5248,34.818],[127.5268,34.8226],[127.5376,34.8308],[127.5398,34.8362],[127.5433,34.839],[127.5433,34.8452],[127.5451,34.8476],[127.5433,34.8498],[127.551,34.8561],[127.5497,34.8594],[127.5507,34.8639],[127.5413,34.8678],[127.5416,34.8694],[127.5355,34.8781],[127.5408,34.8847],[127.5464,34.8863],[127.5494,34.8895],[127.5562,34.8868],[127.5629,34.8878],[127.5674,34.8851],[127.5828,34.8854],[127.5937,34.8901],[127.5997,34.8986],[127.6136,34.8924],[127.5904,34.8773],[127.5895,34.8748],[127.6001,34.8619],[127.6041,34.861],[127.6042,34.859],[127.6027,34.8594],[127.6024,34.8579],[127.6043,34.8533],[127.611,34.8482],[127.61,34.8531],[127.6131,34.8543],[127.6181,34.8481],[127.6234,34.8445],[127.6272,34.8444],[127.6292,34.8465],[127.6332,34.845],[127.6352,34.8467],[127.6385,34.8444],[127.6354,34.8427],[127.6347,34.8386],[127.6295,34.8389],[127.6268,34.8408],[127.6267,34.835],[127.6294,34.8326],[127.6279,34.8337],[127.6265,34.8326],[127.6266,34.8299],[127.6311,34.8278],[127.6339,34.8296],[127.6362,34.828],[127.6394,34.8312],[127.6429,34.8305],[127.6616,34.8446],[127.6701,34.8369],[127.6801,34.8448],[127.695,34.8647],[127.6968,34.8638],[127.6965,34.8612],[127.6984,34.8592],[127.71,34.8583],[127.7183,34.8589],[127.7179,34.8599],[127.7209,34.858],[127.728,34.8621],[127.7299,34.8613],[127.7261,34.8597],[127.7243,34.8581],[127.7257,34.8559],[127.725,34.8582],[127.7289,34.8595],[127.7332,34.8578],[127.7337,34.8548],[127.7435,34.8508],[127.7425,34.8569],[127.7398,34.8615],[127.7491,34.8614],[127.7497,34.8598],[127.7521,34.8602],[127.7509,34.8615],[127.7566,34.8615],[127.7629,34.8637],[127.7727,34.8616],[127.775,34.8595],[127.7762,34.8546],[127.7747,34.8375],[127.7676,34.8315],[127.7688,34.8266]]],[[[127.7272,34.8922],[127.733,34.8913],[127.7334,34.8952],[127.736,34.8932],[127.7437,34.8924],[127.7507,34.878],[127.7461,34.8734],[127.7277,34.8744],[127.7224,34.8716],[127.723,34.8684],[127.7172,34.8682],[127.7164,34.872],[127.7132,34.873],[127.7118,34.8712],[127.7086,34.8727],[127.7044,34.8706],[127.7027,34.8733],[127.698,34.8731],[127.7012,34.8752],[127.7003,34.8774],[127.6932,34.8813],[127.6921,34.8836],[127.6928,34.8859],[127.6984,34.8885],[127.6973,34.8899],[127.6983,34.8925],[127.7032,34.8929],[127.7046,34.8955],[127.7054,34.8947],[127.7106,34.8985],[127.7192,34.8986],[127.7265,34.8926],[127.727,34.8923],[127.7278,34.8931],[127.728,34.893],[127.7272,34.8922]]]]}},{"id":"155","type":"Feature","properties":{"name":"순천시"},"geometry":{"type":"MultiPolygon","coordinates":[[[[127.4384,34.8271],[127.4397,34.8268],[127.4402,34.8262],[127.4399,34.8261],[127.4384,34.8271]]],[[[127.5179,34.8513],[127.5176,34.851],[127.5174,34.8512],[127.5179,34.8513]]],[[[127.4151,35.1891],[127.4355,35.1785],[127.4454,35.1687],[127.4571,35.1625],[127.4668,35.1612],[127.4727,35.155],[127.4813,35.1522],[127.4854,35.1485],[127.4868,35.1446],[127.4905,35.143],[127.4929,35.1377],[127.498,35.1336],[127.4981,35.1305],[127.4961,35.1276],[127.5032,35.1244],[127.5116,35.1241],[127.5187,35.1258],[127.521,35.1189],[127.5263,35.1164],[127.5277,35.1135],[127.5319,35.1125],[127.5319,35.1087],[127.535,35.1055],[127.5333,35.1054],[127.5324,35.0986],[127.529,35.0948],[127.5319,35.0838],[127.5273,35.0786],[127.5256,35.0731],[127.528,35.06],[127.5339,35.0557],[127.5368,35.0501],[127.5575,35.0356],[127.5564,35.0298],[127.5606,35.0249],[127.5577,35.0191],[127.5581,35.0157],[127.5604,35.0095],[127.565,35.0072],[127.5678,35.0016],[127.5582,34.9979],[127.5543,34.9943],[127.5519,34.9877],[127.5497,34.9873],[127.5575,34.978],[127.5537,34.9735],[127.5494,34.9734],[127.5462,34.9713],[127.5493,34.9652],[127.5506,34.9655],[127.5476,34.9616],[127.5478,34.9591],[127.5588,34.953],[127.5599,34.9505],[127.5576,34.9463],[127.5629,34.9467],[127.5664,34.9431],[127.5662,34.9413],[127.569,34.9402],[127.5738,34.9405],[127.5749,34.943],[127.578,34.9411],[127.5768,34.9199],[127.5788,34.9189],[127.5783,34.9155],[127.5831,34.9077],[127.5806,34.9045],[127.5749,34.9029],[127.5748,34.904],[127.5742,34.9044],[127.5728,34.9013],[127.5809,34.904],[127.583,34.906],[127.5836,34.9092],[127.5793,34.9159],[127.5793,34.9182],[127.5856,34.9187],[127.5895,34.9094],[127.5926,34.8954],[127.5902,34.8939],[127.5927,34.895],[127.5937,34.8901],[127.5875,34.8876],[127.5848,34.8905],[127.5774,34.8909],[127.577,34.8962],[127.5741,34.9015],[127.5719,34.9011],[127.5756,34.898],[127.5766,34.8938],[127.5733,34.8907],[127.5712,34.891],[127.5699,34.8908],[127.5698,34.8934],[127.5697,34.8903],[127.574,34.8904],[127.574,34.8893],[127.5748,34.8884],[127.575,34.8897],[127.5841,34.8892],[127.5859,34.8868],[127.582,34.8852],[127.5793,34.8861],[127.5724,34.8847],[127.5666,34.8853],[127.5618,34.8879],[127.5535,34.8874],[127.5494,34.8895],[127.5464,34.8863],[127.5384,34.8829],[127.5355,34.8781],[127.5416,34.8694],[127.5413,34.8678],[127.5498,34.8649],[127.5508,34.8631],[127.5497,34.8594],[127.5508,34.8556],[127.5433,34.8498],[127.5451,34.8475],[127.5405,34.8422],[127.5297,34.8418],[127.5251,34.8454],[127.5238,34.8439],[127.5224,34.8434],[127.5218,34.844],[127.5224,34.8436],[127.5243,34.8453],[127.5259,34.8455],[127.5224,34.8501],[127.5241,34.8526],[127.5219,34.8567],[127.5229,34.8578],[127.5194,34.8603],[127.5223,34.8612],[127.5223,34.8613],[127.5206,34.8608],[127.5191,34.8623],[127.5196,34.8626],[127.5202,34.8624],[127.5206,34.8627],[127.519,34.863],[127.5197,34.8643],[127.5166,34.864],[127.5159,34.866],[127.5174,34.8665],[127.5165,34.8725],[127.5179,34.879],[127.5189,34.8814],[127.5208,34.8818],[127.5142,34.8819],[127.5203,34.8898],[127.5239,34.8903],[127.5257,34.8896],[127.5271,34.8898],[127.5275,34.89],[127.5246,34.8906],[127.5204,34.8904],[127.5169,34.8873],[127.5131,34.8868],[127.5115,34.8837],[127.5091,34.8842],[127.5114,34.8834],[127.5146,34.8785],[127.5054,34.8762],[127.5042,34.8746],[127.5023,34.8747],[127.5007,34.8771],[127.4976,34.8767],[127.4971,34.8748],[127.4918,34.8753],[127.4907,34.8795],[127.4875,34.8772],[127.4821,34.8834],[127.4814,34.8829],[127.4832,34.8805],[127.4813,34.8787],[127.4833,34.8804],[127.4877,34.8766],[127.4907,34.8765],[127.4909,34.8668],[127.4905,34.866],[127.4885,34.8669],[127.486,34.8666],[127.4906,34.8659],[127.4914,34.8674],[127.4939,34.867],[127.4936,34.864],[127.4922,34.864],[127.4944,34.8633],[127.4938,34.8611],[127.4949,34.8609],[127.4939,34.8582],[127.4905,34.858],[127.4896,34.8551],[127.4927,34.8521],[127.4919,34.8486],[127.4934,34.8463],[127.491,34.846],[127.4857,34.8403],[127.484,34.8398],[127.4846,34.8409],[127.483,34.8419],[127.4725,34.845],[127.4669,34.8449],[127.4613,34.8401],[127.4574,34.8411],[127.4504,34.8395],[127.449,34.8357],[127.4501,34.8332],[127.4472,34.8368],[127.44,34.8364],[127.4364,34.8441],[127.4372,34.8456],[127.4393,34.8444],[127.442,34.8449],[127.4397,34.8456],[127.4431,34.849],[127.4448,34.8548],[127.4431,34.8498],[127.4388,34.8461],[127.4365,34.8469],[127.4389,34.8503],[127.4378,34.8507],[127.4391,34.8512],[127.4408,34.855],[127.4405,34.8553],[127.4377,34.8519],[127.4341,34.842],[127.4324,34.836],[127.4334,34.8345],[127.4276,34.8354],[127.426,34.8346],[127.426,34.8323],[127.4218,34.8317],[127.417,34.8327],[127.4161,34.8368],[127.4161,34.8349],[127.4103,34.8395],[127.3994,34.8442],[127.3988,34.8423],[127.392,34.8398],[127.3803,34.8427],[127.3788,34.8445],[127.3794,34.8474],[127.3773,34.8498],[127.379,34.8524],[127.3673,34.8624],[127.3668,34.8677],[127.3621,34.8673],[127.3564,34.8642],[127.3505,34.8678],[127.3441,34.8659],[127.3374,34.8678],[127.3396,34.8704],[127.3404,34.8776],[127.3365,34.8824],[127.3359,34.8898],[127.331,34.8882],[127.3248,34.8825],[127.3236,34.8874],[127.3164,34.8914],[127.3165,34.8945],[127.3065,34.903],[127.3025,34.9004],[127.2996,34.9018],[127.2948,34.9005],[127.2919,34.9017],[127.2863,34.8977],[127.2829,34.8973],[127.2802,34.8931],[127.2739,34.8901],[127.2649,34.8893],[127.2626,34.8921],[127.2571,34.8853],[127.2525,34.8841],[127.2514,34.8858],[127.245,34.8858],[127.2412,34.8876],[127.2361,34.894],[127.2274,34.895],[127.2249,34.8993],[127.2286,34.9015],[127.2278,34.9049],[127.2298,34.9065],[127.2294,34.9092],[127.2329,34.9162],[127.232,34.9176],[127.2347,34.9201],[127.2404,34.9211],[127.2366,34.9255],[127.2372,34.928],[127.2323,34.9344],[127.2323,34.9364],[127.2238,34.9399],[127.2248,34.9472],[127.2212,34.9554],[127.219,34.9572],[127.2106,34.9582],[127.2079,34.964],[127.2037,34.9675],[127.209,34.9714],[127.209,34.973],[127.205,34.975],[127.2005,34.9859],[127.1968,34.9873],[127.1889,34.9813],[127.1889,34.9796],[127.1909,34.9788],[127.1911,34.9711],[127.1891,34.9679],[127.1834,34.9684],[127.1748,34.9781],[127.1792,34.9851],[127.1749,34.9886],[127.1779,34.9947],[127.1758,34.9979],[127.178,35.0025],[127.1775,35.0057],[127.1825,35.0111],[127.1877,35.0124],[127.1857,35.02],[127.1873,35.028],[127.1828,35.0358],[127.1848,35.0415],[127.1839,35.0487],[127.1865,35.0527],[127.1854,35.0561],[127.1924,35.064],[127.1856,35.0692],[127.1859,35.0923],[127.1826,35.0925],[127.1817,35.095],[127.1831,35.0989],[127.1873,35.1019],[127.1876,35.1066],[127.1905,35.1102],[127.1908,35.1123],[127.1876,35.1169],[127.1897,35.1192],[127.1875,35.1233],[127.1917,35.1275],[127.1922,35.1301],[127.1978,35.1317],[127.2042,35.129],[127.2138,35.1328],[127.2189,35.1296],[127.2181,35.1219],[127.2195,35.1185],[127.2322,35.1154],[127.2351,35.1103],[127.2417,35.1081],[127.2411,35.1021],[127.2431,35.1011],[127.2458,35.1019],[127.2454,35.11],[127.2468,35.1102],[127.2531,35.102],[127.26,35.0969],[127.2614,35.0892],[127.2584,35.0874],[127.2581,35.0853],[127.2596,35.0873],[127.2596,35.0836],[127.2614,35.082],[127.2724,35.0862],[127.2793,35.0912],[127.2822,35.0848],[127.2922,35.0865],[127.2986,35.0817],[127.3005,35.0762],[127.3044,35.0771],[127.3131,35.0756],[127.3226,35.0695],[127.3305,35.0725],[127.336,35.0784],[127.3379,35.0813],[127.3353,35.0879],[127.3371,35.0925],[127.3446,35.0984],[127.3498,35.0988],[127.359,35.0964],[127.3759,35.101],[127.3788,35.1078],[127.3825,35.1118],[127.3821,35.1167],[127.3865,35.122],[127.3861,35.1262],[127.3956,35.1287],[127.4018,35.1356],[127.4001,35.1387],[127.4044,35.1435],[127.4104,35.1464],[127.4123,35.1572],[127.4097,35.1606],[127.4116,35.1686],[127.407,35.1752],[127.4068,35.1799],[127.4096,35.1881],[127.4143,35.1872],[127.4151,35.1891]]]]}},{"id":"156","type":"Feature","properties":{"name":"나주시"},"geometry":{"type":"Polygon","coordinates":[[[126.6571,35.1133],[126.6634,35.1148],[126.6693,35.112],[126.669,35.1079],[126.667,35.1066],[126.6694,35.1046],[126.6763,35.1049],[126.6805,35.1079],[126.6819,35.1074],[126.6844,35.1076],[126.6832,35.1114],[126.6849,35.112],[126.6899,35.1112],[126.6922,35.1081],[126.6939,35.1091],[126.696,35.1075],[126.7,35.1091],[126.7016,35.1123],[126.7054,35.113],[126.7088,35.1095],[126.7159,35.1107],[126.7195,35.1084],[126.7284,35.1074],[126.7313,35.1081],[126.7307,35.1121],[126.7327,35.1129],[126.7355,35.1079],[126.7491,35.1016],[126.7543,35.0917],[126.7619,35.091],[126.7633,35.0843],[126.7656,35.0827],[126.7648,35.0788],[126.7714,35.0702],[126.767,35.0682],[126.757,35.0684],[126.7532,35.0648],[126.7567,35.0582],[126.7605,35.063],[126.7663,35.0639],[126.7686,35.0607],[126.7675,35.0557],[126.7728,35.0529],[126.7816,35.0538],[126.7914,35.0604],[126.7952,35.0611],[126.7969,35.059],[126.8015,35.0582],[126.8049,35.0516],[126.8074,35.0509],[126.8114,35.0532],[126.8185,35.0527],[126.8219,35.0599],[126.8265,35.0625],[126.836,35.0639],[126.8369,35.0662],[126.8441,35.0654],[126.8484,35.0722],[126.8538,35.0743],[126.8556,35.0784],[126.8611,35.0789],[126.8645,35.0756],[126.8717,35.0743],[126.8854,35.0816],[126.892,35.078],[126.8909,35.0761],[126.8946,35.0744],[126.8958,35.072],[126.8945,35.065],[126.8959,35.0636],[126.8933,35.0626],[126.8978,35.0581],[126.899,35.0542],[126.8913,35.0496],[126.8899,35.0461],[126.8921,35.0448],[126.8924,35.042],[126.8905,35.038],[126.8853,35.0355],[126.8837,35.0321],[126.8811,35.0317],[126.8825,35.0215],[126.8743,35.0189],[126.8681,35.0096],[126.8843,35.0032],[126.8869,35.0001],[126.8902,34.999],[126.8912,34.9955],[126.8947,34.9928],[126.8923,34.9832],[126.8853,34.9797],[126.8833,34.9723],[126.8768,34.9668],[126.8785,34.9625],[126.8822,34.9603],[126.8816,34.9576],[126.8792,34.9557],[126.8784,34.9498],[126.8735,34.9477],[126.8665,34.9396],[126.8681,34.9348],[126.8718,34.9326],[126.8733,34.927],[126.8711,34.922],[126.869,34.9214],[126.8695,34.9174],[126.8725,34.9147],[126.8715,34.9068],[126.8763,34.9036],[126.8764,34.8989],[126.8718,34.8959],[126.8709,34.8911],[126.8641,34.8896],[126.8602,34.887],[126.85,34.8865],[126.8444,34.8845],[126.8403,34.8807],[126.8352,34.8802],[126.8335,34.8775],[126.8239,34.8711],[126.8201,34.871],[126.8114,34.8744],[126.8102,34.8694],[126.8055,34.8679],[126.8013,34.8699],[126.8011,34.8732],[126.7944,34.8779],[126.785,34.8796],[126.7834,34.8817],[126.7842,34.8848],[126.7764,34.8894],[126.7738,34.8936],[126.7661,34.8995],[126.7634,34.9],[126.7603,34.8976],[126.7505,34.8961],[126.7437,34.8981],[126.7447,34.8956],[126.7391,34.8943],[126.7334,34.8905],[126.7258,34.8893],[126.7199,34.8933],[126.7206,34.8999],[126.7163,34.905],[126.7134,34.9071],[126.7115,34.9065],[126.7112,34.9091],[126.7129,34.9094],[126.7158,34.9177],[126.7062,34.9245],[126.7064,34.927],[126.7031,34.9305],[126.7025,34.9354],[126.6992,34.9404],[126.6883,34.9427],[126.6855,34.9458],[126.6829,34.9444],[126.6759,34.9463],[126.6688,34.9448],[126.6621,34.9335],[126.663,34.927],[126.6652,34.9277],[126.6691,34.9254],[126.672,34.9205],[126.6765,34.9169],[126.6772,34.9141],[126.6733,34.9109],[126.6774,34.9098],[126.6761,34.9063],[126.6772,34.9009],[126.6826,34.8941],[126.6801,34.8924],[126.6749,34.8927],[126.6746,34.8882],[126.6734,34.888],[126.6774,34.8836],[126.6754,34.8821],[126.6725,34.8818],[126.6692,34.8869],[126.6646,34.8875],[126.6641,34.892],[126.6612,34.8935],[126.6516,34.8936],[126.65,34.8886],[126.6439,34.8913],[126.6399,34.889],[126.6315,34.8888],[126.6325,34.8938],[126.6287,34.8946],[126.6287,34.899],[126.6344,34.8976],[126.6354,34.9011],[126.6316,34.9164],[126.6283,34.9188],[126.6289,34.9212],[126.6241,34.9215],[126.6214,34.9194],[126.622,34.9215],[126.624,34.9216],[126.6202,34.9225],[126.622,34.9245],[126.6189,34.9236],[126.6189,34.9258],[126.6153,34.9249],[126.6141,34.9266],[126.6132,34.9254],[126.6147,34.9245],[126.6123,34.9226],[126.6103,34.9237],[126.6117,34.9263],[126.6086,34.9268],[126.6068,34.9254],[126.6049,34.9301],[126.6002,34.9283],[126.6028,34.9259],[126.6029,34.9234],[126.5977,34.9235],[126.5957,34.9256],[126.5938,34.9246],[126.593,34.9224],[126.5955,34.9207],[126.5921,34.9187],[126.5958,34.9152],[126.5933,34.9144],[126.59,34.9187],[126.5867,34.9169],[126.5814,34.9196],[126.5745,34.9151],[126.5732,34.9078],[126.58,34.9053],[126.58,34.8958],[126.5746,34.8945],[126.5718,34.8919],[126.5721,34.882],[126.568,34.8751],[126.5603,34.8693],[126.5559,34.8696],[126.5455,34.8869],[126.5332,34.8959],[126.514,34.9186],[126.5139,34.9242],[126.5194,34.9286],[126.5248,34.9287],[126.5302,34.9254],[126.5357,34.918],[126.5411,34.9183],[126.5424,34.9199],[126.5416,34.9272],[126.5313,34.9408],[126.5292,34.9496],[126.5421,34.9776],[126.5461,34.9832],[126.556,34.9886],[126.5605,34.9886],[126.5655,34.9858],[126.568,34.9827],[126.5708,34.9742],[126.5737,34.9735],[126.5784,34.9748],[126.5815,34.9779],[126.5841,34.985],[126.5881,34.9897],[126.5988,34.9964],[126.5985,34.998],[126.5961,34.9956],[126.592,34.9963],[126.5965,34.9998],[126.5934,35.0054],[126.5943,35.0065],[126.5957,35.0042],[126.5988,35.0072],[126.599,35.0123],[126.5887,35.0128],[126.5858,35.0152],[126.5921,35.0224],[126.5924,35.025],[126.594,35.0258],[126.5925,35.0271],[126.5946,35.028],[126.5933,35.0344],[126.5905,35.0366],[126.5913,35.0386],[126.5887,35.0413],[126.5915,35.0425],[126.5914,35.0438],[126.5899,35.0427],[126.5916,35.0455],[126.588,35.0463],[126.5911,35.0506],[126.5876,35.055],[126.591,35.0593],[126.5891,35.0627],[126.5923,35.0678],[126.5902,35.0697],[126.5973,35.0923],[126.5951,35.0984],[126.5997,35.0999],[126.6046,35.0993],[126.6061,35.0948],[126.618,35.0905],[126.6197,35.088],[126.6232,35.0869],[126.6278,35.0919],[126.646,35.0977],[126.6477,35.0995],[126.6471,35.1038],[126.6546,35.1082],[126.6556,35.1108],[126.6546,35.1143],[126.6571,35.1133]]]}},{"id":"157","type":"Feature","properties":{"name":"광양시"},"geometry":{"type":"MultiPolygon","coordinates":[[[[127.7381,34.9068],[127.7352,34.9078],[127.7385,34.9081],[127.7381,34.9068]]],[[[127.5997,34.8986],[127.5937,34.8901],[127.5895,34.9094],[127.5856,34.9187],[127.5906,34.9187],[127.593,34.9161],[127.5943,34.917],[127.5955,34.9158],[127.5942,34.9149],[127.6104,34.898],[127.6087,34.8968],[127.6135,34.8948],[127.6122,34.8939],[127.6136,34.8924],[127.5997,34.8986]]],[[[127.6775,34.9293],[127.6871,34.9235],[127.6932,34.917],[127.6732,34.9044],[127.6648,34.9108],[127.6638,34.9131],[127.6658,34.9189],[127.6712,34.9251],[127.6725,34.93],[127.6764,34.9291],[127.6726,34.9302],[127.6775,34.9293]]],[[[127.7762,34.8866],[127.7619,34.8929],[127.762,34.902],[127.76,34.9024],[127.762,34.9034],[127.7612,34.9086],[127.7484,34.9085],[127.7483,34.9066],[127.744,34.9067],[127.7439,34.9088],[127.7347,34.9081],[127.7344,34.9074],[127.7097,34.9118],[127.7081,34.9132],[127.7044,34.9127],[127.7055,34.9237],[127.7043,34.9296],[127.7149,34.9325],[127.7153,34.938],[127.7248,34.9483],[127.7296,34.9498],[127.7313,34.9519],[127.7361,34.9471],[127.7397,34.9458],[127.7354,34.9352],[127.7374,34.9323],[127.7651,34.9316],[127.7844,34.9155],[127.7842,34.8866],[127.7762,34.8866]],[[127.7664,34.896],[127.7813,34.8962],[127.7813,34.8911],[127.784,34.891],[127.7831,34.9113],[127.772,34.9114],[127.772,34.9146],[127.7684,34.9146],[127.7683,34.9086],[127.7667,34.9086],[127.7664,34.896]],[[127.7829,34.8908],[127.7839,34.8873],[127.784,34.8908],[127.7829,34.8908]]],[[[127.7268,34.9519],[127.7263,34.9519],[127.7267,34.9522],[127.7268,34.9519]]],[[[127.761,34.9602],[127.7689,34.9519],[127.7681,34.9494],[127.767,34.95],[127.7684,34.9458],[127.7659,34.9422],[127.7658,34.941],[127.7686,34.941],[127.7685,34.9338],[127.7455,34.9339],[127.7407,34.9437],[127.7408,34.9512],[127.7579,34.9599],[127.761,34.9602]]],[[[127.7603,34.9635],[127.7594,34.9631],[127.7592,34.964],[127.7603,34.9635]]],[[[127.6718,34.9326],[127.67,34.9254],[127.6646,34.9187],[127.6627,34.9126],[127.6629,34.9107],[127.6677,34.9083],[127.671,34.9031],[127.6393,34.8838],[127.6349,34.8883],[127.6402,34.8915],[127.6281,34.9036],[127.6546,34.908],[127.6565,34.9089],[127.6571,34.9101],[127.6501,34.9078],[127.6485,34.9086],[127.6358,34.9063],[127.6351,34.9067],[127.6346,34.9079],[127.6343,34.9084],[127.6338,34.9086],[127.6337,34.9086],[127.6345,34.9072],[127.6304,34.9048],[127.626,34.9064],[127.6268,34.9053],[127.6209,34.9034],[127.6201,34.9043],[127.6226,34.9062],[127.6165,34.9134],[127.6143,34.9121],[127.6129,34.9197],[127.6114,34.9204],[127.61,34.919],[127.6048,34.9281],[127.6049,34.9472],[127.6062,34.9474],[127.6067,34.9495],[127.6056,34.9478],[127.6019,34.9503],[127.5998,34.9582],[127.5999,34.9488],[127.5964,34.9475],[127.5998,34.9466],[127.6017,34.9492],[127.6041,34.942],[127.6021,34.9386],[127.5997,34.9384],[127.5988,34.9265],[127.5803,34.9221],[127.5784,34.9187],[127.5768,34.9199],[127.578,34.9411],[127.5749,34.943],[127.5738,34.9405],[127.569,34.9402],[127.5662,34.9413],[127.5664,34.9431],[127.5629,34.9467],[127.5576,34.9463],[127.5599,34.9505],[127.5588,34.953],[127.552,34.9561],[127.5476,34.9601],[127.5506,34.9655],[127.5493,34.9652],[127.5462,34.9713],[127.5494,34.9734],[127.5537,34.9735],[127.5575,34.978],[127.5497,34.9873],[127.5519,34.9877],[127.5543,34.9943],[127.5582,34.9979],[127.5678,35.0016],[127.565,35.0072],[127.5604,35.0095],[127.5581,35.0157],[127.5577,35.0191],[127.5606,35.0249],[127.5564,35.0298],[127.5575,35.0356],[127.5368,35.0501],[127.5339,35.0557],[127.528,35.06],[127.5279,35.0639],[127.526,35.0663],[127.5268,35.0778],[127.5319,35.0841],[127.529,35.0948],[127.5313,35.096],[127.5339,35.1058],[127.5523,35.0947],[127.5593,35.0955],[127.5638,35.1021],[127.5638,35.1083],[127.5803,35.1152],[127.5838,35.119],[127.5907,35.1197],[127.5948,35.1221],[127.6041,35.1185],[127.6055,35.1301],[127.6042,35.1332],[127.6069,35.1421],[127.6046,35.1439],[127.6039,35.1469],[127.6069,35.1592],[127.6107,35.1647],[127.6157,35.1684],[127.6161,35.1731],[127.6201,35.1774],[127.62,35.18],[127.624,35.1827],[127.6275,35.1816],[127.632,35.1762],[127.6375,35.1731],[127.6484,35.1604],[127.6593,35.159],[127.6602,35.157],[127.6757,35.1473],[127.6887,35.1352],[127.6946,35.125],[127.6949,35.1063],[127.6973,35.1018],[127.7066,35.0954],[127.7161,35.0835],[127.7364,35.0736],[127.7399,35.0634],[127.7433,35.061],[127.7515,35.0567],[127.7653,35.0536],[127.7697,35.0465],[127.7716,35.0337],[127.7788,35.0247],[127.7848,35.0209],[127.7864,35.0169],[127.7868,35.0102],[127.7813,34.9969],[127.78,34.9892],[127.7716,34.9811],[127.764,34.9767],[127.7594,34.9668],[127.7575,34.9668],[127.7541,34.9623],[127.7443,34.9601],[127.7365,34.9556],[127.7321,34.9623],[127.7335,34.967],[127.7318,34.9756],[127.7275,34.9762],[127.7271,34.9648],[127.7311,34.955],[127.7264,34.9523],[127.7248,34.9494],[127.7177,34.9445],[127.7115,34.9373],[127.7118,34.9358],[127.7011,34.932],[127.6993,34.9295],[127.6994,34.9263],[127.696,34.9231],[127.6978,34.9224],[127.6958,34.919],[127.6809,34.9294],[127.6718,34.9326]]]]}},{"id":"158","type":"Feature","properties":{"name":"담양군"},"geometry":{"type":"Polygon","coordinates":[[[126.8542,35.2945],[126.8613,35.3012],[126.8617,35.3073],[126.8602,35.3103],[126.8625,35.3139],[126.8627,35.3179],[126.8612,35.321],[126.8628,35.3224],[126.8744,35.3231],[126.8803,35.3214],[126.8878,35.326],[126.8793,35.3399],[126.8758,35.3424],[126.879,35.3523],[126.883,35.3509],[126.8842,35.3621],[126.887,35.3651],[126.8956,35.3661],[126.8984,35.3719],[126.903,35.3733],[126.9029,35.3778],[126.9135,35.3824],[126.9149,35.3871],[126.9219,35.3803],[126.9243,35.3799],[126.9245,35.3835],[126.9265,35.3851],[126.924,35.3926],[126.9257,35.3969],[126.9246,35.3994],[126.9195,35.4019],[126.9201,35.4031],[126.9332,35.4061],[126.9321,35.4016],[126.93,35.4002],[126.9326,35.3985],[126.9329,35.3952],[126.9356,35.3944],[126.9403,35.3962],[126.9413,35.3941],[126.9488,35.3962],[126.9522,35.395],[126.9543,35.3966],[126.9631,35.395],[126.9761,35.4],[126.976,35.4073],[126.9716,35.4143],[126.9703,35.4198],[126.9714,35.4277],[126.9769,35.4281],[126.9816,35.4266],[126.983,35.43],[126.9851,35.4301],[126.9834,35.4338],[126.9853,35.4367],[126.9945,35.4398],[126.995,35.4437],[126.998,35.4461],[127.0002,35.4524],[126.998,35.4573],[127.0,35.4629],[127.003,35.4645],[127.0099,35.4617],[127.0143,35.4578],[127.0239,35.4642],[127.0275,35.4637],[127.0347,35.4666],[127.0365,35.4598],[127.0349,35.457],[127.035,35.4476],[127.0383,35.4377],[127.0374,35.4339],[127.0402,35.4318],[127.0446,35.4335],[127.0459,35.4313],[127.049,35.4311],[127.0523,35.4265],[127.0497,35.4228],[127.0451,35.4072],[127.0473,35.4047],[127.0469,35.4022],[127.0417,35.3987],[127.0329,35.4005],[127.027,35.3999],[127.0275,35.3947],[127.0308,35.3898],[127.0357,35.39],[127.035,35.3871],[127.0405,35.3824],[127.0391,35.3801],[127.0437,35.3783],[127.0499,35.3777],[127.0559,35.3845],[127.057,35.3838],[127.062,35.377],[127.065,35.376],[127.0636,35.3699],[127.0706,35.3652],[127.0652,35.3565],[127.0699,35.3514],[127.0672,35.3456],[127.0702,35.3396],[127.0624,35.3363],[127.0584,35.3375],[127.0553,35.3411],[127.0523,35.3403],[127.0525,35.3359],[127.0505,35.3348],[127.0509,35.3294],[127.0431,35.3219],[127.0462,35.3186],[127.0509,35.3167],[127.0613,35.3172],[127.0681,35.3114],[127.0719,35.3124],[127.0812,35.31],[127.0968,35.3018],[127.0948,35.2993],[127.0962,35.2953],[127.0916,35.29],[127.0928,35.2883],[127.0908,35.2842],[127.0935,35.274],[127.0996,35.269],[127.0979,35.2665],[127.0985,35.2628],[127.0812,35.2477],[127.0875,35.2425],[127.0891,35.2344],[127.0934,35.2319],[127.0932,35.2247],[127.0976,35.2204],[127.0972,35.2179],[127.1008,35.212],[127.1039,35.2097],[127.1034,35.2058],[127.1064,35.2041],[127.1056,35.1992],[127.118,35.1949],[127.116,35.1921],[127.1071,35.1913],[127.0973,35.188],[127.093,35.1826],[127.0909,35.1832],[127.0902,35.1815],[127.081,35.18],[127.0726,35.1823],[127.0697,35.185],[127.0657,35.1841],[127.064,35.1811],[127.0682,35.1736],[127.067,35.1711],[127.0681,35.163],[127.0733,35.1563],[127.0731,35.1532],[127.0824,35.1474],[127.0842,35.144],[127.0839,35.1387],[127.0859,35.1378],[127.0877,35.1313],[127.0896,35.1301],[127.0885,35.1268],[127.0865,35.1273],[127.0799,35.1241],[127.0788,35.1233],[127.0804,35.1199],[127.0712,35.116],[127.0639,35.1217],[127.0568,35.1219],[127.0536,35.1275],[127.0495,35.1295],[127.0469,35.1296],[127.0455,35.1279],[127.0195,35.1385],[127.0128,35.1343],[127.0087,35.1337],[127.0093,35.1418],[127.0072,35.1439],[127.0097,35.1496],[127.0077,35.1559],[127.0117,35.1613],[127.01,35.1637],[127.0114,35.1662],[127.0168,35.1653],[127.0209,35.1673],[127.0223,35.1714],[127.0214,35.173],[127.0172,35.1744],[127.0134,35.1804],[127.0,35.1888],[126.9967,35.189],[126.9911,35.1864],[126.9858,35.1886],[126.982,35.1839],[126.9782,35.1862],[126.974,35.1861],[126.9721,35.185],[126.9717,35.1798],[126.9681,35.1811],[126.9586,35.1931],[126.9662,35.2008],[126.9655,35.2034],[126.9564,35.2072],[126.954,35.212],[126.9505,35.215],[126.949,35.2209],[126.9538,35.2253],[126.9518,35.2246],[126.9476,35.2308],[126.9435,35.2317],[126.9423,35.2362],[126.9323,35.2407],[126.9338,35.2468],[126.9312,35.2508],[126.9294,35.2525],[126.9214,35.2532],[126.9147,35.2582],[126.9055,35.2582],[126.9002,35.2538],[126.8914,35.2499],[126.8896,35.2467],[126.8792,35.248],[126.8792,35.2541],[126.8764,35.2604],[126.8679,35.2723],[126.8651,35.2738],[126.8604,35.2896],[126.8542,35.2945]]]}},{"id":"159","type":"Feature","properties":{"name":"곡성군"},"geometry":{"type":"Polygon","coordinates":[[[127.1846,35.3331],[127.1848,35.3261],[127.1877,35.3226],[127.1961,35.3196],[127.2007,35.3162],[127.2097,35.3156],[127.2123,35.3168],[127.2166,35.3304],[127.2221,35.3349],[127.2328,35.3334],[127.2355,35.3292],[127.2572,35.3125],[127.2657,35.3137],[127.291,35.3134],[127.3071,35.3045],[127.3235,35.3074],[127.3256,35.3105],[127.3264,35.3092],[127.3295,35.3111],[127.3307,35.3149],[127.3365,35.3149],[127.3394,35.3178],[127.3484,35.3186],[127.3543,35.3224],[127.3677,35.3142],[127.3707,35.3146],[127.3755,35.3122],[127.3801,35.3037],[127.3819,35.304],[127.3867,35.3003],[127.3801,35.2836],[127.3815,35.28],[127.3892,35.2785],[127.3896,35.2736],[127.3913,35.2724],[127.3929,35.265],[127.3949,35.2637],[127.3948,35.2596],[127.4014,35.2489],[127.4002,35.2462],[127.4028,35.2415],[127.3978,35.2372],[127.3903,35.2372],[127.383,35.2286],[127.3792,35.2279],[127.3775,35.2255],[127.3711,35.2259],[127.368,35.2284],[127.3669,35.225],[127.3748,35.2159],[127.3723,35.2123],[127.3721,35.2059],[127.3767,35.1934],[127.388,35.1885],[127.4004,35.1898],[127.4096,35.1881],[127.4068,35.1799],[127.407,35.1752],[127.4116,35.1686],[127.4097,35.1604],[127.4123,35.1572],[127.41,35.1455],[127.4047,35.1438],[127.4001,35.1387],[127.4018,35.1356],[127.4008,35.1345],[127.3942,35.1277],[127.3861,35.1262],[127.3865,35.122],[127.3821,35.1167],[127.3825,35.1118],[127.3788,35.1078],[127.3759,35.101],[127.359,35.0964],[127.3498,35.0988],[127.3446,35.0984],[127.3371,35.0925],[127.3353,35.0879],[127.3379,35.0813],[127.336,35.0784],[127.3305,35.0725],[127.3226,35.0695],[127.3131,35.0756],[127.3044,35.0771],[127.3005,35.0762],[127.2986,35.0817],[127.2922,35.0865],[127.2822,35.0848],[127.2793,35.0912],[127.2724,35.0862],[127.2614,35.082],[127.2596,35.0836],[127.2596,35.0873],[127.2581,35.0853],[127.2584,35.0874],[127.2614,35.0892],[127.2604,35.0964],[127.2531,35.102],[127.2468,35.1102],[127.2454,35.11],[127.2458,35.1019],[127.2418,35.1016],[127.2417,35.1081],[127.2351,35.1103],[127.2322,35.1154],[127.2195,35.1185],[127.2181,35.1243],[127.2197,35.1288],[127.2146,35.1326],[127.2042,35.129],[127.1978,35.1317],[127.1959,35.1388],[127.1975,35.1471],[127.1957,35.1501],[127.1966,35.1589],[127.1887,35.1646],[127.1924,35.1709],[127.1947,35.18],[127.2016,35.1864],[127.1967,35.1937],[127.1975,35.1995],[127.1961,35.204],[127.1919,35.2051],[127.189,35.2089],[127.189,35.2117],[127.186,35.2141],[127.1787,35.2129],[127.1702,35.2051],[127.1622,35.202],[127.1611,35.1998],[127.1448,35.1939],[127.1384,35.1956],[127.1352,35.194],[127.1285,35.1944],[127.1219,35.1981],[127.118,35.1949],[127.1056,35.1992],[127.1064,35.2041],[127.1034,35.2058],[127.1039,35.2097],[127.1008,35.212],[127.0972,35.2179],[127.0976,35.2204],[127.0932,35.2247],[127.0934,35.2319],[127.0891,35.2344],[127.0875,35.2425],[127.0812,35.2477],[127.0985,35.2628],[127.0979,35.2665],[127.0996,35.269],[127.0935,35.274],[127.0908,35.2842],[127.0928,35.2883],[127.0916,35.29],[127.0962,35.2953],[127.0948,35.2993],[127.0979,35.302],[127.1018,35.3017],[127.1052,35.2992],[127.1155,35.2996],[127.126,35.3032],[127.1267,35.307],[127.1299,35.3079],[127.13,35.3091],[127.1455,35.309],[127.1463,35.3153],[127.1517,35.3179],[127.1542,35.3227],[127.1559,35.3226],[127.1609,35.3277],[127.1701,35.3327],[127.173,35.3305],[127.1759,35.3312],[127.1862,35.3369],[127.1846,35.3331]]]}},{"id":"160","type":"Feature","properties":{"name":"구례군"},"geometry":{"type":"Polygon","coordinates":[[[127.4708,35.3653],[127.4803,35.3636],[127.4807,35.3617],[127.4857,35.3583],[127.4979,35.3599],[127.502,35.3584],[127.5081,35.3532],[127.514,35.3511],[127.5167,35.3473],[127.5245,35.3449],[127.531,35.336],[127.5406,35.3343],[127.5423,35.3285],[127.5523,35.3248],[127.5549,35.322],[127.5678,35.3185],[127.5726,35.3121],[127.5775,35.3089],[127.5761,35.3061],[127.5774,35.2952],[127.5841,35.2911],[127.5911,35.2754],[127.5956,35.272],[127.5957,35.2681],[127.6102,35.262],[127.6127,35.2535],[127.6153,35.2504],[127.6124,35.248],[127.6128,35.2416],[127.6193,35.2356],[127.6186,35.231],[127.6211,35.2246],[127.6207,35.2127],[127.6171,35.2096],[127.6169,35.2069],[127.6215,35.1918],[127.6181,35.1909],[127.6246,35.1826],[127.62,35.18],[127.6201,35.1774],[127.6161,35.1731],[127.6157,35.1684],[127.6075,35.161],[127.6039,35.1469],[127.6046,35.1439],[127.6069,35.1421],[127.6042,35.1332],[127.6055,35.1301],[127.6041,35.1185],[127.5948,35.1221],[127.5907,35.1197],[127.5838,35.119],[127.5803,35.1152],[127.5638,35.1083],[127.5638,35.1021],[127.5593,35.0955],[127.5523,35.0947],[127.5352,35.1046],[127.5319,35.1087],[127.5319,35.1125],[127.5277,35.1135],[127.5263,35.1164],[127.521,35.1189],[127.5187,35.1258],[127.5116,35.1241],[127.5032,35.1244],[127.4961,35.1276],[127.4981,35.1305],[127.498,35.1336],[127.4929,35.1377],[127.4905,35.143],[127.4868,35.1446],[127.4854,35.1485],[127.4813,35.1522],[127.4727,35.155],[127.4668,35.1612],[127.4571,35.1625],[127.4454,35.1687],[127.4355,35.1785],[127.417,35.1886],[127.4151,35.1891],[127.4143,35.1872],[127.4028,35.1898],[127.388,35.1885],[127.3797,35.1914],[127.3767,35.1934],[127.3721,35.2059],[127.3723,35.2123],[127.3748,35.2159],[127.368,35.2228],[127.3669,35.2253],[127.368,35.2284],[127.3711,35.2259],[127.3775,35.2255],[127.3792,35.2279],[127.383,35.2286],[127.3903,35.2372],[127.3978,35.2372],[127.4028,35.2415],[127.4002,35.2462],[127.4014,35.2489],[127.3948,35.2596],[127.3949,35.2637],[127.3929,35.265],[127.3913,35.2724],[127.3896,35.2736],[127.3892,35.2785],[127.3815,35.28],[127.3804,35.2825],[127.382,35.2905],[127.3864,35.298],[127.3867,35.3003],[127.3846,35.3025],[127.3927,35.3073],[127.3928,35.3127],[127.3991,35.3169],[127.4012,35.3227],[127.4061,35.3244],[127.4088,35.3276],[127.4202,35.3452],[127.4214,35.3509],[127.4247,35.3521],[127.4369,35.3627],[127.4414,35.3638],[127.4414,35.3621],[127.4437,35.3609],[127.4541,35.3608],[127.4582,35.3635],[127.4659,35.3635],[127.4708,35.3653]]]}},{"id":"161","type":"Feature","properties":{"name":"고흥군"},"geometry":{"type":"MultiPolygon","coordinates":[[[[127.1471,34.5044],[127.1491,34.5043],[127.1502,34.5022],[127.1479,34.5014],[127.1471,34.5044]]],[[[127.1466,34.4983],[127.1488,34.4969],[127.1485,34.4953],[127.1459,34.4955],[127.1466,34.4983]]],[[[127.5455,34.443],[127.5462,34.443],[127.5463,34.4428],[127.5455,34.443]]],[[[127.5464,34.4428],[127.5466,34.4425],[127.5462,34.4424],[127.5464,34.4428]]],[[[127.4921,34.3997],[127.494,34.3992],[127.4966,34.3982],[127.4921,34.3997]]],[[[127.4966,34.3976],[127.4982,34.3977],[127.4986,34.3966],[127.4966,34.3976]]],[[[127.3222,34.3184],[127.3165,34.318],[127.3163,34.3211],[127.3187,34.3233],[127.3222,34.3184]]],[[[127.4371,34.3576],[127.4368,34.3565],[127.4355,34.3576],[127.4371,34.3576]]],[[[127.4312,34.3589],[127.433,34.3596],[127.4355,34.3581],[127.4312,34.3589]]],[[[127.5105,34.367],[127.5096,34.3664],[127.5095,34.3669],[127.5105,34.367]]],[[[127.2764,34.375],[127.2758,34.3752],[127.2763,34.3754],[127.2764,34.375]]],[[[127.275,34.3787],[127.275,34.3773],[127.2728,34.3765],[127.2729,34.3786],[127.275,34.3787]]],[[[127.2684,34.3792],[127.2683,34.3787],[127.2681,34.3792],[127.2684,34.3792]]],[[[127.2088,34.38],[127.2073,34.3784],[127.2083,34.3803],[127.2088,34.38]]],[[[127.2646,34.3813],[127.2646,34.3808],[127.2642,34.3812],[127.2646,34.3813]]],[[[127.2784,34.3813],[127.2787,34.3813],[127.2788,34.3812],[127.2784,34.3813]]],[[[127.2779,34.3815],[127.2768,34.38],[127.277,34.3796],[127.2767,34.3792],[127.2763,34.3809],[127.2779,34.3815]]],[[[127.278,34.3817],[127.2782,34.3814],[127.278,34.3817],[127.278,34.3817]]],[[[127.2712,34.386],[127.2744,34.3852],[127.2703,34.3858],[127.2712,34.386]]],[[[127.2658,34.396],[127.266,34.3956],[127.2658,34.396],[127.2658,34.396]]],[[[127.2612,34.3978],[127.2632,34.398],[127.2644,34.3957],[127.2611,34.3978],[127.2606,34.3994],[127.2612,34.3978]]],[[[127.2615,34.4009],[127.2618,34.3995],[127.2614,34.4009],[127.2615,34.4009]]],[[[127.2433,34.4027],[127.2433,34.4024],[127.2431,34.4024],[127.2433,34.4027]]],[[[127.2486,34.4041],[127.2481,34.4039],[127.2485,34.4042],[127.2486,34.4041]]],[[[127.2405,34.4164],[127.2477,34.4126],[127.2507,34.4143],[127.2511,34.4129],[127.2468,34.4097],[127.2489,34.4102],[127.2496,34.408],[127.2523,34.407],[127.2531,34.4081],[127.2572,34.4069],[127.2568,34.4051],[127.2609,34.4027],[127.2585,34.4005],[127.259,34.3955],[127.2609,34.3959],[127.2634,34.3931],[127.2657,34.3942],[127.2659,34.3952],[127.2665,34.3952],[127.2657,34.3924],[127.2679,34.3901],[127.2689,34.3919],[127.2702,34.391],[127.2685,34.3886],[127.2704,34.3861],[127.2684,34.3856],[127.2703,34.3815],[127.2721,34.3813],[127.2679,34.3812],[127.2651,34.383],[127.2608,34.3816],[127.2601,34.3844],[127.2569,34.3829],[127.2553,34.386],[127.2523,34.3858],[127.2517,34.3841],[127.25,34.3848],[127.2515,34.3857],[127.2509,34.3878],[127.2479,34.3874],[127.2477,34.39],[127.2511,34.3889],[127.2514,34.3907],[127.2466,34.393],[127.2484,34.3947],[127.2535,34.395],[127.2543,34.3976],[127.2522,34.4001],[127.254,34.4029],[127.2506,34.4047],[127.2446,34.4047],[127.2432,34.4068],[127.2407,34.4062],[127.2454,34.4079],[127.2455,34.4106],[127.2435,34.4097],[127.2376,34.41],[127.2361,34.411],[127.2437,34.4113],[127.2437,34.4137],[127.2402,34.4145],[127.2405,34.4164]]],[[[127.2139,34.4175],[127.2121,34.4175],[127.2128,34.42],[127.2147,34.4194],[127.2139,34.4175]]],[[[127.3604,34.4229],[127.3601,34.4226],[127.3601,34.4229],[127.3604,34.4229]]],[[[127.1242,34.4215],[127.1225,34.4218],[127.1235,34.4245],[127.1242,34.4215]]],[[[127.3604,34.4244],[127.3601,34.4243],[127.3601,34.4244],[127.3604,34.4244]]],[[[127.334,34.4297],[127.3321,34.4292],[127.333,34.4306],[127.334,34.4297]]],[[[127.2285,34.4307],[127.2277,34.4292],[127.2265,34.4292],[127.2273,34.4302],[127.2285,34.4307]]],[[[127.219,34.4312],[127.2185,34.431],[127.2188,34.4312],[127.219,34.4312]]],[[[127.2194,34.4316],[127.2192,34.4314],[127.219,34.4314],[127.2194,34.4316]]],[[[127.3423,34.4313],[127.3408,34.4304],[127.34,34.4312],[127.3408,34.432],[127.3423,34.4313]]],[[[127.2129,34.4323],[127.2118,34.432],[127.2118,34.4321],[127.2129,34.4323]]],[[[127.3295,34.4361],[127.3314,34.4348],[127.3289,34.4352],[127.3295,34.4361]]],[[[127.3201,34.4366],[127.3274,34.4336],[127.3284,34.4324],[127.3218,34.4344],[127.3206,34.431],[127.3201,34.4366]]],[[[127.221,34.4375],[127.2203,34.4372],[127.2208,34.4382],[127.221,34.4375]]],[[[127.2871,34.4383],[127.2867,34.4381],[127.2868,34.4384],[127.2871,34.4383]]],[[[127.2947,34.4396],[127.2958,34.4369],[127.291,34.4372],[127.2928,34.4387],[127.2947,34.4396]]],[[[127.2259,34.4413],[127.2273,34.4399],[127.2267,34.4392],[127.2238,34.4404],[127.2259,34.4413]]],[[[127.3015,34.4425],[127.3058,34.441],[127.3098,34.4424],[127.3107,34.4401],[127.315,34.4412],[127.3149,34.4382],[127.3121,34.4375],[127.3121,34.4336],[127.3064,34.4304],[127.3025,34.4334],[127.3043,34.4362],[127.2975,34.4374],[127.3015,34.4425]]],[[[127.2268,34.4428],[127.2282,34.4426],[127.2264,34.4421],[127.2268,34.4428]]],[[[127.0957,34.4417],[127.0943,34.4421],[127.094,34.4431],[127.0957,34.4432],[127.0957,34.4417]]],[[[127.3071,34.4437],[127.3045,34.4434],[127.3047,34.444],[127.3071,34.4437]]],[[[127.4628,34.4445],[127.462,34.4436],[127.4616,34.4438],[127.4617,34.4445],[127.4628,34.4445]]],[[[127.5448,34.4431],[127.5405,34.4411],[127.5398,34.4414],[127.5426,34.4444],[127.5448,34.4431]]],[[[127.2947,34.4487],[127.2968,34.4463],[127.2951,34.4464],[127.2899,34.4414],[127.2905,34.4468],[127.2947,34.4487]]],[[[127.371,34.4519],[127.3701,34.4513],[127.3699,34.452],[127.371,34.4519]]],[[[127.3715,34.4528],[127.3708,34.4521],[127.3705,34.4523],[127.3715,34.4528]]],[[[127.2908,34.4526],[127.2893,34.4521],[127.2899,34.4532],[127.2908,34.4526]]],[[[127.2908,34.4551],[127.2899,34.4545],[127.2902,34.4554],[127.2908,34.4551]]],[[[127.2901,34.462],[127.2901,34.4611],[127.2895,34.4614],[127.2901,34.462]]],[[[127.355,34.4627],[127.3549,34.4624],[127.3544,34.4624],[127.355,34.4627]]],[[[127.0825,34.4642],[127.0932,34.4627],[127.0902,34.4517],[127.0885,34.4526],[127.0904,34.4583],[127.0896,34.4616],[127.0849,34.4635],[127.0824,34.4616],[127.0825,34.4642]]],[[[127.4426,34.4657],[127.4496,34.4641],[127.4508,34.4602],[127.4502,34.4577],[127.4517,34.4562],[127.4493,34.4577],[127.4502,34.4618],[127.4426,34.4657]]],[[[127.2794,34.467],[127.2799,34.467],[127.2796,34.4667],[127.2794,34.467]]],[[[127.3002,34.4672],[127.2995,34.4673],[127.2996,34.4675],[127.3002,34.4672]]],[[[127.4459,34.4676],[127.4451,34.4662],[127.4461,34.4679],[127.4459,34.4676]]],[[[127.2314,34.4685],[127.2308,34.4684],[127.2311,34.4689],[127.2314,34.4685]]],[[[127.3956,34.4687],[127.3955,34.4681],[127.3954,34.4684],[127.3956,34.4687]]],[[[127.2919,34.4714],[127.2913,34.4708],[127.2917,34.4717],[127.2919,34.4714]]],[[[127.3941,34.472],[127.3945,34.4711],[127.3939,34.4717],[127.3941,34.472]]],[[[127.3928,34.4728],[127.3926,34.4722],[127.3925,34.4727],[127.3928,34.4728]]],[[[127.5046,34.4726],[127.5047,34.4722],[127.5043,34.4728],[127.5046,34.4726]]],[[[127.3958,34.4758],[127.3952,34.4755],[127.3953,34.4757],[127.3958,34.4758]]],[[[127.0998,34.4762],[127.0991,34.4759],[127.0992,34.4763],[127.0998,34.4762]]],[[[127.239,34.4743],[127.2366,34.4738],[127.2359,34.4744],[127.2374,34.4765],[127.239,34.4743]]],[[[127.4567,34.4762],[127.4632,34.4715],[127.4672,34.471],[127.469,34.4728],[127.4695,34.4714],[127.4677,34.4694],[127.4727,34.4643],[127.4816,34.464],[127.485,34.467],[127.4904,34.4655],[127.4899,34.4626],[127.4827,34.4602],[127.4831,34.458],[127.487,34.4599],[127.4937,34.4585],[127.4982,34.4676],[127.5003,34.4658],[127.4994,34.4626],[127.5024,34.4619],[127.5056,34.4637],[127.507,34.4683],[127.5052,34.469],[127.5047,34.4737],[127.5136,34.4619],[127.5216,34.4575],[127.519,34.456],[127.5201,34.4535],[127.537,34.448],[127.5376,34.4465],[127.5342,34.4447],[127.5353,34.4441],[127.5344,34.4442],[127.5343,34.4428],[127.5365,34.4426],[127.5354,34.4414],[127.5372,34.4397],[127.5356,34.4376],[127.5383,34.4311],[127.5336,34.4293],[127.5341,34.4273],[127.5302,34.4224],[127.5202,34.427],[127.5153,34.4217],[127.5039,34.418],[127.5014,34.4153],[127.4971,34.4143],[127.4934,34.4161],[127.4941,34.4128],[127.4918,34.4118],[127.4872,34.4134],[127.4856,34.4154],[127.4868,34.4176],[127.4913,34.4194],[127.4906,34.4229],[127.4944,34.4253],[127.4945,34.4297],[127.4927,34.4324],[127.4866,34.4331],[127.4852,34.437],[127.483,34.4377],[127.4805,34.4367],[127.4792,34.4327],[127.4754,34.4327],[127.4729,34.4364],[127.4704,34.436],[127.4655,34.4398],[127.4663,34.4426],[127.4627,34.444],[127.4643,34.447],[127.4685,34.4443],[127.4704,34.4451],[127.4736,34.4423],[127.4819,34.4422],[127.4854,34.4477],[127.4819,34.4472],[127.4814,34.4498],[127.4727,34.4528],[127.4657,34.4503],[127.4649,34.4533],[127.4516,34.4465],[127.4498,34.449],[127.4523,34.4525],[127.4532,34.4498],[127.4586,34.4519],[127.4584,34.4534],[127.4534,34.456],[127.4569,34.456],[127.4541,34.4595],[127.4543,34.4671],[127.4567,34.4658],[127.4578,34.4661],[127.4532,34.4674],[127.4521,34.4695],[127.4539,34.4749],[127.4567,34.4762]]],[[[127.2356,34.4792],[127.2354,34.4786],[127.2349,34.4791],[127.2356,34.4792]]],[[[127.354,34.479],[127.3535,34.4788],[127.3538,34.4791],[127.354,34.479]]],[[[127.3668,34.48],[127.3663,34.4797],[127.3667,34.4801],[127.3668,34.48]]],[[[127.3822,34.4793],[127.3809,34.4804],[127.3812,34.481],[127.3818,34.4803],[127.3822,34.4793]]],[[[127.3563,34.4817],[127.3565,34.4809],[127.3557,34.4811],[127.3563,34.4817]]],[[[127.4011,34.4815],[127.4045,34.4813],[127.4072,34.477],[127.4037,34.4749],[127.3966,34.4789],[127.4011,34.4815]]],[[[127.3816,34.4819],[127.3812,34.4813],[127.3805,34.4823],[127.3816,34.4819]]],[[[127.3979,34.4822],[127.3974,34.4827],[127.3987,34.4823],[127.3979,34.4822]]],[[[127.3458,34.483],[127.3454,34.4824],[127.3453,34.4829],[127.3458,34.483]]],[[[127.4464,34.4834],[127.4464,34.4833],[127.4464,34.4834],[127.4464,34.4834]]],[[[127.4462,34.4834],[127.4479,34.4809],[127.4458,34.4771],[127.4467,34.4738],[127.4457,34.4718],[127.4406,34.4693],[127.4366,34.4724],[127.4366,34.4748],[127.4404,34.4778],[127.442,34.4817],[127.4462,34.4834]]],[[[127.3556,34.4829],[127.3555,34.4836],[127.356,34.4835],[127.3556,34.4829]]],[[[127.2338,34.4841],[127.2335,34.484],[127.2339,34.4843],[127.2338,34.4841]]],[[[127.396,34.484],[127.3972,34.4829],[127.3949,34.4835],[127.396,34.484]]],[[[127.1243,34.4854],[127.1239,34.4851],[127.1237,34.4856],[127.1243,34.4854]]],[[[127.1269,34.4893],[127.1265,34.4891],[127.1265,34.4894],[127.1269,34.4893]]],[[[127.121,34.4897],[127.1209,34.4897],[127.121,34.4901],[127.121,34.4897]]],[[[127.1262,34.4903],[127.1264,34.4895],[127.1256,34.4899],[127.1262,34.4903]]],[[[127.3982,34.4901],[127.3979,34.4911],[127.3992,34.4907],[127.3982,34.4901]]],[[[127.1265,34.4932],[127.1259,34.4931],[127.1262,34.4936],[127.1265,34.4932]]],[[[127.3942,34.4933],[127.3973,34.493],[127.3981,34.4913],[127.3942,34.4933]]],[[[127.2211,34.4945],[127.2247,34.4906],[127.2219,34.4905],[127.2233,34.4897],[127.2226,34.4883],[127.2279,34.4887],[127.2279,34.4859],[127.2317,34.4853],[127.2303,34.4828],[127.2319,34.4825],[127.2323,34.4838],[127.234,34.4828],[127.2351,34.4757],[127.2344,34.4739],[127.2297,34.472],[127.2289,34.4681],[127.2306,34.4685],[127.2306,34.4697],[127.2309,34.4703],[127.2309,34.4686],[127.2269,34.4671],[127.2297,34.464],[127.2224,34.4564],[127.2192,34.4467],[127.2208,34.4441],[127.2175,34.4392],[127.2179,34.4374],[127.2116,34.4354],[127.2111,34.4344],[127.213,34.4347],[127.2109,34.4341],[127.2111,34.4326],[127.2146,34.4336],[127.2128,34.4324],[127.2096,34.4324],[127.209,34.4309],[127.2077,34.4317],[127.2068,34.4305],[127.2082,34.4295],[127.1998,34.4301],[127.1977,34.4315],[127.1776,34.4315],[127.1732,34.4326],[127.1702,34.4353],[127.1657,34.4352],[127.1619,34.4322],[127.1626,34.4277],[127.1599,34.4288],[127.1564,34.4266],[127.1547,34.4314],[127.1517,34.4293],[127.1494,34.4311],[127.1449,34.4297],[127.1424,34.4205],[127.1396,34.4248],[127.1382,34.4247],[127.1372,34.4285],[127.1257,34.4301],[127.124,34.4369],[127.1151,34.44],[127.1153,34.4438],[127.1179,34.445],[127.1162,34.448],[127.1088,34.4478],[127.1071,34.4419],[127.0991,34.4424],[127.1019,34.4473],[127.1008,34.4495],[127.0993,34.4488],[127.0991,34.4504],[127.1032,34.4514],[127.1065,34.4548],[127.1006,34.4623],[127.1002,34.4621],[127.1,34.4617],[127.0997,34.4616],[127.1002,34.4621],[127.1006,34.4623],[127.1002,34.4628],[127.0979,34.4623],[127.0985,34.4661],[127.093,34.4705],[127.0952,34.4713],[127.0959,34.4739],[127.0967,34.4715],[127.1018,34.4686],[127.1058,34.4697],[127.1061,34.4716],[127.1079,34.4721],[127.1059,34.4738],[127.1077,34.476],[127.1131,34.4757],[127.1175,34.4818],[127.1172,34.4847],[127.1151,34.4836],[127.1107,34.4852],[127.1141,34.4869],[127.1146,34.4898],[127.1175,34.4868],[127.1207,34.4888],[127.1208,34.4899],[127.1211,34.4894],[127.1216,34.4894],[127.1243,34.4902],[127.1231,34.4862],[127.1283,34.478],[127.133,34.4773],[127.1369,34.479],[127.1351,34.4758],[127.1361,34.4727],[127.1416,34.4726],[127.1467,34.4751],[127.1456,34.4772],[127.1489,34.4785],[127.1484,34.4807],[127.1572,34.478],[127.1634,34.4787],[127.1647,34.4824],[127.1767,34.4891],[127.1769,34.4912],[127.1824,34.4899],[127.1892,34.494],[127.1955,34.4926],[127.196,34.4884],[127.1994,34.4876],[127.2115,34.4941],[127.2129,34.4903],[127.2162,34.4957],[127.2211,34.4945]]],[[[127.4026,34.496],[127.4028,34.4952],[127.4022,34.496],[127.4026,34.496]]],[[[127.3973,34.4963],[127.3969,34.4961],[127.3968,34.4962],[127.3973,34.4963]]],[[[127.1294,34.4968],[127.1281,34.4965],[127.1286,34.4974],[127.1294,34.4968]]],[[[127.273,34.4981],[127.2708,34.4968],[127.2698,34.4973],[127.273,34.4981]]],[[[127.1139,34.4993],[127.114,34.5001],[127.1143,34.4999],[127.1139,34.4993]]],[[[127.4029,34.5016],[127.4026,34.5004],[127.4022,34.5013],[127.4029,34.5016]]],[[[127.279,34.5026],[127.2774,34.4998],[127.2767,34.5002],[127.279,34.5026]]],[[[127.5009,34.5047],[127.5004,34.5027],[127.4991,34.5043],[127.5009,34.5047]]],[[[127.3881,34.5056],[127.3876,34.505],[127.3875,34.5053],[127.3881,34.5056]]],[[[127.4644,34.5099],[127.4641,34.5094],[127.464,34.5098],[127.4644,34.5099]]],[[[127.4893,34.5102],[127.4885,34.5102],[127.4887,34.5105],[127.4893,34.5102]]],[[[127.4538,34.5115],[127.4539,34.5112],[127.4536,34.5114],[127.4538,34.5115]]],[[[127.4693,34.5124],[127.4687,34.5117],[127.4682,34.5123],[127.4693,34.5124]]],[[[127.1546,34.5178],[127.1547,34.5176],[127.1545,34.5177],[127.1546,34.5178]]],[[[127.1543,34.5185],[127.1521,34.516],[127.152,34.5161],[127.1543,34.5185]]],[[[127.1558,34.5191],[127.1549,34.5187],[127.1556,34.5194],[127.1558,34.5191]]],[[[127.2501,34.5193],[127.2499,34.5162],[127.2501,34.5193],[127.2501,34.5193]]],[[[127.1647,34.5212],[127.1612,34.5182],[127.1591,34.52],[127.1617,34.5194],[127.1647,34.5212]]],[[[127.127,34.5239],[127.1363,34.518],[127.1401,34.5207],[127.1375,34.5171],[127.1331,34.516],[127.132,34.5106],[127.1334,34.5095],[127.1306,34.5062],[127.1199,34.5078],[127.1184,34.5049],[127.1129,34.5025],[127.1128,34.506],[127.1096,34.5094],[127.1053,34.5082],[127.0978,34.5097],[127.099,34.5131],[127.1037,34.5151],[127.1053,34.5178],[127.1074,34.5145],[127.1106,34.5153],[127.1111,34.5192],[127.1069,34.5197],[127.1108,34.5205],[127.1122,34.5226],[127.1154,34.5209],[127.1157,34.5186],[127.1182,34.5189],[127.117,34.5174],[127.1185,34.515],[127.1173,34.5129],[127.1224,34.5124],[127.1267,34.5155],[127.1231,34.5194],[127.127,34.5239]]],[[[127.1131,34.5252],[127.1126,34.5245],[127.1123,34.5246],[127.1131,34.5252]]],[[[127.122,34.5263],[127.1226,34.524],[127.1219,34.5263],[127.122,34.5263]]],[[[127.4329,34.534],[127.4323,34.5345],[127.4337,34.5342],[127.4329,34.534]]],[[[127.4472,34.5361],[127.4469,34.5359],[127.4466,34.5361],[127.4472,34.5361]]],[[[127.4327,34.5435],[127.4323,34.5432],[127.4322,34.5434],[127.4327,34.5435]]],[[[127.4367,34.544],[127.4364,34.5434],[127.4363,34.5434],[127.4367,34.544]]],[[[127.4585,34.5457],[127.4653,34.5434],[127.4729,34.5442],[127.4787,34.5372],[127.4782,34.5355],[127.4739,34.533],[127.4741,34.5305],[127.4603,34.5298],[127.4586,34.5269],[127.4607,34.5242],[127.4699,34.5234],[127.4713,34.5202],[127.4738,34.5199],[127.473,34.5153],[127.4752,34.5143],[127.4728,34.514],[127.4703,34.5167],[127.4677,34.5159],[127.4669,34.518],[127.4588,34.5155],[127.4576,34.5137],[127.462,34.5128],[127.4614,34.5101],[127.4649,34.5081],[127.4668,34.5097],[127.4657,34.5103],[127.4649,34.5128],[127.4666,34.5123],[127.4672,34.5098],[127.4793,34.5098],[127.482,34.5084],[127.4822,34.5055],[127.4843,34.5045],[127.486,34.5051],[127.4847,34.5066],[127.4867,34.5092],[127.4911,34.5083],[127.4958,34.502],[127.5001,34.502],[127.4997,34.4969],[127.5068,34.4906],[127.5001,34.4895],[127.4968,34.4851],[127.4895,34.4835],[127.4884,34.4844],[127.4903,34.4865],[127.4894,34.4872],[127.4914,34.4878],[127.4891,34.4899],[127.4852,34.4867],[127.485,34.4844],[127.4813,34.4839],[127.4765,34.4846],[127.4756,34.4888],[127.4744,34.4892],[127.4746,34.4858],[127.4711,34.4842],[127.4704,34.4867],[127.4599,34.4838],[127.4628,34.4805],[127.4613,34.4792],[127.4582,34.4786],[127.457,34.481],[127.4526,34.4788],[127.4512,34.4799],[127.4511,34.484],[127.4489,34.4878],[127.4446,34.4885],[127.4416,34.4933],[127.447,34.4984],[127.4582,34.5021],[127.4589,34.505],[127.4519,34.5068],[127.4565,34.5105],[127.4504,34.5162],[127.4466,34.5178],[127.4414,34.5162],[127.4343,34.5197],[127.4355,34.5224],[127.4432,34.5271],[127.4422,34.5289],[127.4389,34.5292],[127.4427,34.5303],[127.4446,34.5323],[127.4439,34.5342],[127.4466,34.5341],[127.4487,34.5389],[127.4551,34.5418],[127.4537,34.5438],[127.4585,34.5457]]],[[[127.4521,34.5473],[127.4502,34.5422],[127.4461,34.5388],[127.4428,34.5388],[127.4399,34.5419],[127.4441,34.5411],[127.4441,34.543],[127.4468,34.5418],[127.4459,34.5443],[127.4472,34.5444],[127.4463,34.5455],[127.4478,34.5476],[127.4521,34.5473]]],[[[127.4466,34.5476],[127.4451,34.5473],[127.4445,34.5476],[127.4455,34.5482],[127.4466,34.5476]]],[[[127.4424,34.5488],[127.4423,34.5484],[127.4419,34.5488],[127.4424,34.5488]]],[[[127.4369,34.5528],[127.4384,34.5522],[127.4379,34.5512],[127.4369,34.5528]]],[[[127.4371,34.5541],[127.4368,34.5537],[127.4368,34.554],[127.4371,34.5541]]],[[[127.4453,34.5548],[127.4444,34.5531],[127.4438,34.5545],[127.4453,34.5548]]],[[[127.4321,34.5564],[127.4324,34.5559],[127.4319,34.5561],[127.4321,34.5564]]],[[[127.4565,34.5567],[127.4554,34.5552],[127.455,34.5565],[127.4565,34.5567]]],[[[127.4575,34.5569],[127.4568,34.5566],[127.4571,34.5569],[127.4575,34.5569]]],[[[127.4039,34.5598],[127.4031,34.56],[127.4032,34.5603],[127.4039,34.5598]]],[[[127.4614,34.5608],[127.4614,34.5604],[127.4611,34.5606],[127.4614,34.5608]]],[[[127.4599,34.5647],[127.4593,34.5644],[127.4593,34.5646],[127.4599,34.5647]]],[[[127.4606,34.5672],[127.4598,34.567],[127.46,34.5676],[127.4606,34.5672]]],[[[127.4576,34.5623],[127.4548,34.5625],[127.4536,34.5644],[127.4551,34.5684],[127.456,34.5629],[127.4576,34.5623]]],[[[127.4711,34.5692],[127.4715,34.5688],[127.4709,34.5688],[127.4711,34.5692]]],[[[127.47,34.5696],[127.4687,34.5679],[127.4707,34.5647],[127.4666,34.5637],[127.4684,34.5671],[127.4662,34.5683],[127.47,34.5696]]],[[[127.4547,34.5707],[127.4537,34.5702],[127.4539,34.5709],[127.4547,34.5707]]],[[[127.476,34.5715],[127.4742,34.5713],[127.4726,34.5715],[127.4741,34.5731],[127.476,34.5715]]],[[[127.4519,34.5731],[127.4539,34.5745],[127.4543,34.5731],[127.4519,34.5731]]],[[[127.4759,34.575],[127.4761,34.574],[127.4756,34.5749],[127.4759,34.575]]],[[[127.4489,34.5753],[127.449,34.5716],[127.4512,34.5701],[127.4492,34.5691],[127.4513,34.5674],[127.4504,34.5653],[127.4526,34.5625],[127.4499,34.5634],[127.4482,34.5688],[127.4462,34.5668],[127.4447,34.5676],[127.4446,34.5717],[127.4413,34.5706],[127.4461,34.5761],[127.4489,34.5753]]],[[[127.4395,34.5767],[127.4392,34.5758],[127.4386,34.5761],[127.4395,34.5767]]],[[[127.4168,34.5825],[127.4249,34.581],[127.4243,34.5783],[127.4222,34.577],[127.4233,34.5755],[127.4166,34.5794],[127.4149,34.5786],[127.4152,34.581],[127.4168,34.5825]]],[[[127.1278,34.5848],[127.1271,34.584],[127.1271,34.5846],[127.1278,34.5848]]],[[[127.4319,34.5845],[127.4313,34.5845],[127.4315,34.5847],[127.4319,34.5845]]],[[[127.4117,34.5858],[127.4117,34.5856],[127.4116,34.5857],[127.4117,34.5858]]],[[[127.4084,34.5881],[127.4097,34.5876],[127.4077,34.5867],[127.4084,34.5881]]],[[[127.41,34.5889],[127.4097,34.5887],[127.4097,34.5888],[127.41,34.5889]]],[[[127.4088,34.5898],[127.4084,34.5893],[127.4083,34.5895],[127.4088,34.5898]]],[[[127.5084,34.596],[127.5082,34.5956],[127.5079,34.5958],[127.5084,34.596]]],[[[127.512,34.5972],[127.5137,34.5979],[127.514,34.5974],[127.512,34.5972]]],[[[127.0965,34.612],[127.1062,34.6046],[127.1103,34.5962],[127.1035,34.5989],[127.0993,34.5981],[127.0977,34.5953],[127.0905,34.5973],[127.0895,34.6047],[127.096,34.6092],[127.0965,34.612]]],[[[127.1853,34.6367],[127.1854,34.6367],[127.1849,34.6367],[127.1853,34.6367]]],[[[127.1849,34.6374],[127.185,34.6374],[127.1847,34.6368],[127.1845,34.6368],[127.1849,34.6374]]],[[[127.4791,34.6601],[127.4798,34.6596],[127.4788,34.6597],[127.4791,34.6601]]],[[[127.4529,34.6717],[127.4528,34.6708],[127.4516,34.6714],[127.4529,34.6717]]],[[[127.4717,34.6726],[127.4778,34.6705],[127.4749,34.6678],[127.4772,34.6646],[127.4741,34.6654],[127.4719,34.6639],[127.4699,34.6671],[127.4644,34.6661],[127.4624,34.6703],[127.4674,34.6707],[127.4693,34.6691],[127.4717,34.6726]]],[[[127.4709,34.6745],[127.4694,34.6744],[127.4707,34.6753],[127.4709,34.6745]]],[[[127.4719,34.6785],[127.4715,34.6781],[127.4707,34.6788],[127.4719,34.6785]]],[[[127.4389,34.679],[127.4381,34.6789],[127.4404,34.6795],[127.4389,34.679]]],[[[127.4511,34.6788],[127.4497,34.6787],[127.4476,34.6806],[127.4503,34.6806],[127.4511,34.6788]]],[[[127.4482,34.6832],[127.4468,34.6821],[127.4468,34.6834],[127.4482,34.6832]]],[[[127.4529,34.6864],[127.4536,34.6835],[127.451,34.6858],[127.4529,34.6864]]],[[[127.3215,34.6907],[127.3228,34.6893],[127.3208,34.6896],[127.3215,34.6907]]],[[[127.4575,34.6833],[127.4554,34.6874],[127.4585,34.6904],[127.4629,34.6916],[127.4632,34.6893],[127.4587,34.6872],[127.4575,34.6833]]],[[[127.4261,34.7033],[127.4342,34.701],[127.4353,34.6985],[127.4396,34.6974],[127.4446,34.69],[127.4473,34.6921],[127.4444,34.696],[127.4511,34.6966],[127.4527,34.69],[127.4478,34.688],[127.4484,34.6854],[127.4443,34.6857],[127.4457,34.6828],[127.4434,34.6829],[127.438,34.6879],[127.4349,34.6873],[127.4341,34.6914],[127.4311,34.6905],[127.4296,34.6916],[127.4261,34.6983],[127.4214,34.7005],[127.4261,34.7033]]],[[[127.4324,34.7035],[127.4318,34.7047],[127.4333,34.7035],[127.4324,34.7035]]],[[[127.2465,34.7054],[127.2464,34.7051],[127.2463,34.7053],[127.2465,34.7054]]],[[[127.4301,34.7051],[127.4292,34.7046],[127.4296,34.7054],[127.4301,34.7051]]],[[[127.407,34.706],[127.4071,34.7054],[127.4066,34.706],[127.407,34.706]]],[[[127.4148,34.7065],[127.4215,34.7013],[127.4121,34.7019],[127.4103,34.7038],[127.4122,34.703],[127.4112,34.7038],[127.413,34.7034],[127.4136,34.7036],[127.4101,34.7042],[127.4139,34.7043],[127.4148,34.7065]]],[[[127.4171,34.7067],[127.4175,34.7049],[127.4159,34.7061],[127.4171,34.7067]]],[[[127.289,34.707],[127.2879,34.7063],[127.2884,34.7074],[127.289,34.707]]],[[[127.4226,34.707],[127.4275,34.7052],[127.4244,34.7047],[127.424,34.7032],[127.4217,34.7037],[127.4232,34.7053],[127.4226,34.707]]],[[[127.4258,34.7071],[127.4254,34.7068],[127.4254,34.7071],[127.4258,34.7071]]],[[[127.4297,34.7078],[127.4285,34.7076],[127.4283,34.7086],[127.4297,34.7078]]],[[[127.406,34.7087],[127.405,34.7087],[127.4049,34.7091],[127.406,34.7087]]],[[[127.3948,34.7121],[127.3947,34.7108],[127.3941,34.7114],[127.3948,34.7121]]],[[[127.4184,34.7139],[127.4214,34.7123],[127.4157,34.7114],[127.4129,34.7093],[127.4142,34.7128],[127.4184,34.7139]]],[[[127.4074,34.7147],[127.4072,34.7141],[127.4069,34.7143],[127.4074,34.7147]]],[[[127.4223,34.7206],[127.4216,34.7193],[127.4211,34.7198],[127.4223,34.7206]]],[[[127.4472,34.7215],[127.4468,34.7171],[127.4447,34.7165],[127.4453,34.7148],[127.4473,34.7147],[127.4449,34.7095],[127.4404,34.7085],[127.4386,34.7061],[127.4362,34.7081],[127.4362,34.7109],[127.4373,34.7115],[127.4369,34.7103],[127.4392,34.709],[127.4425,34.711],[127.4408,34.7141],[127.4433,34.715],[127.4421,34.7206],[127.4447,34.7193],[127.4472,34.7215]]],[[[127.4114,34.7222],[127.4113,34.7217],[127.4103,34.722],[127.4114,34.7222]]],[[[127.3995,34.7218],[127.3957,34.721],[127.3953,34.7222],[127.396,34.7239],[127.3995,34.7218]]],[[[127.3114,34.7275],[127.3154,34.7252],[127.3128,34.719],[127.3053,34.7211],[127.308,34.7268],[127.3114,34.7275]]],[[[127.3074,34.7279],[127.3069,34.7272],[127.3069,34.7283],[127.3074,34.7279]]],[[[127.4143,34.7338],[127.4153,34.7329],[127.4135,34.7325],[127.4143,34.7338]]],[[[127.3085,34.7344],[127.3082,34.7323],[127.3069,34.7332],[127.3085,34.7344]]],[[[127.3104,34.7358],[127.3108,34.7355],[127.3103,34.7358],[127.3104,34.7358]]],[[[127.3095,34.7367],[127.3096,34.7349],[127.3077,34.7366],[127.3095,34.7367]]],[[[127.3138,34.7372],[127.3125,34.7366],[127.312,34.737],[127.3129,34.7385],[127.3138,34.7372]]],[[[127.3104,34.74],[127.3106,34.7396],[127.3102,34.7396],[127.3104,34.74]]],[[[127.2431,34.7546],[127.243,34.7531],[127.2425,34.7534],[127.2431,34.7546]]],[[[127.3974,34.775],[127.3971,34.7745],[127.397,34.7749],[127.3974,34.775]]],[[[127.3415,34.8277],[127.3471,34.8252],[127.3526,34.8254],[127.3548,34.8188],[127.3574,34.8163],[127.364,34.8168],[127.3718,34.8075],[127.3805,34.8056],[127.3814,34.8032],[127.3839,34.8027],[127.3838,34.8002],[127.3868,34.7969],[127.3847,34.7917],[127.3906,34.7895],[127.3876,34.7868],[127.3922,34.7851],[127.3932,34.7837],[127.3918,34.7834],[127.3905,34.7854],[127.387,34.784],[127.3874,34.7802],[127.3852,34.7747],[127.3899,34.7743],[127.3911,34.7762],[127.3931,34.7761],[127.3946,34.773],[127.4003,34.7709],[127.402,34.7687],[127.4001,34.761],[127.3972,34.7573],[127.3888,34.752],[127.3799,34.751],[127.3728,34.7416],[127.3748,34.7367],[127.3778,34.7355],[127.3793,34.7327],[127.38,34.7292],[127.3785,34.7271],[127.3844,34.7211],[127.3862,34.722],[127.392,34.7187],[127.3883,34.7176],[127.391,34.7106],[127.3967,34.7065],[127.4014,34.7081],[127.4024,34.7059],[127.4062,34.7047],[127.4069,34.7026],[127.4013,34.7032],[127.4026,34.7008],[127.4073,34.6992],[127.4067,34.6967],[127.4098,34.6973],[127.4137,34.6956],[127.4135,34.6945],[127.4154,34.6951],[127.4181,34.6904],[127.422,34.6929],[127.4234,34.692],[127.4227,34.6886],[127.4252,34.689],[127.4233,34.6866],[127.4249,34.6864],[127.4251,34.6844],[127.4278,34.6852],[127.4249,34.6826],[127.429,34.6821],[127.4279,34.6802],[127.4328,34.6796],[127.4291,34.677],[127.426,34.6772],[127.4281,34.674],[127.4346,34.6747],[127.4351,34.6774],[127.4374,34.678],[127.4377,34.6763],[127.44,34.6773],[127.4405,34.6752],[127.4421,34.6757],[127.4417,34.6734],[127.4431,34.6723],[127.4467,34.6741],[127.4486,34.671],[127.4466,34.672],[127.4465,34.6678],[127.4439,34.6688],[127.4426,34.6677],[127.4471,34.666],[127.4444,34.6631],[127.4419,34.6629],[127.4492,34.6624],[127.4555,34.6681],[127.4578,34.6681],[127.4568,34.6662],[127.4593,34.6646],[127.4671,34.6612],[127.4681,34.6622],[127.4671,34.6644],[127.4701,34.6648],[127.4715,34.6631],[127.4693,34.6629],[127.4697,34.6605],[127.4751,34.6581],[127.4747,34.656],[127.4729,34.6555],[127.4737,34.6542],[127.4768,34.6538],[127.4798,34.6557],[127.4793,34.6545],[127.4778,34.6542],[127.4771,34.653],[127.4812,34.6498],[127.4863,34.6518],[127.4877,34.651],[127.4866,34.6502],[127.4898,34.6493],[127.4899,34.6482],[127.4862,34.6486],[127.4892,34.6472],[127.4892,34.6452],[127.4914,34.6459],[127.4903,34.6424],[127.4798,34.6453],[127.477,34.6488],[127.4759,34.6445],[127.4747,34.6459],[127.4745,34.6437],[127.4723,34.643],[127.4749,34.642],[127.4731,34.6414],[127.4677,34.6428],[127.4636,34.6496],[127.4584,34.6472],[127.4619,34.6419],[127.4599,34.6409],[127.4766,34.6347],[127.4834,34.6364],[127.4877,34.6337],[127.4901,34.6349],[127.4898,34.6333],[127.4916,34.6322],[127.4922,34.636],[127.4967,34.6314],[127.4936,34.6268],[127.4959,34.6209],[127.4985,34.6188],[127.4947,34.616],[127.497,34.6165],[127.4971,34.6148],[127.5035,34.6088],[127.5058,34.6042],[127.5055,34.5946],[127.5079,34.5936],[127.5073,34.5923],[127.5026,34.5936],[127.4966,34.5906],[127.4948,34.5881],[127.4957,34.5858],[127.4909,34.5825],[127.4875,34.5822],[127.4853,34.5794],[127.487,34.574],[127.4774,34.5799],[127.4751,34.5793],[127.4754,34.5756],[127.4733,34.5745],[127.4713,34.5774],[127.4611,34.5813],[127.461,34.5826],[127.4657,34.5822],[127.4666,34.5833],[127.4611,34.5849],[127.4604,34.589],[127.4619,34.5912],[127.4579,34.5922],[127.4576,34.5975],[127.4575,34.5916],[127.4526,34.5876],[127.4559,34.5874],[127.4571,34.5846],[127.4519,34.583],[127.4508,34.58],[127.445,34.5804],[127.4466,34.5781],[127.4458,34.5768],[127.4406,34.5783],[127.4369,34.5822],[127.4336,34.5822],[127.4347,34.5836],[127.4337,34.5885],[127.4272,34.5879],[127.4264,34.5848],[127.4228,34.5867],[127.4187,34.5828],[127.4144,34.585],[127.4153,34.5895],[127.412,34.588],[127.4121,34.5906],[127.4093,34.5902],[127.4091,34.5901],[127.4083,34.5895],[127.4082,34.5892],[127.4007,34.5897],[127.3955,34.587],[127.3939,34.581],[127.3992,34.5758],[127.4061,34.5803],[127.4093,34.5791],[127.4036,34.5731],[127.4041,34.5689],[127.4071,34.5675],[127.4156,34.5688],[127.4178,34.5741],[127.4263,34.5707],[127.4293,34.5654],[127.4206,34.5674],[127.4192,34.5661],[127.421,34.5641],[127.4197,34.5633],[127.4124,34.5635],[127.4095,34.561],[127.4062,34.5607],[127.4029,34.563],[127.4071,34.567],[127.4041,34.5688],[127.396,34.5636],[127.3962,34.5593],[127.3993,34.5599],[127.4002,34.558],[127.4102,34.5552],[127.4128,34.5554],[127.4113,34.557],[127.4156,34.5587],[127.4174,34.5583],[127.4151,34.5554],[127.4181,34.5549],[127.4201,34.5568],[127.4233,34.5569],[127.4169,34.5535],[127.4197,34.5507],[127.4203,34.5525],[127.4279,34.553],[127.4276,34.5549],[127.4318,34.5558],[127.4284,34.5517],[127.4261,34.5514],[127.4263,34.5492],[127.4288,34.548],[127.4324,34.5518],[127.4377,34.5504],[127.4381,34.5485],[127.4358,34.548],[127.4366,34.5467],[127.4317,34.5433],[127.4284,34.5446],[127.4263,34.541],[127.4352,34.5404],[127.4353,34.5354],[127.4321,34.5377],[127.4282,34.537],[127.4263,34.5326],[127.4271,34.531],[127.422,34.5302],[127.4238,34.5295],[127.4261,34.5209],[127.4313,34.5202],[127.4312,34.5188],[127.4281,34.5182],[127.4221,34.5199],[127.4217,34.5183],[127.4306,34.5151],[127.4309,34.5131],[127.4253,34.5112],[127.4268,34.5135],[127.4215,34.5137],[127.4182,34.5156],[127.4186,34.5186],[127.4135,34.5216],[127.4131,34.5202],[127.4057,34.5195],[127.4025,34.5151],[127.407,34.5121],[127.4045,34.509],[127.4038,34.5051],[127.394,34.5052],[127.391,34.5075],[127.3925,34.5095],[127.3883,34.5103],[127.3871,34.5084],[127.3881,34.5071],[127.3841,34.504],[127.3779,34.5044],[127.3769,34.5029],[127.3852,34.4976],[127.3869,34.494],[127.3857,34.491],[127.39,34.491],[127.3914,34.4883],[127.387,34.4833],[127.3836,34.4873],[127.3833,34.4842],[127.3796,34.4829],[127.3805,34.4864],[127.3785,34.4882],[127.3758,34.4861],[127.3742,34.4807],[127.3708,34.4801],[127.3657,34.4836],[127.3674,34.4861],[127.366,34.4878],[127.3638,34.488],[127.3615,34.4916],[127.3581,34.4923],[127.3534,34.4905],[127.3536,34.4878],[127.3554,34.4872],[127.3534,34.4856],[127.3525,34.482],[127.3492,34.4802],[127.3498,34.4778],[127.3479,34.4775],[127.345,34.4789],[127.3494,34.4805],[127.349,34.4839],[127.3467,34.4848],[127.3426,34.4834],[127.344,34.4875],[127.3402,34.4897],[127.3411,34.4853],[127.3382,34.4829],[127.3398,34.4823],[127.3411,34.4805],[127.3438,34.481],[127.341,34.4805],[127.3404,34.4812],[127.3325,34.4796],[127.3311,34.4762],[127.325,34.4767],[127.3252,34.4736],[127.3308,34.4732],[127.3322,34.471],[127.3343,34.4718],[127.3367,34.4697],[127.3372,34.4675],[127.3339,34.4656],[127.3338,34.4638],[127.3314,34.4649],[127.3314,34.4685],[127.3276,34.4662],[127.3269,34.4688],[127.3238,34.4705],[127.3187,34.4676],[127.3208,34.4646],[127.3195,34.4627],[127.3159,34.464],[127.3198,34.4598],[127.3232,34.4596],[127.3215,34.461],[127.3226,34.463],[127.3267,34.4619],[127.3331,34.458],[127.3321,34.4555],[127.3389,34.4571],[127.3383,34.4528],[127.3348,34.4493],[127.3391,34.4502],[127.3396,34.4479],[127.3375,34.446],[127.3387,34.4456],[127.3306,34.4443],[127.3308,34.443],[127.3278,34.4417],[127.3255,34.4439],[127.3274,34.4453],[127.3262,34.4462],[127.3247,34.4453],[127.3248,34.4424],[127.3223,34.4418],[127.3185,34.4424],[127.3208,34.4437],[127.3185,34.4455],[127.3146,34.4443],[127.3132,34.4444],[127.3148,34.4468],[127.3127,34.4478],[127.3129,34.4498],[127.3103,34.4505],[127.3093,34.4485],[127.3064,34.4485],[127.3049,34.45],[127.3062,34.452],[127.3046,34.4537],[127.3081,34.455],[127.3164,34.4536],[127.3128,34.457],[127.313,34.4598],[127.3085,34.4582],[127.3109,34.4602],[127.3103,34.4621],[127.306,34.462],[127.3059,34.4587],[127.3043,34.4601],[127.3019,34.4581],[127.3049,34.4621],[127.3044,34.4647],[127.298,34.4635],[127.3019,34.4679],[127.3011,34.471],[127.2932,34.471],[127.2893,34.4762],[127.2806,34.4788],[127.2821,34.4801],[127.2812,34.4809],[127.2774,34.4806],[127.2771,34.4779],[127.2733,34.4795],[127.2722,34.482],[127.2681,34.4819],[127.2673,34.483],[127.2703,34.4853],[127.2687,34.4873],[127.2737,34.4894],[127.2738,34.4922],[127.2775,34.4923],[127.2804,34.4898],[127.2832,34.4911],[127.2787,34.4953],[127.2837,34.4971],[127.2823,34.4991],[127.2833,34.502],[127.2822,34.5013],[127.2811,34.5025],[127.2766,34.5029],[127.2749,34.5019],[127.2756,34.5],[127.2745,34.5007],[127.2718,34.5084],[127.2609,34.5132],[127.2555,34.521],[127.2497,34.5224],[127.2442,34.5215],[127.2455,34.5228],[127.2461,34.5238],[127.246,34.5238],[127.2441,34.5216],[127.2442,34.5196],[127.2456,34.5197],[127.2462,34.5192],[127.2445,34.5196],[127.2441,34.5154],[127.2458,34.5153],[127.2439,34.5151],[127.2408,34.5186],[127.2388,34.5174],[127.2309,34.5184],[127.2341,34.5244],[127.2255,34.5265],[127.2262,34.5291],[127.2231,34.53],[127.2211,34.5349],[127.2156,34.5292],[127.2164,34.5284],[127.2138,34.5271],[127.2145,34.5246],[127.2131,34.5271],[127.2098,34.5279],[127.2087,34.5257],[127.2091,34.5203],[127.2113,34.5197],[127.212,34.5169],[127.2087,34.517],[127.2086,34.5202],[127.2029,34.5229],[127.2046,34.5227],[127.2042,34.5241],[127.1998,34.5245],[127.1993,34.5275],[127.1952,34.5325],[127.1784,34.5312],[127.1738,34.5274],[127.1736,34.5255],[127.1757,34.5243],[127.1739,34.5215],[127.1719,34.5194],[127.1706,34.5189],[127.1717,34.5216],[127.1686,34.5221],[127.1685,34.5255],[127.1667,34.5262],[127.1535,34.5241],[127.1517,34.5266],[127.1503,34.5246],[127.1518,34.5211],[127.1472,34.5205],[127.1428,34.5237],[127.1397,34.5237],[127.1381,34.5265],[127.1391,34.5236],[127.1359,34.5237],[127.1344,34.5271],[127.1316,34.5263],[127.1316,34.5276],[127.1287,34.5282],[127.1303,34.5289],[127.1238,34.5295],[127.1232,34.5273],[127.1237,34.5295],[127.1216,34.5302],[127.121,34.5339],[127.1223,34.5405],[127.1173,34.5443],[127.1166,34.5421],[127.117,34.5444],[127.1124,34.5466],[127.1154,34.5563],[127.1139,34.5586],[127.1177,34.5631],[127.1189,34.5621],[127.1203,34.5633],[127.1202,34.5649],[127.1186,34.565],[127.1222,34.5657],[127.1244,34.5701],[127.1264,34.5701],[127.1311,34.5744],[127.1304,34.5724],[127.1352,34.5725],[127.1367,34.5754],[127.1334,34.5767],[127.1312,34.5756],[127.1334,34.5783],[127.1415,34.5806],[127.1458,34.5851],[127.1431,34.5903],[127.149,34.6002],[127.1505,34.5981],[127.1504,34.5939],[127.1626,34.5899],[127.1716,34.5946],[127.168,34.6025],[127.1731,34.6063],[127.1718,34.6091],[127.1735,34.6117],[127.1711,34.6169],[127.1743,34.6209],[127.1721,34.6238],[127.1729,34.6269],[127.1791,34.6318],[127.1802,34.6305],[127.1837,34.6333],[127.1896,34.6434],[127.1947,34.6443],[127.1961,34.6514],[127.1965,34.6516],[127.1976,34.651],[127.1965,34.6503],[127.1982,34.6476],[127.2279,34.6545],[127.2289,34.6603],[127.2263,34.662],[127.229,34.6623],[127.2298,34.6642],[127.2326,34.6809],[127.2395,34.6804],[127.2438,34.6838],[127.2439,34.6865],[127.2419,34.6875],[127.2429,34.688],[127.2387,34.6892],[127.2368,34.693],[127.2397,34.6917],[127.2423,34.6931],[127.2397,34.6982],[127.2409,34.7005],[127.2439,34.6998],[127.248,34.7024],[127.2467,34.7051],[127.2487,34.7062],[127.2516,34.7034],[127.2537,34.7043],[127.2549,34.7061],[127.2517,34.709],[127.2518,34.7117],[127.2529,34.7102],[127.259,34.7117],[127.2633,34.7164],[127.2645,34.7134],[127.2694,34.712],[127.2753,34.7169],[127.275,34.7194],[127.2809,34.718],[127.277,34.7113],[127.28,34.71],[127.2818,34.704],[127.2794,34.6995],[127.2842,34.6988],[127.2863,34.6965],[127.282,34.6948],[127.2858,34.6918],[127.2798,34.6869],[127.2813,34.6838],[127.2797,34.6813],[127.2804,34.678],[127.2782,34.6791],[127.2771,34.6775],[127.2792,34.6722],[127.2858,34.6692],[127.2857,34.6644],[127.2825,34.6576],[127.2874,34.667],[127.2913,34.6678],[127.2954,34.6671],[127.2951,34.6661],[127.2971,34.6684],[127.3029,34.6663],[127.3117,34.6659],[127.3144,34.6642],[127.3198,34.6699],[127.3188,34.6732],[127.3208,34.6786],[127.3177,34.6818],[127.3224,34.6873],[127.3274,34.6894],[127.3257,34.6939],[127.3273,34.694],[127.3313,34.6993],[127.3322,34.7068],[127.3446,34.71],[127.3433,34.7161],[127.3384,34.7133],[127.3328,34.7152],[127.3271,34.7334],[127.3281,34.7389],[127.3266,34.7448],[127.3277,34.7452],[127.326,34.7483],[127.327,34.752],[127.3153,34.7532],[127.3097,34.7523],[127.307,34.7494],[127.3059,34.7508],[127.3035,34.7498],[127.301,34.7441],[127.2967,34.7426],[127.2948,34.7378],[127.2958,34.7361],[127.2925,34.731],[127.2898,34.7311],[127.2858,34.7364],[127.2779,34.7343],[127.2791,34.738],[127.2718,34.742],[127.2699,34.738],[127.2653,34.7364],[127.2642,34.7307],[127.2596,34.7334],[127.2525,34.7421],[127.2524,34.7482],[127.246,34.7568],[127.2445,34.7565],[127.2459,34.757],[127.2468,34.7611],[127.2296,34.758],[127.2407,34.7601],[127.24,34.7704],[127.2425,34.7746],[127.2474,34.7781],[127.2485,34.7897],[127.2588,34.7889],[127.2663,34.7865],[127.2803,34.7946],[127.2811,34.7983],[127.2837,34.7994],[127.2863,34.804],[127.2866,34.8072],[127.289,34.8078],[127.2912,34.8107],[127.2978,34.8091],[127.3125,34.812],[127.3186,34.8108],[127.3277,34.8223],[127.3308,34.824],[127.3379,34.8245],[127.3415,34.8277]],[[127.3842,34.7208],[127.3871,34.7185],[127.3883,34.7176],[127.3842,34.7208]]],[[[127.4907,34.4249],[127.4908,34.4239],[127.4911,34.4236],[127.4907,34.4237],[127.4907,34.4249]]],[[[127.4933,34.4267],[127.4939,34.4268],[127.4942,34.4266],[127.4933,34.4267]]],[[[127.5124,34.5967],[127.5126,34.5966],[127.5122,34.5967],[127.5124,34.5967]]],[[[127.2394,34.4908],[127.2401,34.491],[127.2401,34.4909],[127.2394,34.4908]]],[[[127.2371,34.4947],[127.2379,34.4937],[127.2375,34.4936],[127.2371,34.4947]]],[[[127.2337,34.4961],[127.2363,34.4946],[127.2349,34.4944],[127.2347,34.4921],[127.2325,34.4946],[127.2337,34.4961]]],[[[127.2315,34.4944],[127.2321,34.4941],[127.2318,34.494],[127.2315,34.4944]]],[[[127.2322,34.4936],[127.2323,34.4938],[127.2325,34.4936],[127.2322,34.4936]]],[[[127.2275,34.4964],[127.2283,34.4969],[127.228,34.4962],[127.2275,34.4964]]],[[[127.1207,34.4892],[127.1207,34.4891],[127.1207,34.4892],[127.1207,34.4892]]]]}},{"id":"162","type":"Feature","properties":{"name":"보성군"},"geometry":{"type":"MultiPolygon","coordinates":[[[[127.1993,34.7113],[127.1999,34.711],[127.2002,34.7108],[127.1993,34.7113]]],[[[127.454,34.7695],[127.456,34.7675],[127.4541,34.7672],[127.454,34.7695]]],[[[127.4385,34.7741],[127.4389,34.7746],[127.4392,34.7743],[127.4385,34.7741]]],[[[127.4482,34.776],[127.4478,34.7755],[127.4475,34.7758],[127.4482,34.776]]],[[[127.4341,34.7759],[127.4309,34.7764],[127.4313,34.7776],[127.4336,34.7775],[127.4341,34.7759]]],[[[127.4036,34.7813],[127.403,34.7813],[127.4026,34.7818],[127.4036,34.7813]]],[[[127.4163,34.7816],[127.416,34.7812],[127.4155,34.782],[127.4163,34.7816]]],[[[127.4739,34.784],[127.4759,34.7815],[127.4738,34.7827],[127.4726,34.7814],[127.4717,34.7828],[127.4739,34.784]]],[[[127.471,34.7847],[127.4705,34.7843],[127.4703,34.7848],[127.471,34.7847]]],[[[127.4156,34.7866],[127.4223,34.7846],[127.4243,34.7823],[127.4264,34.7829],[127.4262,34.7857],[127.4291,34.7832],[127.4268,34.7806],[127.4301,34.7794],[127.4178,34.7815],[127.418,34.7839],[127.4156,34.7866]]],[[[127.4096,34.7865],[127.4088,34.7864],[127.4088,34.7868],[127.4096,34.7865]]],[[[127.461,34.7842],[127.4594,34.7859],[127.4594,34.7887],[127.4612,34.7863],[127.461,34.7842]]],[[[127.4808,34.7896],[127.4799,34.7888],[127.4808,34.7899],[127.4808,34.7896]]],[[[127.4209,34.7906],[127.4202,34.7901],[127.4198,34.7906],[127.4209,34.7906]]],[[[127.4758,34.7915],[127.4732,34.7917],[127.4713,34.7937],[127.4748,34.7927],[127.4758,34.7915]]],[[[127.4235,34.7975],[127.4226,34.7974],[127.4231,34.7979],[127.4235,34.7975]]],[[[127.448,34.7983],[127.4478,34.7979],[127.4477,34.7982],[127.448,34.7983]]],[[[127.4217,34.7991],[127.4215,34.7985],[127.4212,34.7987],[127.4217,34.7991]]],[[[127.4283,34.803],[127.4277,34.8032],[127.428,34.8034],[127.4283,34.803]]],[[[127.4633,34.8052],[127.4701,34.795],[127.468,34.7956],[127.4694,34.7936],[127.4644,34.7935],[127.4643,34.7917],[127.4666,34.7913],[127.4657,34.7893],[127.4686,34.7896],[127.4701,34.7872],[127.4684,34.788],[127.4656,34.786],[127.461,34.7918],[127.458,34.79],[127.4547,34.7904],[127.4523,34.7887],[127.4547,34.7854],[127.4528,34.7834],[127.4543,34.7825],[127.4516,34.7811],[127.4537,34.7803],[127.4532,34.7792],[127.4479,34.7811],[127.4423,34.7784],[127.4431,34.7797],[127.4393,34.7796],[127.4396,34.781],[127.4445,34.7811],[127.4433,34.7829],[127.4443,34.7853],[127.4465,34.7851],[127.4491,34.7876],[127.4494,34.7908],[127.4465,34.7944],[127.4499,34.7949],[127.4489,34.7982],[127.4511,34.7973],[127.4505,34.7955],[127.4531,34.7918],[127.4548,34.792],[127.4557,34.7945],[127.4589,34.7923],[127.4612,34.7926],[127.4615,34.797],[127.4598,34.7992],[127.4603,34.8023],[127.4633,34.8052]]],[[[127.4362,34.8095],[127.4445,34.8103],[127.4457,34.8081],[127.4435,34.8066],[127.4362,34.8095]]],[[[127.4516,34.8107],[127.4504,34.8107],[127.4518,34.8114],[127.4516,34.8107]]],[[[127.1982,34.9875],[127.2014,34.9846],[127.205,34.975],[127.209,34.973],[127.209,34.9714],[127.2037,34.9675],[127.2079,34.964],[127.2106,34.9582],[127.219,34.9572],[127.2212,34.9554],[127.2248,34.9472],[127.2238,34.9399],[127.2323,34.9364],[127.2323,34.9344],[127.2372,34.928],[127.2366,34.9255],[127.2404,34.9211],[127.2347,34.9201],[127.232,34.9176],[127.2329,34.9162],[127.2294,34.9092],[127.2298,34.9065],[127.2278,34.9049],[127.2286,34.9015],[127.2249,34.8993],[127.2274,34.895],[127.2361,34.894],[127.2428,34.8867],[127.2514,34.8858],[127.2532,34.8842],[127.2583,34.8859],[127.2596,34.8896],[127.2626,34.8921],[127.2649,34.8893],[127.2739,34.8901],[127.2802,34.8931],[127.2829,34.8973],[127.2863,34.8977],[127.2919,34.9017],[127.2948,34.9005],[127.2996,34.9018],[127.3025,34.9004],[127.3065,34.903],[127.3165,34.8945],[127.3164,34.8914],[127.3236,34.8874],[127.3248,34.8825],[127.331,34.8882],[127.3359,34.8898],[127.3365,34.8824],[127.3404,34.8776],[127.3396,34.8704],[127.3374,34.8678],[127.3441,34.8659],[127.3505,34.8678],[127.3564,34.8642],[127.3621,34.8673],[127.3668,34.8677],[127.3673,34.8624],[127.379,34.8524],[127.3773,34.8498],[127.3794,34.8474],[127.3788,34.8445],[127.3803,34.8427],[127.392,34.8398],[127.3988,34.8423],[127.3994,34.8442],[127.4116,34.8385],[127.4159,34.8343],[127.4169,34.8308],[127.4012,34.8248],[127.3982,34.8271],[127.3987,34.8262],[127.3961,34.8253],[127.3893,34.8288],[127.3869,34.8346],[127.3802,34.8375],[127.3675,34.8353],[127.3575,34.8383],[127.3496,34.8444],[127.3482,34.844],[127.3506,34.842],[127.345,34.841],[127.3451,34.8398],[127.3522,34.8406],[127.3541,34.8368],[127.3668,34.831],[127.3829,34.8267],[127.3919,34.8145],[127.3956,34.8136],[127.3975,34.8164],[127.4002,34.817],[127.4042,34.8146],[127.4112,34.8153],[127.4118,34.813],[127.4178,34.8124],[127.4184,34.8112],[127.423,34.8126],[127.425,34.8162],[127.4278,34.8135],[127.422,34.809],[127.4179,34.8094],[127.4128,34.8026],[127.4078,34.8016],[127.4065,34.803],[127.4027,34.8],[127.4027,34.7983],[127.4002,34.7989],[127.3951,34.7967],[127.3944,34.7946],[127.3961,34.7936],[127.3951,34.7918],[127.3966,34.7917],[127.3948,34.7906],[127.3954,34.7901],[127.3968,34.7899],[127.3973,34.7894],[127.3968,34.7898],[127.3962,34.7896],[127.395,34.7903],[127.3948,34.7905],[127.3947,34.7907],[127.3948,34.791],[127.3929,34.791],[127.3924,34.792],[127.3906,34.7895],[127.3861,34.7904],[127.3847,34.7918],[127.3868,34.7969],[127.3805,34.8056],[127.3718,34.8075],[127.3638,34.8169],[127.3574,34.8163],[127.3548,34.8188],[127.3526,34.8254],[127.3471,34.8252],[127.343,34.8277],[127.3406,34.8277],[127.3379,34.8245],[127.3308,34.824],[127.3277,34.8223],[127.3186,34.8108],[127.3125,34.812],[127.2978,34.8091],[127.2912,34.8107],[127.289,34.8078],[127.2866,34.8072],[127.2863,34.804],[127.2837,34.7994],[127.2811,34.7983],[127.2803,34.7946],[127.2663,34.7865],[127.2588,34.7889],[127.2485,34.7897],[127.2476,34.7787],[127.2413,34.7728],[127.2396,34.7648],[127.2288,34.7616],[127.2299,34.76],[127.2281,34.7583],[127.2293,34.7576],[127.2094,34.738],[127.2107,34.7375],[127.2093,34.7379],[127.2113,34.7327],[127.2108,34.7291],[127.2128,34.7282],[127.2102,34.7289],[127.2057,34.7218],[127.2057,34.7185],[127.2022,34.7141],[127.1992,34.7133],[127.1982,34.7058],[127.1908,34.7042],[127.1868,34.6966],[127.1875,34.6954],[127.184,34.6957],[127.1865,34.6944],[127.1754,34.6924],[127.1754,34.6913],[127.1706,34.694],[127.172,34.6919],[127.1694,34.6929],[127.1665,34.6913],[127.1579,34.692],[127.1467,34.6944],[127.143,34.6921],[127.1432,34.6935],[127.1352,34.7018],[127.1295,34.7029],[127.1304,34.7048],[127.1288,34.7071],[127.1277,34.7025],[127.1253,34.701],[127.124,34.7024],[127.1167,34.6944],[127.1148,34.6938],[127.1138,34.6957],[127.1141,34.6931],[127.1098,34.6848],[127.1112,34.6801],[127.1088,34.6817],[127.1104,34.6792],[127.0993,34.6753],[127.0983,34.6721],[127.0951,34.67],[127.0962,34.6685],[127.0945,34.6701],[127.0862,34.6698],[127.0839,34.6675],[127.0849,34.6671],[127.0866,34.6647],[127.0844,34.6673],[127.0823,34.6654],[127.0857,34.6647],[127.0843,34.6644],[127.0793,34.6663],[127.073,34.6636],[127.072,34.6616],[127.0656,34.665],[127.0672,34.6623],[127.0623,34.6586],[127.0613,34.654],[127.063,34.6523],[127.0636,34.6539],[127.0635,34.652],[127.0598,34.6505],[127.0609,34.6492],[127.0598,34.6504],[127.0564,34.6482],[127.053,34.6419],[127.0461,34.635],[127.0446,34.6412],[127.0462,34.6445],[127.042,34.6542],[127.0302,34.6624],[127.029,34.6699],[127.021,34.6806],[127.0159,34.6817],[127.0026,34.6799],[126.9888,34.6831],[126.9878,34.6815],[126.979,34.6831],[126.9805,34.6893],[126.9775,34.6952],[126.974,34.6974],[126.9746,34.7018],[126.9718,34.7081],[126.975,34.7111],[126.9798,34.7099],[126.9819,34.7109],[126.9883,34.7174],[126.9888,34.7207],[126.993,34.724],[126.998,34.7253],[127.0087,34.7348],[127.0132,34.7344],[127.0154,34.7366],[127.0141,34.7378],[127.0164,34.7435],[127.0204,34.7485],[127.0175,34.7532],[127.0143,34.7544],[127.0162,34.7567],[127.016,34.761],[127.0144,34.7609],[127.0154,34.7625],[127.0127,34.7636],[127.0158,34.7648],[127.0137,34.7651],[127.0119,34.7705],[127.0238,34.7731],[127.0245,34.7758],[127.0239,34.7786],[127.0178,34.7823],[127.0157,34.7902],[127.022,34.8099],[127.0205,34.8129],[127.0225,34.8162],[127.0218,34.8223],[127.0314,34.8237],[127.0307,34.8327],[127.0334,34.8366],[127.0438,34.8387],[127.0537,34.8425],[127.0553,34.8461],[127.0607,34.8469],[127.0625,34.8523],[127.0623,34.8589],[127.0658,34.8637],[127.0687,34.8638],[127.0722,34.8673],[127.0755,34.8666],[127.0805,34.8691],[127.0848,34.8691],[127.0897,34.8732],[127.0887,34.8804],[127.0866,34.883],[127.0888,34.885],[127.082,34.8918],[127.0855,34.896],[127.0802,34.9044],[127.0822,34.9093],[127.0792,34.9142],[127.0815,34.9186],[127.0824,34.9259],[127.087,34.9279],[127.0899,34.9356],[127.1008,34.9377],[127.1071,34.9445],[127.1094,34.9444],[127.11,34.9464],[127.1169,34.9517],[127.1144,34.9544],[127.1146,34.9575],[127.1223,34.9606],[127.1233,34.9629],[127.1258,34.9639],[127.1259,34.9676],[127.1279,34.9685],[127.1347,34.9651],[127.1393,34.9654],[127.1445,34.9632],[127.1537,34.9652],[127.1589,34.9691],[127.1622,34.9689],[127.1686,34.9728],[127.1723,34.973],[127.1739,34.977],[127.1759,34.9779],[127.1834,34.9684],[127.1891,34.9679],[127.1911,34.9711],[127.1909,34.9788],[127.1888,34.981],[127.1929,34.9853],[127.1982,34.9875]]]]}},{"id":"163","type":"Feature","properties":{"name":"화순군"},"geometry":{"type":"Polygon","coordinates":[[[127.1843,35.2143],[127.189,35.2117],[127.189,35.2089],[127.1919,35.2051],[127.1961,35.204],[127.1975,35.1995],[127.1967,35.1937],[127.2016,35.1864],[127.1947,35.18],[127.1924,35.1709],[127.1887,35.1646],[127.1966,35.1589],[127.1957,35.1501],[127.1975,35.1471],[127.1959,35.1388],[127.1978,35.1317],[127.1922,35.1301],[127.1904,35.1257],[127.1877,35.1241],[127.1897,35.1192],[127.1876,35.1169],[127.1908,35.1123],[127.1905,35.1102],[127.1876,35.1066],[127.1873,35.1019],[127.1831,35.0989],[127.1817,35.095],[127.1826,35.0925],[127.1859,35.0923],[127.1856,35.0692],[127.1924,35.064],[127.1854,35.0561],[127.1865,35.0527],[127.1839,35.0487],[127.1848,35.0415],[127.1828,35.0358],[127.1873,35.028],[127.1857,35.02],[127.1877,35.0124],[127.1825,35.0111],[127.1775,35.0057],[127.178,35.0025],[127.1758,34.9979],[127.1779,34.9947],[127.1749,34.9886],[127.1792,34.9851],[127.1726,34.9732],[127.1563,34.9681],[127.1537,34.9652],[127.1445,34.9632],[127.1393,34.9654],[127.1347,34.9651],[127.1279,34.9685],[127.126,34.9677],[127.1258,34.9639],[127.1233,34.9629],[127.1223,34.9606],[127.1146,34.9575],[127.1144,34.9544],[127.1169,34.9517],[127.11,34.9464],[127.1094,34.9444],[127.1071,34.9445],[127.1008,34.9377],[127.0905,34.9363],[127.087,34.9279],[127.0824,34.9259],[127.0815,34.9186],[127.0792,34.9142],[127.0822,34.9093],[127.08,34.9054],[127.0855,34.896],[127.082,34.8918],[127.0888,34.885],[127.0866,34.883],[127.0887,34.8804],[127.0892,34.8722],[127.0848,34.8691],[127.0805,34.8691],[127.0755,34.8666],[127.0722,34.8673],[127.0687,34.8638],[127.0658,34.8637],[127.0623,34.8589],[127.0625,34.8523],[127.0607,34.8469],[127.0553,34.8461],[127.0537,34.8425],[127.0438,34.8387],[127.0377,34.8377],[127.033,34.8402],[127.0281,34.8389],[127.0192,34.8408],[127.014,34.839],[127.0084,34.8412],[127.0029,34.8389],[127.0007,34.8394],[126.9976,34.8358],[126.9926,34.8356],[126.9864,34.8424],[126.9814,34.8439],[126.9789,34.8508],[126.9724,34.8495],[126.9692,34.8508],[126.968,34.8495],[126.9695,34.8487],[126.9689,34.8475],[126.9635,34.8447],[126.9621,34.8403],[126.9519,34.8403],[126.9489,34.8417],[126.9487,34.8355],[126.9472,34.8344],[126.9498,34.8278],[126.9443,34.8238],[126.9409,34.8237],[126.9382,34.8291],[126.9327,34.8314],[126.9288,34.8302],[126.9234,34.8361],[126.921,34.8358],[126.9232,34.8409],[126.9215,34.8445],[126.9062,34.8461],[126.906,34.8563],[126.9098,34.8582],[126.907,34.86],[126.9044,34.8677],[126.8992,34.8728],[126.8874,34.8742],[126.8845,34.8773],[126.8798,34.8761],[126.8771,34.8778],[126.8759,34.8739],[126.8704,34.875],[126.867,34.8722],[126.8605,34.8717],[126.8579,34.8688],[126.8538,34.8698],[126.8498,34.868],[126.8434,34.8702],[126.841,34.8683],[126.8288,34.8676],[126.8239,34.8711],[126.8335,34.8775],[126.8352,34.8802],[126.8403,34.8807],[126.8444,34.8845],[126.85,34.8865],[126.8602,34.887],[126.8641,34.8896],[126.8706,34.8909],[126.8718,34.8959],[126.8764,34.8989],[126.8762,34.9038],[126.8715,34.9068],[126.8725,34.9147],[126.8692,34.9185],[126.869,34.9214],[126.8711,34.922],[126.8733,34.9265],[126.8717,34.9294],[126.8724,34.9311],[126.8681,34.9348],[126.8665,34.9396],[126.8735,34.9477],[126.8784,34.9498],[126.8792,34.9557],[126.8816,34.9576],[126.8822,34.9603],[126.8785,34.9625],[126.8768,34.9668],[126.8833,34.9723],[126.8853,34.9797],[126.8923,34.9832],[126.8947,34.9928],[126.8912,34.9955],[126.8902,34.999],[126.8869,35.0001],[126.8843,35.0032],[126.8681,35.0096],[126.8743,35.0189],[126.8825,35.0215],[126.8811,35.0317],[126.8837,35.0321],[126.8853,35.0355],[126.8905,35.038],[126.8924,35.042],[126.8921,35.0448],[126.8899,35.0461],[126.8913,35.0496],[126.899,35.0542],[126.8978,35.0581],[126.8933,35.0626],[126.8959,35.0636],[126.8945,35.065],[126.8958,35.072],[126.8946,35.0744],[126.8909,35.0761],[126.892,35.078],[126.8951,35.0807],[126.9045,35.0814],[126.9106,35.0887],[126.9206,35.0917],[126.9247,35.088],[126.9277,35.0804],[126.9325,35.0778],[126.9323,35.0744],[126.9423,35.0725],[126.9525,35.0734],[126.9595,35.0791],[126.9586,35.0826],[126.9628,35.0872],[126.974,35.0919],[126.9796,35.0919],[126.989,35.095],[126.9876,35.0995],[126.9888,35.1013],[126.9864,35.1059],[126.9889,35.1073],[126.9885,35.1101],[126.9999,35.1141],[126.9987,35.1158],[127.0046,35.1218],[127.0113,35.1256],[127.0118,35.1278],[127.0087,35.1337],[127.0128,35.1343],[127.0195,35.1385],[127.0455,35.1279],[127.0469,35.1296],[127.0495,35.1295],[127.0536,35.1275],[127.0568,35.1219],[127.0639,35.1217],[127.0712,35.116],[127.0804,35.1199],[127.0788,35.1233],[127.0865,35.1273],[127.0885,35.1268],[127.0896,35.1301],[127.0877,35.1313],[127.0859,35.1378],[127.0839,35.1387],[127.0842,35.144],[127.0824,35.1474],[127.0731,35.1532],[127.0733,35.1563],[127.0681,35.163],[127.0679,35.1749],[127.0639,35.1799],[127.0657,35.1841],[127.0698,35.1849],[127.0726,35.1823],[127.081,35.18],[127.0902,35.1815],[127.0909,35.1832],[127.093,35.1826],[127.0977,35.1882],[127.1071,35.1913],[127.116,35.1921],[127.1162,35.1939],[127.1219,35.1981],[127.1285,35.1944],[127.1352,35.194],[127.1384,35.1956],[127.1448,35.1939],[127.1611,35.1998],[127.1622,35.202],[127.1702,35.2051],[127.1787,35.2129],[127.1843,35.2143]]]}},{"id":"164","type":"Feature","properties":{"name":"장흥군"},"geometry":{"type":"MultiPolygon","coordinates":[[[[126.93,34.4371],[126.9304,34.436],[126.9289,34.4361],[126.93,34.4371]]],[[[126.9394,34.4384],[126.9392,34.4391],[126.9402,34.4386],[126.9394,34.4384]]],[[[126.9534,34.4548],[126.9531,34.4543],[126.953,34.4549],[126.9534,34.4548]]],[[[126.9516,34.4548],[126.9524,34.4549],[126.9524,34.4542],[126.9516,34.4548]]],[[[126.95,34.4624],[126.9491,34.4615],[126.9492,34.4622],[126.95,34.4624]]],[[[126.9597,34.4621],[126.9634,34.4656],[126.9694,34.4624],[126.967,34.4595],[126.968,34.4533],[126.9658,34.4517],[126.967,34.4463],[126.9648,34.4446],[126.9657,34.4454],[126.9627,34.4482],[126.9647,34.4528],[126.9617,34.4555],[126.9642,34.4584],[126.9631,34.4597],[126.9589,34.459],[126.9597,34.4621]]],[[[126.968,34.4993],[126.9683,34.4997],[126.9697,34.4988],[126.968,34.4993]]],[[[127.0119,34.5677],[127.0112,34.5676],[127.0117,34.568],[127.0119,34.5677]]],[[[127.0072,34.5737],[127.0067,34.5735],[127.0069,34.5739],[127.0072,34.5737]]],[[[127.0002,34.5881],[126.9997,34.5871],[126.9986,34.5887],[127.0002,34.5881]]],[[[127.0047,34.6046],[127.0043,34.6044],[127.0041,34.6051],[127.0047,34.6046]]],[[[127.027,34.6103],[127.0269,34.6099],[127.0267,34.6103],[127.027,34.6103]]],[[[127.0109,34.6206],[127.0169,34.6188],[127.0149,34.6116],[127.0123,34.6106],[127.012,34.6146],[127.009,34.6167],[127.0109,34.6206]]],[[[126.976,34.4697],[126.9752,34.4748],[126.9679,34.4784],[126.9618,34.4715],[126.9633,34.4679],[126.962,34.4694],[126.9561,34.4684],[126.954,34.471],[126.9545,34.4734],[126.9509,34.4747],[126.9445,34.4836],[126.9414,34.4822],[126.941,34.4772],[126.9374,34.4787],[126.9374,34.4757],[126.9402,34.4711],[126.9413,34.4623],[126.9455,34.4608],[126.9481,34.4555],[126.9467,34.4566],[126.9397,34.4522],[126.9382,34.4474],[126.9273,34.448],[126.9254,34.4529],[126.8848,34.4571],[126.8706,34.4558],[126.8703,34.454],[126.8786,34.4494],[126.8824,34.4388],[126.8867,34.4344],[126.8869,34.4288],[126.8848,34.428],[126.8852,34.4238],[126.8836,34.422],[126.8756,34.4352],[126.8681,34.4389],[126.8663,34.4384],[126.8661,34.4383],[126.8656,34.4344],[126.863,34.4394],[126.8608,34.4404],[126.8617,34.4419],[126.8549,34.4426],[126.8499,34.4473],[126.8469,34.4481],[126.8468,34.4503],[126.845,34.4513],[126.8456,34.4535],[126.8508,34.4571],[126.8525,34.4602],[126.8541,34.4745],[126.8511,34.4781],[126.8505,34.4949],[126.8464,34.5024],[126.8414,34.5063],[126.8396,34.5108],[126.8429,34.5136],[126.8491,34.5124],[126.8508,34.5175],[126.857,34.5228],[126.8583,34.5279],[126.8648,34.5292],[126.8695,34.536],[126.8725,34.5355],[126.8769,34.5397],[126.8819,34.5402],[126.8858,34.5444],[126.8841,34.5478],[126.8764,34.5514],[126.8765,34.5602],[126.8792,34.5652],[126.8759,34.5732],[126.8788,34.5755],[126.8697,34.5832],[126.8658,34.5913],[126.8681,34.5951],[126.8561,34.6004],[126.8535,34.6046],[126.8537,34.6156],[126.8493,34.6183],[126.852,34.6213],[126.8582,34.6236],[126.8683,34.6199],[126.8743,34.6198],[126.8796,34.626],[126.8747,34.6293],[126.8715,34.6339],[126.8699,34.6429],[126.8725,34.6453],[126.8748,34.645],[126.8736,34.6454],[126.8742,34.6481],[126.8706,34.6468],[126.8739,34.6525],[126.8655,34.6603],[126.8677,34.6639],[126.8679,34.669],[126.8633,34.6721],[126.8607,34.6775],[126.8558,34.6787],[126.8568,34.6858],[126.855,34.6866],[126.8537,34.6922],[126.8562,34.6941],[126.8537,34.6955],[126.8545,34.7001],[126.848,34.7094],[126.8488,34.714],[126.8472,34.7177],[126.8495,34.7227],[126.846,34.7253],[126.8418,34.7258],[126.8402,34.7338],[126.8315,34.7372],[126.8254,34.7438],[126.8237,34.7538],[126.8209,34.7543],[126.8191,34.7629],[126.8141,34.7676],[126.8169,34.7719],[126.8168,34.7765],[126.8123,34.7805],[126.8098,34.7782],[126.7994,34.7773],[126.7954,34.7813],[126.7952,34.7885],[126.7929,34.7942],[126.7991,34.8013],[126.7989,34.8034],[126.801,34.8039],[126.7996,34.8085],[126.805,34.8183],[126.8043,34.8208],[126.8068,34.8293],[126.8192,34.8312],[126.823,34.8362],[126.8314,34.8359],[126.8381,34.8393],[126.8435,34.8397],[126.8497,34.8441],[126.8535,34.8497],[126.8531,34.8522],[126.8568,34.8533],[126.8565,34.8606],[126.8592,34.8651],[126.8579,34.8688],[126.8605,34.8717],[126.867,34.8722],[126.8704,34.875],[126.8759,34.8739],[126.8771,34.8778],[126.8798,34.8761],[126.8845,34.8773],[126.8874,34.8742],[126.8992,34.8728],[126.9044,34.8677],[126.907,34.86],[126.9098,34.8582],[126.906,34.8563],[126.9062,34.8461],[126.9215,34.8445],[126.9232,34.8409],[126.921,34.8358],[126.9234,34.8361],[126.9288,34.8302],[126.9327,34.8314],[126.9382,34.8291],[126.9409,34.8237],[126.9443,34.8238],[126.9498,34.8278],[126.9472,34.8344],[126.9487,34.8355],[126.9489,34.8417],[126.9519,34.8403],[126.9621,34.8403],[126.9635,34.8447],[126.9689,34.8475],[126.9695,34.8487],[126.968,34.8495],[126.9692,34.8508],[126.9724,34.8495],[126.9789,34.8508],[126.9814,34.8439],[126.9864,34.8424],[126.9926,34.8356],[126.9976,34.8358],[127.0007,34.8394],[127.0029,34.8389],[127.0084,34.8412],[127.014,34.839],[127.0192,34.8408],[127.0281,34.8389],[127.033,34.8402],[127.0374,34.8385],[127.0312,34.8342],[127.0314,34.8237],[127.0216,34.8218],[127.0225,34.8162],[127.0205,34.8129],[127.022,34.8099],[127.0184,34.8011],[127.0197,34.8001],[127.0167,34.7944],[127.0158,34.7877],[127.0178,34.7823],[127.0239,34.7786],[127.0245,34.7758],[127.0238,34.7731],[127.0119,34.7705],[127.0137,34.7651],[127.0158,34.7648],[127.0127,34.7636],[127.0154,34.7625],[127.0143,34.7612],[127.0163,34.7584],[127.0143,34.7544],[127.0175,34.7532],[127.0204,34.7485],[127.0164,34.7435],[127.0141,34.7378],[127.0154,34.7366],[127.0132,34.7344],[127.0087,34.7348],[126.998,34.7253],[126.993,34.724],[126.9888,34.7207],[126.9883,34.7174],[126.9819,34.7109],[126.9798,34.7099],[126.975,34.7111],[126.9719,34.7072],[126.9746,34.7018],[126.974,34.6974],[126.9775,34.6952],[126.9805,34.6893],[126.979,34.6831],[126.9878,34.6815],[126.9888,34.6831],[127.0026,34.6799],[127.0159,34.6817],[127.021,34.6806],[127.029,34.6699],[127.0302,34.6624],[127.042,34.6542],[127.0462,34.6445],[127.0446,34.6412],[127.046,34.6346],[127.0452,34.6337],[127.0457,34.635],[127.0432,34.6371],[127.0405,34.6359],[127.0382,34.6368],[127.0325,34.6341],[127.0314,34.632],[127.0328,34.6311],[127.0312,34.6316],[127.0309,34.6298],[127.0224,34.6286],[127.0186,34.6252],[127.0127,34.6241],[126.9844,34.628],[126.9689,34.6268],[126.9673,34.6252],[126.9638,34.6261],[126.9557,34.6323],[126.9521,34.6302],[126.9565,34.6308],[126.9624,34.6249],[126.9619,34.6229],[126.9641,34.622],[126.9651,34.6194],[126.9677,34.6209],[126.9668,34.6227],[126.9783,34.6245],[126.9885,34.6217],[126.9941,34.6233],[126.9951,34.6209],[126.9935,34.6186],[126.995,34.6182],[126.9936,34.6146],[126.9999,34.6108],[127.0089,34.6087],[127.0063,34.6057],[127.0047,34.6077],[127.0034,34.6073],[127.0026,34.6031],[127.0006,34.6047],[126.9973,34.6043],[126.9968,34.6033],[126.9993,34.6021],[126.9981,34.6],[126.9994,34.5979],[126.9926,34.5937],[126.9931,34.5842],[126.9869,34.5776],[126.9789,34.574],[126.9792,34.5724],[126.9858,34.5685],[126.9921,34.5669],[126.9941,34.5695],[126.9981,34.5657],[127.0031,34.57],[127.0067,34.5698],[127.0046,34.5698],[127.0063,34.5652],[127.0033,34.5615],[127.0044,34.5564],[127.0029,34.5552],[127.0026,34.5576],[126.9981,34.5624],[126.9888,34.5618],[126.9865,34.5555],[126.99,34.553],[126.9857,34.5473],[126.9864,34.5453],[126.9889,34.5451],[126.9886,34.5408],[126.9811,34.5401],[126.9775,34.5434],[126.9719,34.543],[126.9577,34.5309],[126.9631,34.5287],[126.9635,34.5261],[126.9616,34.5247],[126.9641,34.525],[126.9648,34.5231],[126.9711,34.5247],[126.9737,34.5236],[126.9717,34.5211],[126.9734,34.5147],[126.9789,34.5116],[126.9769,34.5098],[126.968,34.5101],[126.969,34.5051],[126.963,34.4954],[126.967,34.4913],[126.9701,34.4914],[126.9718,34.4887],[126.9765,34.4884],[126.9784,34.485],[126.9786,34.4776],[126.9756,34.4753],[126.9762,34.4726],[126.9784,34.4712],[126.976,34.4697]]],[[[126.9424,34.4761],[126.9453,34.4785],[126.9424,34.4761],[126.9424,34.4761]]]]}},{"id":"165","type":"Feature","properties":{"name":"강진군"},"geometry":{"type":"MultiPolygon","coordinates":[[[[126.8151,34.4491],[126.815,34.4487],[126.8146,34.4494],[126.8151,34.4491]]],[[[126.8131,34.4491],[126.8121,34.4488],[126.813,34.4502],[126.8131,34.4491]]],[[[126.7527,34.451],[126.7509,34.4489],[126.7502,34.4513],[126.7527,34.451]]],[[[126.7909,34.4623],[126.7886,34.4613],[126.7914,34.4638],[126.7909,34.4623]]],[[[126.7992,34.4664],[126.7982,34.4653],[126.7981,34.4659],[126.7992,34.4664]]],[[[126.7866,34.5127],[126.7899,34.5252],[126.7884,34.5256],[126.7907,34.5263],[126.7919,34.5291],[126.7912,34.534],[126.7892,34.5347],[126.791,34.5409],[126.7959,34.5465],[126.8018,34.5495],[126.8024,34.555],[126.8009,34.55],[126.7953,34.5477],[126.7918,34.5481],[126.7897,34.5543],[126.792,34.5556],[126.7923,34.5581],[126.7883,34.5583],[126.7959,34.5672],[126.7938,34.569],[126.7938,34.571],[126.7895,34.5716],[126.7863,34.5775],[126.7889,34.5786],[126.7897,34.5838],[126.7915,34.5838],[126.7891,34.5841],[126.7895,34.586],[126.7869,34.5885],[126.7849,34.5895],[126.7849,34.5878],[126.7833,34.5878],[126.7833,34.5897],[126.7779,34.595],[126.7822,34.5979],[126.7796,34.6039],[126.7787,34.617],[126.78,34.6214],[126.7836,34.6249],[126.7823,34.629],[126.7845,34.6342],[126.7827,34.6357],[126.7796,34.6236],[126.7725,34.6177],[126.7694,34.6171],[126.7712,34.5971],[126.7684,34.5925],[126.7708,34.5896],[126.7696,34.5891],[126.7654,34.5631],[126.768,34.5542],[126.7689,34.5547],[126.7651,34.5497],[126.766,34.5479],[126.7644,34.5454],[126.7696,34.5416],[126.7642,34.5405],[126.7657,34.5364],[126.7641,34.5333],[126.7656,34.5301],[126.7734,34.5279],[126.7723,34.5255],[126.7625,34.5273],[126.7582,34.5262],[126.7614,34.5027],[126.7658,34.4999],[126.7581,34.4955],[126.7579,34.4938],[126.7601,34.4924],[126.7587,34.49],[126.7535,34.4926],[126.7413,34.4886],[126.7385,34.4863],[126.7409,34.4806],[126.7472,34.4779],[126.7494,34.4726],[126.7524,34.4726],[126.7535,34.4751],[126.7526,34.4728],[126.7545,34.472],[126.7522,34.4711],[126.7479,34.4724],[126.7349,34.4556],[126.7194,34.4663],[126.7166,34.4705],[126.6977,34.4711],[126.692,34.4703],[126.6899,34.4681],[126.6816,34.4708],[126.6836,34.4712],[126.6823,34.474],[126.6836,34.4751],[126.6829,34.4894],[126.6857,34.4928],[126.6863,34.5],[126.685,34.5036],[126.6897,34.5102],[126.6819,34.5109],[126.6804,34.5159],[126.6857,34.5217],[126.6852,34.5286],[126.6833,34.5304],[126.6793,34.5299],[126.6741,34.5315],[126.6733,34.5335],[126.6677,34.5356],[126.6671,34.5386],[126.6716,34.5388],[126.6794,34.5419],[126.6883,34.5491],[126.6878,34.5503],[126.6903,34.5513],[126.6894,34.5524],[126.6928,34.5564],[126.6951,34.5639],[126.6878,34.5726],[126.6828,34.5761],[126.6834,34.5779],[126.6794,34.5816],[126.6809,34.583],[126.6803,34.5848],[126.6776,34.5852],[126.6721,34.5913],[126.6729,34.5946],[126.6718,34.596],[126.6871,34.6063],[126.6927,34.6233],[126.6959,34.6244],[126.7008,34.6302],[126.6934,34.6284],[126.6879,34.6318],[126.6828,34.6325],[126.6847,34.6369],[126.6887,34.6387],[126.6932,34.6491],[126.6973,34.6501],[126.6963,34.654],[126.692,34.6581],[126.6952,34.6617],[126.7017,34.662],[126.7019,34.6654],[126.6986,34.6718],[126.7024,34.6748],[126.7057,34.6818],[126.7009,34.6842],[126.696,34.6835],[126.6938,34.6855],[126.6872,34.6856],[126.6828,34.6877],[126.678,34.6854],[126.6742,34.6868],[126.6702,34.6909],[126.6724,34.6934],[126.6721,34.6973],[126.6753,34.7019],[126.6721,34.7068],[126.6815,34.713],[126.6799,34.7204],[126.6725,34.7229],[126.6654,34.7223],[126.6631,34.7277],[126.6565,34.7315],[126.6577,34.7342],[126.6646,34.7372],[126.6649,34.7397],[126.6708,34.7415],[126.6805,34.7539],[126.6854,34.7524],[126.6869,34.7542],[126.6909,34.7546],[126.6937,34.7568],[126.694,34.7597],[126.6986,34.7614],[126.7024,34.7659],[126.709,34.7657],[126.7097,34.7634],[126.7144,34.7602],[126.7173,34.7612],[126.7239,34.759],[126.7286,34.7609],[126.7383,34.7561],[126.7467,34.7576],[126.7494,34.7604],[126.7483,34.7615],[126.7497,34.7646],[126.7544,34.7655],[126.7557,34.7694],[126.7579,34.7705],[126.762,34.7706],[126.7626,34.7771],[126.767,34.7834],[126.7815,34.7864],[126.7828,34.786],[126.7841,34.7806],[126.7954,34.7813],[126.8003,34.7771],[126.8098,34.7782],[126.8123,34.7805],[126.8141,34.7795],[126.8173,34.7753],[126.8141,34.7676],[126.8191,34.7629],[126.8209,34.7543],[126.8237,34.7538],[126.8254,34.7438],[126.8315,34.7372],[126.8402,34.7338],[126.8418,34.7258],[126.846,34.7253],[126.8495,34.7227],[126.8472,34.7177],[126.8488,34.714],[126.848,34.7094],[126.8545,34.7001],[126.8537,34.6955],[126.8562,34.6941],[126.8537,34.6922],[126.855,34.6866],[126.8568,34.6858],[126.8558,34.6787],[126.8607,34.6775],[126.8633,34.6721],[126.8679,34.669],[126.8677,34.6639],[126.8655,34.6603],[126.8739,34.6525],[126.8706,34.6468],[126.8742,34.6481],[126.8736,34.6454],[126.8744,34.6455],[126.8748,34.645],[126.8725,34.6453],[126.8699,34.6429],[126.8715,34.6339],[126.8747,34.6293],[126.8796,34.626],[126.8743,34.6198],[126.8683,34.6199],[126.8582,34.6236],[126.852,34.6213],[126.8493,34.6183],[126.8537,34.6156],[126.8535,34.6046],[126.8561,34.6004],[126.8681,34.5951],[126.8658,34.5913],[126.8697,34.5832],[126.8788,34.5755],[126.8759,34.5732],[126.8792,34.5652],[126.8765,34.5602],[126.8764,34.5514],[126.8841,34.5478],[126.8858,34.5444],[126.8819,34.5402],[126.8769,34.5397],[126.8725,34.5355],[126.8695,34.536],[126.8648,34.5292],[126.8583,34.5279],[126.857,34.5228],[126.8508,34.5175],[126.8491,34.5124],[126.8429,34.5136],[126.8396,34.5108],[126.8414,34.5063],[126.8464,34.5024],[126.8505,34.4949],[126.8511,34.4781],[126.8541,34.4745],[126.8525,34.4602],[126.8508,34.4571],[126.8456,34.4535],[126.8429,34.4481],[126.8386,34.45],[126.8392,34.4535],[126.8295,34.448],[126.8265,34.4498],[126.8237,34.4487],[126.8237,34.4478],[126.823,34.4466],[126.8236,34.4483],[126.8185,34.4493],[126.8185,34.4469],[126.8184,34.4491],[126.8147,34.4507],[126.8156,34.4527],[126.8126,34.4531],[126.8109,34.4551],[126.8085,34.4541],[126.8089,34.4508],[126.8072,34.4502],[126.8061,34.452],[126.8072,34.4551],[126.8042,34.4582],[126.8069,34.4609],[126.8082,34.4682],[126.8012,34.469],[126.7912,34.4665],[126.7852,34.4686],[126.7876,34.477],[126.7975,34.4801],[126.797,34.4831],[126.7956,34.483],[126.7971,34.4843],[126.7955,34.4884],[126.7919,34.4885],[126.7937,34.4952],[126.79,34.4961],[126.7923,34.5016],[126.7892,34.5073],[126.7919,34.5103],[126.7866,34.5127]],[[126.7685,34.5419],[126.7685,34.5419],[126.7685,34.5419],[126.7685,34.5419]]],[[[126.7744,34.501],[126.7739,34.4997],[126.7735,34.5003],[126.7744,34.501]]],[[[126.7792,34.538],[126.7846,34.5348],[126.7836,34.5315],[126.7823,34.5311],[126.778,34.5321],[126.7788,34.5342],[126.7771,34.5379],[126.7792,34.538]]],[[[126.7827,34.5638],[126.7815,34.5629],[126.7818,34.5639],[126.7827,34.5638]]]]}},{"id":"166","type":"Feature","properties":{"name":"해남군"},"geometry":{"type":"MultiPolygon","coordinates":[[[[126.601,34.3194],[126.606,34.3161],[126.6048,34.3148],[126.6025,34.3157],[126.5994,34.3125],[126.5968,34.3127],[126.5853,34.3202],[126.5579,34.3218],[126.554,34.3166],[126.552,34.3165],[126.5492,34.3092],[126.5446,34.3033],[126.5375,34.304],[126.5299,34.3008],[126.5289,34.3016],[126.5295,34.2983],[126.5301,34.2983],[126.5304,34.299],[126.5323,34.2998],[126.528,34.2968],[126.5281,34.2935],[126.5254,34.2925],[126.5215,34.2935],[126.5211,34.2962],[126.5172,34.2956],[126.5172,34.304],[126.5149,34.3061],[126.5175,34.3064],[126.5161,34.3089],[126.5196,34.3102],[126.5199,34.3126],[126.5178,34.3162],[126.5145,34.3158],[126.5155,34.3173],[126.513,34.3191],[126.5164,34.3211],[126.517,34.3243],[126.5183,34.3231],[126.5215,34.3244],[126.5212,34.3262],[126.5245,34.3285],[126.5189,34.3286],[126.5189,34.3287],[126.5246,34.3286],[126.5272,34.3353],[126.525,34.3395],[126.5193,34.3447],[126.5219,34.3457],[126.5223,34.3474],[126.5201,34.3515],[126.5216,34.353],[126.5217,34.3571],[126.518,34.3578],[126.5207,34.3584],[126.52,34.3611],[126.5102,34.3654],[126.5028,34.3651],[126.5013,34.3639],[126.5012,34.3591],[126.4995,34.3596],[126.4983,34.3572],[126.4955,34.3589],[126.4932,34.3562],[126.4925,34.356],[126.495,34.3594],[126.4909,34.3596],[126.4844,34.3546],[126.4806,34.3533],[126.4792,34.3542],[126.4781,34.3493],[126.4764,34.3483],[126.475,34.3482],[126.4767,34.3504],[126.4745,34.3509],[126.4729,34.3499],[126.4728,34.3487],[126.4739,34.3481],[126.4737,34.348],[126.4711,34.3486],[126.4716,34.3546],[126.466,34.3577],[126.4651,34.3621],[126.468,34.3633],[126.4758,34.3553],[126.4814,34.3586],[126.4763,34.3646],[126.4804,34.3612],[126.4822,34.3617],[126.4826,34.3648],[126.485,34.3639],[126.4867,34.3622],[126.4872,34.3623],[126.4868,34.3651],[126.4805,34.3681],[126.4801,34.3702],[126.4781,34.3702],[126.4758,34.3728],[126.4813,34.3737],[126.4808,34.3768],[126.4742,34.3787],[126.4808,34.3811],[126.481,34.3833],[126.4768,34.3832],[126.476,34.3812],[126.4709,34.3834],[126.4719,34.3847],[126.4735,34.383],[126.478,34.3864],[126.482,34.3849],[126.4843,34.3864],[126.4833,34.3893],[126.4864,34.3857],[126.4902,34.3861],[126.4963,34.3835],[126.4975,34.3855],[126.498,34.3892],[126.4913,34.3922],[126.4948,34.3932],[126.4945,34.3943],[126.492,34.3958],[126.4904,34.3949],[126.4896,34.3969],[126.491,34.3994],[126.4869,34.401],[126.4923,34.4051],[126.4904,34.4061],[126.4895,34.4041],[126.4872,34.4083],[126.492,34.4086],[126.498,34.4055],[126.505,34.4053],[126.5084,34.4062],[126.5074,34.4074],[126.5104,34.4106],[126.5169,34.4143],[126.5107,34.4251],[126.5088,34.4241],[126.5083,34.4268],[126.5138,34.4344],[126.507,34.4408],[126.4993,34.4366],[126.4963,34.4313],[126.4897,34.4353],[126.4835,34.4339],[126.4809,34.4305],[126.4842,34.4257],[126.4823,34.4256],[126.4834,34.4245],[126.4766,34.4275],[126.4761,34.4301],[126.4622,34.4451],[126.4543,34.4489],[126.4547,34.4501],[126.4595,34.4495],[126.4647,34.4541],[126.4681,34.4482],[126.4718,34.4469],[126.4776,34.4501],[126.4714,34.4555],[126.4673,34.4565],[126.4691,34.4591],[126.4682,34.462],[126.4722,34.4686],[126.4673,34.4714],[126.464,34.4693],[126.4631,34.4681],[126.4627,34.4679],[126.4631,34.4693],[126.4558,34.4773],[126.4559,34.4822],[126.4643,34.4817],[126.4664,34.4854],[126.4601,34.4905],[126.4649,34.495],[126.4647,34.4967],[126.4627,34.4983],[126.4591,34.4969],[126.4566,34.5018],[126.4667,34.5042],[126.4715,34.5069],[126.4623,34.5207],[126.4592,34.5195],[126.4558,34.5199],[126.4584,34.5223],[126.4569,34.5238],[126.4545,34.5231],[126.4546,34.5205],[126.4525,34.5234],[126.442,34.522],[126.443,34.5266],[126.4577,34.5295],[126.4606,34.5321],[126.4569,34.5356],[126.4468,34.5358],[126.4475,34.5372],[126.4433,34.5395],[126.4344,34.5343],[126.4348,34.5366],[126.4384,34.5381],[126.4382,34.5406],[126.4343,34.5393],[126.4362,34.5422],[126.4323,34.5447],[126.4362,34.5501],[126.4325,34.5519],[126.4303,34.5555],[126.4241,34.556],[126.4199,34.5545],[126.4151,34.5583],[126.414,34.557],[126.4181,34.5532],[126.418,34.5471],[126.4095,34.5485],[126.407,34.5467],[126.4022,34.5468],[126.4032,34.5454],[126.4017,34.5449],[126.3991,34.547],[126.4039,34.5401],[126.4025,34.5403],[126.403,34.5392],[126.3983,34.5355],[126.399,34.5373],[126.397,34.5375],[126.3978,34.5355],[126.3868,34.5326],[126.3786,34.5391],[126.3807,34.5388],[126.3793,34.5403],[126.3817,34.5427],[126.3853,34.5427],[126.3859,34.5462],[126.3879,34.5469],[126.3895,34.5508],[126.3891,34.5525],[126.3844,34.5538],[126.3859,34.5557],[126.3836,34.5617],[126.3796,34.5631],[126.3769,34.5621],[126.375,34.5587],[126.3727,34.561],[126.369,34.5611],[126.3686,34.5598],[126.3636,34.5607],[126.3646,34.5584],[126.3626,34.5587],[126.3629,34.5611],[126.3606,34.5642],[126.356,34.566],[126.3537,34.5646],[126.3552,34.5667],[126.3547,34.5699],[126.3531,34.5706],[126.3528,34.5681],[126.3509,34.5675],[126.341,34.5698],[126.334,34.5734],[126.3295,34.5692],[126.3217,34.5703],[126.3141,34.5669],[126.3135,34.5688],[126.3108,34.5696],[126.3114,34.5712],[126.3058,34.5733],[126.3093,34.5765],[126.3061,34.5775],[126.3048,34.5753],[126.3039,34.5774],[126.3047,34.5791],[126.3094,34.5809],[126.3133,34.586],[126.3128,34.5878],[126.3061,34.5907],[126.2994,34.5902],[126.2972,34.5927],[126.299,34.5941],[126.2975,34.5955],[126.299,34.5983],[126.2954,34.6008],[126.2938,34.5995],[126.2947,34.5966],[126.2918,34.592],[126.288,34.594],[126.2856,34.5935],[126.2839,34.5955],[126.2802,34.5955],[126.2803,34.6001],[126.282,34.599],[126.2836,34.6011],[126.2835,34.603],[126.282,34.6034],[126.288,34.6051],[126.2807,34.61],[126.2802,34.6123],[126.2843,34.6177],[126.2806,34.6218],[126.285,34.6227],[126.289,34.6203],[126.2897,34.6223],[126.2876,34.6244],[126.2942,34.6302],[126.2906,34.6356],[126.2885,34.6361],[126.2857,34.6344],[126.2853,34.6327],[126.2869,34.6319],[126.2855,34.6309],[126.2775,34.6298],[126.2783,34.6321],[126.272,34.633],[126.2677,34.6379],[126.2604,34.641],[126.2599,34.6452],[126.2672,34.6427],[126.2686,34.6477],[126.2653,34.6486],[126.2631,34.6536],[126.2596,34.6536],[126.2629,34.6555],[126.2632,34.6585],[126.2589,34.663],[126.2575,34.6614],[126.2553,34.6642],[126.2562,34.6679],[126.2602,34.6698],[126.2602,34.6742],[126.258,34.6747],[126.2604,34.676],[126.2588,34.6776],[126.2559,34.6773],[126.2552,34.6796],[126.2577,34.681],[126.2577,34.6832],[126.261,34.684],[126.261,34.6881],[126.2593,34.6893],[126.2605,34.6924],[126.2583,34.6944],[126.2606,34.6968],[126.259,34.7007],[126.2608,34.7019],[126.2616,34.7077],[126.2648,34.7027],[126.2692,34.7017],[126.2718,34.7036],[126.2702,34.7056],[126.2717,34.709],[126.2749,34.7117],[126.2748,34.7175],[126.278,34.7194],[126.2794,34.7173],[126.2809,34.718],[126.2796,34.7214],[126.2755,34.7226],[126.2746,34.7275],[126.2845,34.7478],[126.2859,34.7577],[126.2985,34.7621],[126.3106,34.7534],[126.3073,34.7478],[126.3141,34.7461],[126.3175,34.7489],[126.3171,34.7507],[126.3195,34.7494],[126.323,34.7457],[126.3223,34.7455],[126.3186,34.7412],[126.3229,34.74],[126.3227,34.738],[126.326,34.7378],[126.3284,34.74],[126.3294,34.739],[126.3272,34.7379],[126.3272,34.7351],[126.3309,34.7335],[126.3306,34.7206],[126.339,34.7182],[126.3475,34.7105],[126.35,34.7055],[126.3489,34.7009],[126.347,34.7],[126.3559,34.693],[126.363,34.6945],[126.3636,34.6971],[126.3688,34.6983],[126.3718,34.7048],[126.37,34.7062],[126.3727,34.7068],[126.3755,34.7104],[126.3738,34.7107],[126.3763,34.7126],[126.3764,34.7147],[126.3787,34.7143],[126.3853,34.7198],[126.3879,34.7258],[126.3865,34.7206],[126.3886,34.7257],[126.4045,34.7231],[126.4659,34.7087],[126.5439,34.6578],[126.5498,34.664],[126.5541,34.6612],[126.5579,34.6653],[126.5628,34.6669],[126.5636,34.6713],[126.5672,34.676],[126.57,34.6785],[126.5751,34.6787],[126.578,34.6809],[126.5876,34.6795],[126.5933,34.6805],[126.5962,34.683],[126.6052,34.6836],[126.6091,34.6806],[126.6141,34.6819],[126.6229,34.6788],[126.6249,34.68],[126.6348,34.6743],[126.6381,34.6739],[126.6431,34.6827],[126.6471,34.6851],[126.6475,34.6885],[126.6657,34.6919],[126.6686,34.6919],[126.6775,34.6855],[126.6828,34.6877],[126.6872,34.6856],[126.6938,34.6855],[126.696,34.6835],[126.7009,34.6842],[126.7057,34.6818],[126.7024,34.6748],[126.6986,34.6718],[126.7019,34.6654],[126.7017,34.662],[126.6952,34.6617],[126.692,34.6581],[126.6963,34.654],[126.6973,34.6501],[126.6932,34.6491],[126.6887,34.6387],[126.6847,34.6369],[126.6828,34.6325],[126.6879,34.6318],[126.6934,34.6284],[126.7008,34.6302],[126.6959,34.6244],[126.6927,34.6233],[126.6871,34.6063],[126.6718,34.596],[126.6729,34.5946],[126.6721,34.5913],[126.6776,34.5852],[126.6803,34.5848],[126.6809,34.583],[126.6794,34.5816],[126.6834,34.5779],[126.6828,34.5761],[126.6878,34.5726],[126.6951,34.5639],[126.6928,34.5564],[126.6894,34.5524],[126.6903,34.5513],[126.6878,34.5503],[126.6883,34.5491],[126.6794,34.5419],[126.6716,34.5388],[126.6671,34.5386],[126.6671,34.5367],[126.6733,34.5335],[126.6741,34.5315],[126.6793,34.5299],[126.6833,34.5304],[126.6852,34.5286],[126.6857,34.5217],[126.6804,34.5159],[126.6819,34.5109],[126.6897,34.5102],[126.685,34.5036],[126.6863,34.5],[126.6857,34.4928],[126.6829,34.4894],[126.6836,34.4751],[126.6823,34.474],[126.6836,34.4712],[126.6816,34.4708],[126.6899,34.4681],[126.692,34.4703],[126.6977,34.4711],[126.7166,34.4705],[126.7194,34.4663],[126.7348,34.4549],[126.7287,34.446],[126.7246,34.4434],[126.7255,34.4422],[126.7251,34.4417],[126.7246,34.4433],[126.7244,34.4418],[126.7189,34.4457],[126.7116,34.4427],[126.7116,34.4406],[126.7133,34.4396],[126.6989,34.4407],[126.6879,34.4342],[126.69,34.4324],[126.6833,34.4302],[126.6825,34.4272],[126.6732,34.4275],[126.6779,34.421],[126.6754,34.4192],[126.677,34.4164],[126.674,34.4163],[126.674,34.4188],[126.6642,34.4271],[126.6602,34.4259],[126.6591,34.4217],[126.6607,34.4214],[126.6577,34.4203],[126.6506,34.4233],[126.6511,34.4177],[126.6463,34.4184],[126.6475,34.4133],[126.6438,34.412],[126.6457,34.4087],[126.6349,34.4123],[126.6323,34.4088],[126.634,34.4067],[126.6313,34.4071],[126.6282,34.4022],[126.6242,34.4083],[126.6181,34.4026],[126.6162,34.4026],[126.6162,34.4005],[126.6206,34.3994],[126.6216,34.3965],[126.6201,34.3927],[126.6108,34.3861],[126.6125,34.3847],[126.6137,34.3791],[126.6207,34.3785],[126.6182,34.3728],[126.6214,34.3705],[126.6201,34.3707],[126.6185,34.3665],[126.6149,34.3646],[126.6161,34.3631],[126.619,34.3643],[126.6199,34.3591],[126.6147,34.3569],[126.6141,34.3541],[126.6109,34.3536],[126.6064,34.3495],[126.6042,34.3506],[126.6006,34.3487],[126.6045,34.345],[126.6095,34.345],[126.6079,34.3411],[126.6041,34.3401],[126.6032,34.3378],[126.6006,34.3369],[126.6032,34.3348],[126.6003,34.3361],[126.5983,34.3354],[126.601,34.3334],[126.6037,34.3337],[126.6036,34.3278],[126.6017,34.3255],[126.6029,34.3237],[126.601,34.3194]],[[126.4657,34.4836],[126.4657,34.4836],[126.4657,34.4836],[126.4657,34.4836]]],[[[126.2711,34.615],[126.2697,34.6119],[126.2758,34.6132],[126.2779,34.6114],[126.2704,34.6117],[126.2635,34.6088],[126.259,34.6122],[126.2634,34.6105],[126.2711,34.615]]],[[[126.5997,34.3121],[126.5995,34.3118],[126.5995,34.312],[126.5997,34.3121]]],[[[126.61,34.3209],[126.6101,34.3205],[126.6097,34.3205],[126.61,34.3209]]],[[[126.4772,34.3334],[126.477,34.333],[126.4763,34.3331],[126.4772,34.3334]]],[[[126.6192,34.3367],[126.6189,34.3364],[126.6188,34.3367],[126.6192,34.3367]]],[[[126.4772,34.3368],[126.477,34.3363],[126.4767,34.3368],[126.4772,34.3368]]],[[[126.6038,34.3357],[126.604,34.3375],[126.6046,34.3375],[126.605,34.3367],[126.6038,34.3357]]],[[[126.5176,34.3394],[126.5163,34.3388],[126.5161,34.3391],[126.5176,34.3394]]],[[[126.619,34.3376],[126.6166,34.3381],[126.6168,34.3406],[126.6186,34.3394],[126.619,34.3376]]],[[[126.6109,34.342],[126.6111,34.3417],[126.6108,34.3419],[126.6109,34.342]]],[[[126.5141,34.3436],[126.5136,34.3435],[126.5138,34.3437],[126.5141,34.3436]]],[[[126.5147,34.3448],[126.5141,34.3444],[126.5138,34.3447],[126.5147,34.3448]]],[[[126.4639,34.3454],[126.4741,34.3426],[126.4765,34.3453],[126.4778,34.3433],[126.475,34.3406],[126.4769,34.3379],[126.4749,34.3373],[126.4746,34.3388],[126.4733,34.3375],[126.4752,34.3354],[126.4735,34.3314],[126.4709,34.3347],[126.472,34.3373],[126.4671,34.3399],[126.4639,34.3454]]],[[[126.4626,34.3635],[126.4625,34.3622],[126.4616,34.363],[126.4626,34.3635]]],[[[126.475,34.3712],[126.4725,34.3711],[126.4721,34.3719],[126.4737,34.3725],[126.475,34.3712]]],[[[126.4708,34.381],[126.4687,34.3813],[126.471,34.3825],[126.4708,34.381]]],[[[126.6258,34.4039],[126.6254,34.4038],[126.6257,34.4041],[126.6258,34.4039]]],[[[126.6469,34.4047],[126.6472,34.4037],[126.6452,34.4042],[126.6469,34.4047]]],[[[126.4888,34.4104],[126.4882,34.4103],[126.4886,34.4108],[126.4888,34.4104]]],[[[126.6527,34.4125],[126.6517,34.412],[126.6517,34.4127],[126.6527,34.4125]]],[[[126.6489,34.4133],[126.6487,34.413],[126.6485,34.4136],[126.6489,34.4133]]],[[[126.6821,34.4242],[126.6811,34.4235],[126.6809,34.4244],[126.6821,34.4242]]],[[[126.4409,34.4286],[126.4403,34.428],[126.44,34.4285],[126.4409,34.4286]]],[[[126.6853,34.4292],[126.6849,34.4288],[126.6855,34.4301],[126.6853,34.4292]]],[[[126.4658,34.4273],[126.4624,34.4254],[126.4607,34.4259],[126.4635,34.4279],[126.4636,34.4297],[126.4658,34.4273]]],[[[126.7336,34.4349],[126.7336,34.4347],[126.7334,34.4348],[126.7336,34.4349]]],[[[126.7139,34.4348],[126.7074,34.433],[126.7023,34.4345],[126.7065,34.4337],[126.7139,34.4348]]],[[[126.4334,34.4322],[126.4412,34.4338],[126.4415,34.4324],[126.4358,34.4317],[126.4348,34.4298],[126.4334,34.4322]]],[[[126.4362,34.4351],[126.4358,34.4347],[126.4353,34.4353],[126.4362,34.4351]]],[[[126.4327,34.4359],[126.4312,34.434],[126.4284,34.4341],[126.4327,34.4359]]],[[[126.4305,34.4398],[126.4343,34.4388],[126.4352,34.4376],[126.4323,34.4365],[126.4328,34.4377],[126.4305,34.4398]]],[[[126.7342,34.4463],[126.7344,34.4453],[126.7337,34.4455],[126.7342,34.4463]]],[[[126.4235,34.4467],[126.4287,34.4443],[126.4291,34.4434],[126.4241,34.445],[126.4235,34.4467]]],[[[126.4186,34.4576],[126.4205,34.4535],[126.4183,34.4517],[126.4137,34.4558],[126.4149,34.4562],[126.4168,34.455],[126.418,34.4552],[126.4186,34.4576]]],[[[126.4127,34.4665],[126.4183,34.4586],[126.4138,34.459],[126.4122,34.4606],[126.4147,34.4631],[126.4127,34.4665]]],[[[126.4583,34.4902],[126.4572,34.4889],[126.4564,34.4896],[126.4583,34.4902]]],[[[126.4598,34.4903],[126.4593,34.4902],[126.4594,34.4905],[126.4598,34.4903]]],[[[126.463,34.4956],[126.4627,34.4954],[126.4627,34.4957],[126.463,34.4956]]],[[[126.4408,34.525],[126.4405,34.5239],[126.4405,34.525],[126.4408,34.525]]],[[[126.4271,34.5314],[126.4267,34.5313],[126.4269,34.5315],[126.4271,34.5314]]],[[[126.4264,34.5324],[126.4258,34.5313],[126.4253,34.532],[126.4264,34.5324]]],[[[126.4512,34.533],[126.4513,34.5324],[126.451,34.533],[126.4512,34.533]]],[[[126.4236,34.535],[126.423,34.5346],[126.4232,34.535],[126.4236,34.535]]],[[[126.425,34.538],[126.4237,34.5365],[126.4232,34.5369],[126.425,34.538]]],[[[126.4186,34.5467],[126.4183,34.5463],[126.4185,34.5469],[126.4186,34.5467]]],[[[126.3531,34.5482],[126.353,34.548],[126.353,34.5483],[126.3531,34.5482]]],[[[126.3838,34.549],[126.3834,34.5486],[126.3832,34.549],[126.3838,34.549]]],[[[126.3871,34.5494],[126.3865,34.5495],[126.3873,34.5499],[126.3871,34.5494]]],[[[126.3562,34.5519],[126.3552,34.5515],[126.355,34.5523],[126.3562,34.5519]]],[[[126.3605,34.5537],[126.3604,34.5535],[126.3602,34.5538],[126.3605,34.5537]]],[[[126.368,34.5543],[126.3674,34.5542],[126.3676,34.5545],[126.368,34.5543]]],[[[126.319,34.5633],[126.318,34.5621],[126.3177,34.563],[126.319,34.5633]]],[[[126.331,34.5679],[126.3311,34.5634],[126.3283,34.5638],[126.3273,34.5621],[126.3199,34.5594],[126.3209,34.5644],[126.3233,34.5668],[126.331,34.5679]]],[[[126.3067,34.5859],[126.3032,34.5841],[126.3024,34.5855],[126.2997,34.5813],[126.2977,34.5816],[126.3014,34.5884],[126.305,34.5884],[126.3067,34.5859]]],[[[126.2759,34.5969],[126.2762,34.5965],[126.2758,34.5967],[126.2759,34.5969]]],[[[126.2794,34.6008],[126.2793,34.6007],[126.2792,34.6008],[126.2794,34.6008]]],[[[126.2788,34.6008],[126.2787,34.6007],[126.2787,34.6009],[126.2788,34.6008]]],[[[126.2729,34.6105],[126.2729,34.6103],[126.2727,34.6104],[126.2729,34.6105]]],[[[126.2605,34.6102],[126.259,34.6102],[126.2607,34.6105],[126.2605,34.6102]]],[[[126.2523,34.6536],[126.2516,34.6525],[126.252,34.6537],[126.2523,34.6536]]],[[[126.2536,34.6688],[126.2528,34.6686],[126.2538,34.6689],[126.2536,34.6688]]],[[[126.2503,34.6758],[126.2507,34.6748],[126.2502,34.6749],[126.2503,34.6758]]],[[[126.2399,34.7013],[126.244,34.7003],[126.2442,34.6981],[126.2411,34.6976],[126.2399,34.7013]]],[[[126.2466,34.7017],[126.2458,34.7017],[126.2468,34.702],[126.2466,34.7017]]],[[[126.3659,34.7029],[126.3653,34.703],[126.3658,34.7036],[126.3659,34.7029]]],[[[126.3642,34.7049],[126.3639,34.7045],[126.3638,34.7047],[126.3642,34.7049]]],[[[126.3688,34.7082],[126.3685,34.7072],[126.3679,34.7071],[126.3688,34.7082]]],[[[126.3394,34.7239],[126.3404,34.7251],[126.3408,34.725],[126.3406,34.7241],[126.3394,34.7239]]],[[[126.3317,34.7405],[126.3346,34.7373],[126.3319,34.7361],[126.3317,34.7405]]],[[[126.328,34.7417],[126.3277,34.7414],[126.3278,34.7418],[126.328,34.7417]]],[[[126.3236,34.7423],[126.3221,34.7438],[126.3222,34.745],[126.3238,34.7434],[126.3236,34.7423]]]]}},{"id":"167","type":"Feature","properties":{"name":"영암군"},"geometry":{"type":"MultiPolygon","coordinates":[[[[126.4238,34.7351],[126.4228,34.7348],[126.4237,34.7355],[126.4238,34.7351]]],[[[126.3765,34.7614],[126.3758,34.7624],[126.3772,34.7625],[126.3765,34.7614]]],[[[126.3775,34.7684],[126.3793,34.7694],[126.3797,34.769],[126.3775,34.7684]]],[[[126.4482,34.786],[126.448,34.7858],[126.448,34.786],[126.4482,34.786]]],[[[126.448,34.787],[126.4455,34.7914],[126.4583,34.7934],[126.4684,34.7899],[126.4924,34.7701],[126.5057,34.7686],[126.5134,34.7726],[126.5165,34.7767],[126.5204,34.7881],[126.5193,34.7956],[126.523,34.7989],[126.5327,34.8031],[126.5437,34.8141],[126.5481,34.8281],[126.5535,34.8632],[126.557,34.869],[126.5614,34.87],[126.5709,34.8787],[126.5722,34.8926],[126.58,34.8958],[126.58,34.9053],[126.5732,34.9078],[126.5745,34.9151],[126.5814,34.9196],[126.5867,34.9169],[126.59,34.9187],[126.5933,34.9144],[126.5958,34.9152],[126.5921,34.9187],[126.5955,34.9207],[126.5929,34.9232],[126.5953,34.9256],[126.5977,34.9235],[126.6029,34.9234],[126.6007,34.929],[126.6053,34.9299],[126.6068,34.9254],[126.6086,34.9268],[126.6121,34.926],[126.6103,34.9238],[126.6123,34.9226],[126.6147,34.9245],[126.6132,34.9254],[126.6141,34.9266],[126.6153,34.9249],[126.6189,34.9258],[126.6189,34.9236],[126.6215,34.9248],[126.6208,34.9219],[126.624,34.9219],[126.6218,34.9213],[126.6214,34.9194],[126.6241,34.9215],[126.6289,34.9212],[126.6283,34.9188],[126.6316,34.9164],[126.6354,34.9011],[126.6344,34.8976],[126.6287,34.899],[126.6287,34.8946],[126.6325,34.8938],[126.6315,34.8888],[126.6399,34.889],[126.6439,34.8913],[126.65,34.8886],[126.6516,34.8936],[126.6612,34.8935],[126.6641,34.892],[126.6646,34.8875],[126.6692,34.8869],[126.6725,34.8818],[126.6754,34.8821],[126.6774,34.8836],[126.6734,34.888],[126.6746,34.8882],[126.6749,34.8927],[126.6801,34.8924],[126.6826,34.8941],[126.6772,34.9009],[126.6761,34.9063],[126.6774,34.9098],[126.6733,34.9109],[126.6772,34.9141],[126.6765,34.9169],[126.672,34.9205],[126.6691,34.9254],[126.6621,34.9283],[126.6632,34.9296],[126.6624,34.935],[126.6698,34.9455],[126.6759,34.9463],[126.6829,34.9444],[126.6855,34.9458],[126.6883,34.9427],[126.6992,34.9404],[126.7025,34.9354],[126.7031,34.9305],[126.7064,34.927],[126.7062,34.9245],[126.7158,34.9177],[126.7129,34.9094],[126.7112,34.9091],[126.7115,34.9065],[126.7134,34.9071],[126.7163,34.905],[126.7206,34.8999],[126.7199,34.8933],[126.7251,34.8896],[126.7332,34.8904],[126.7391,34.8943],[126.7447,34.8956],[126.7437,34.8981],[126.7505,34.8961],[126.7657,34.8996],[126.7738,34.8936],[126.7764,34.8894],[126.7842,34.8848],[126.7834,34.8817],[126.785,34.8796],[126.7944,34.8779],[126.8011,34.8732],[126.8013,34.8699],[126.8031,34.8685],[126.8102,34.8694],[126.8114,34.8744],[126.8201,34.871],[126.823,34.8714],[126.8288,34.8676],[126.841,34.8683],[126.8434,34.8702],[126.8498,34.868],[126.8563,34.8696],[126.8593,34.8666],[126.8587,34.8624],[126.8565,34.8606],[126.8568,34.8533],[126.8531,34.8522],[126.8535,34.8497],[126.8492,34.8437],[126.8435,34.8397],[126.8381,34.8393],[126.8314,34.8359],[126.823,34.8362],[126.8192,34.8312],[126.8153,34.8296],[126.8068,34.8293],[126.8043,34.8208],[126.805,34.8183],[126.7996,34.8085],[126.801,34.8039],[126.7989,34.8034],[126.7991,34.8013],[126.7929,34.7942],[126.7952,34.7885],[126.7954,34.7813],[126.7841,34.7806],[126.7819,34.7864],[126.7697,34.7849],[126.7646,34.781],[126.7624,34.7763],[126.762,34.7706],[126.7557,34.7694],[126.7544,34.7655],[126.7497,34.7646],[126.7483,34.7615],[126.7494,34.7604],[126.7436,34.7568],[126.7365,34.7563],[126.7286,34.7609],[126.7239,34.759],[126.7173,34.7612],[126.7141,34.7602],[126.7097,34.7634],[126.7092,34.7656],[126.704,34.7666],[126.6986,34.7614],[126.694,34.7597],[126.6937,34.7568],[126.6909,34.7546],[126.6869,34.7542],[126.6854,34.7524],[126.6805,34.7539],[126.6708,34.7415],[126.6649,34.7397],[126.6646,34.7372],[126.6577,34.7342],[126.6568,34.7305],[126.6631,34.7277],[126.6654,34.7223],[126.6725,34.7229],[126.6798,34.7207],[126.6815,34.713],[126.6721,34.7068],[126.6753,34.7019],[126.6721,34.6973],[126.6724,34.6934],[126.6702,34.6909],[126.6657,34.6919],[126.6475,34.6885],[126.6471,34.6851],[126.6431,34.6827],[126.6381,34.6739],[126.6348,34.6743],[126.6249,34.68],[126.6229,34.6788],[126.6141,34.6819],[126.6091,34.6806],[126.6052,34.6836],[126.5962,34.683],[126.5933,34.6805],[126.5876,34.6795],[126.578,34.6809],[126.5751,34.6787],[126.57,34.6785],[126.5672,34.676],[126.5636,34.6713],[126.5628,34.6669],[126.5579,34.6653],[126.5541,34.6612],[126.5498,34.664],[126.5439,34.6578],[126.5207,34.6697],[126.4921,34.6909],[126.4659,34.7087],[126.4629,34.7095],[126.47,34.7173],[126.4381,34.7216],[126.4224,34.7259],[126.4279,34.7327],[126.4265,34.7355],[126.4213,34.7386],[126.4195,34.737],[126.4196,34.7343],[126.4255,34.7304],[126.4238,34.728],[126.4128,34.7325],[126.4105,34.7304],[126.402,34.7312],[126.3952,34.7337],[126.3997,34.7355],[126.3994,34.733],[126.4036,34.7314],[126.4046,34.7347],[126.4024,34.7372],[126.4049,34.7386],[126.3957,34.7403],[126.3949,34.7391],[126.3969,34.7348],[126.3909,34.7334],[126.3913,34.7314],[126.3897,34.7306],[126.3883,34.7258],[126.389,34.7295],[126.3873,34.7297],[126.3891,34.7314],[126.3856,34.7316],[126.3606,34.742],[126.3653,34.7491],[126.3682,34.7478],[126.3693,34.7488],[126.3656,34.7497],[126.3681,34.7501],[126.3657,34.7512],[126.3743,34.7491],[126.3805,34.7527],[126.3802,34.758],[126.3735,34.7548],[126.3803,34.76],[126.382,34.7639],[126.3789,34.765],[126.3814,34.7687],[126.3918,34.7708],[126.3913,34.7722],[126.3995,34.7742],[126.4051,34.7718],[126.4253,34.7783],[126.4336,34.777],[126.4428,34.7794],[126.4441,34.7821],[126.4497,34.7824],[126.448,34.787]]]]}},{"id":"168","type":"Feature","properties":{"name":"무안군"},"geometry":{"type":"MultiPolygon","coordinates":[[[[126.4038,34.8551],[126.4032,34.8547],[126.4038,34.8551],[126.4038,34.8551]]],[[[126.3983,34.8566],[126.3965,34.858],[126.3965,34.86],[126.3993,34.8579],[126.3983,34.8566]]],[[[126.3925,34.8597],[126.391,34.8595],[126.3906,34.8626],[126.3927,34.8625],[126.3925,34.8597]]],[[[126.3816,34.8578],[126.3798,34.8595],[126.3807,34.864],[126.3823,34.8625],[126.3816,34.8578]]],[[[126.3876,34.8864],[126.3862,34.8858],[126.3855,34.8858],[126.3867,34.887],[126.3876,34.8864]]],[[[126.3735,34.9146],[126.3724,34.9145],[126.3733,34.9153],[126.3735,34.9146]]],[[[126.3715,34.9202],[126.3714,34.92],[126.3711,34.9201],[126.3715,34.9202]]],[[[126.3841,34.9225],[126.3841,34.9212],[126.3827,34.9213],[126.3841,34.9225]]],[[[126.3227,34.9228],[126.322,34.9244],[126.3246,34.9251],[126.3257,34.9233],[126.3227,34.9228]]],[[[126.3774,34.9595],[126.3778,34.9597],[126.3784,34.9595],[126.3774,34.9595]]],[[[126.3714,35.0221],[126.3713,35.0213],[126.3711,35.0214],[126.3714,35.0221]]],[[[126.3749,35.0258],[126.3723,35.025],[126.3746,35.0287],[126.3749,35.0258]]],[[[126.387,35.0294],[126.3863,35.0293],[126.3866,35.0295],[126.387,35.0294]]],[[[126.3129,35.0445],[126.3132,35.0437],[126.3125,35.0443],[126.3129,35.0445]]],[[[126.2723,35.05],[126.2726,35.0495],[126.2722,35.0499],[126.2723,35.05]]],[[[126.4023,35.0792],[126.4015,35.0794],[126.4022,35.0802],[126.4023,35.0792]]],[[[126.3972,35.0834],[126.3972,35.0825],[126.3967,35.0829],[126.3972,35.0834]]],[[[126.3824,35.0902],[126.3823,35.0896],[126.3812,35.0903],[126.3824,35.0902]]],[[[126.3755,35.0968],[126.3765,35.0956],[126.3752,35.0965],[126.3755,35.0968]]],[[[126.3516,35.1052],[126.3513,35.1049],[126.3516,35.1054],[126.3516,35.1052]]],[[[126.2543,35.139],[126.2541,35.1392],[126.2545,35.1392],[126.2543,35.139]]],[[[126.4577,34.8107],[126.4551,34.8108],[126.4548,34.8168],[126.453,34.8185],[126.4384,34.8212],[126.4374,34.8244],[126.439,34.8278],[126.439,34.8341],[126.4361,34.8375],[126.4251,34.8388],[126.4228,34.8425],[126.42,34.8414],[126.4192,34.8444],[126.4124,34.8438],[126.4123,34.8457],[126.4051,34.8484],[126.4074,34.8527],[126.4018,34.8609],[126.4039,34.8642],[126.3973,34.8665],[126.3952,34.8695],[126.3956,34.8732],[126.4021,34.8788],[126.4017,34.8806],[126.3922,34.8828],[126.3891,34.8816],[126.3893,34.8788],[126.387,34.878],[126.3866,34.8804],[126.388,34.881],[126.3868,34.8822],[126.3909,34.8852],[126.3897,34.8897],[126.3938,34.8941],[126.3931,34.896],[126.392,34.8944],[126.3917,34.8944],[126.3932,34.8962],[126.3917,34.8997],[126.3962,34.8973],[126.4001,34.8996],[126.4051,34.9113],[126.4039,34.9147],[126.3994,34.9182],[126.3956,34.9187],[126.3915,34.9217],[126.3904,34.9273],[126.3872,34.9272],[126.399,34.935],[126.3976,34.9376],[126.3963,34.9358],[126.3963,34.9375],[126.3896,34.9407],[126.3879,34.9472],[126.3901,34.9545],[126.392,34.9553],[126.3947,34.9621],[126.394,34.9648],[126.3902,34.9676],[126.3832,34.9686],[126.3795,34.9716],[126.3792,34.9753],[126.3805,34.98],[126.3807,34.9879],[126.3738,34.9896],[126.3741,34.9988],[126.3722,34.9995],[126.3675,34.9956],[126.3677,34.9895],[126.3655,34.9858],[126.3658,34.9806],[126.3703,34.9736],[126.3609,34.9722],[126.3592,34.9684],[126.3612,34.966],[126.3602,34.9621],[126.3674,34.9631],[126.3713,34.9588],[126.3756,34.9575],[126.3714,34.9538],[126.3716,34.948],[126.367,34.946],[126.3652,34.9426],[126.3734,34.9413],[126.3741,34.9428],[126.3736,34.9394],[126.3689,34.9367],[126.3685,34.9341],[126.3663,34.9327],[126.3661,34.9277],[126.3712,34.9241],[126.3687,34.9229],[126.3685,34.9199],[126.353,34.9224],[126.3511,34.9209],[126.351,34.917],[126.3435,34.9141],[126.3346,34.917],[126.3292,34.916],[126.33,34.92],[126.3278,34.9251],[126.3299,34.9271],[126.3264,34.9307],[126.3218,34.9306],[126.3216,34.9287],[126.3193,34.9322],[126.3114,34.9266],[126.3062,34.928],[126.3046,34.9346],[126.3081,34.9327],[126.3101,34.9336],[126.3107,34.9356],[126.3165,34.9373],[126.317,34.9409],[126.3214,34.9435],[126.3093,34.9487],[126.3068,34.956],[126.3005,34.9576],[126.3009,34.9595],[126.2951,34.9649],[126.2983,34.9734],[126.2977,34.9761],[126.304,34.9769],[126.305,34.9851],[126.3102,34.9856],[126.3134,34.9882],[126.3089,34.976],[126.3106,34.9748],[126.3167,34.9751],[126.3188,34.9811],[126.3223,34.9718],[126.3223,34.9716],[126.3215,34.9717],[126.3213,34.9717],[126.3205,34.9716],[126.3205,34.9715],[126.3265,34.9717],[126.3274,34.9668],[126.3304,34.9671],[126.332,34.9699],[126.3359,34.9718],[126.3438,34.9723],[126.3488,34.9765],[126.3517,34.9832],[126.3582,34.9843],[126.3587,34.9929],[126.3549,34.9927],[126.3509,34.9954],[126.3449,34.9954],[126.3408,34.9975],[126.3374,34.9964],[126.3335,34.9921],[126.3337,34.9945],[126.3442,35.0002],[126.345,35.0019],[126.3669,35.0115],[126.3728,35.0167],[126.3837,35.0208],[126.3855,35.0238],[126.3902,35.0243],[126.3906,35.032],[126.3883,35.0384],[126.3808,35.0496],[126.3757,35.0466],[126.3749,35.0444],[126.373,35.0471],[126.3702,35.0477],[126.3642,35.044],[126.3567,35.042],[126.3571,35.0385],[126.3523,35.0393],[126.3482,35.0454],[126.3469,35.051],[126.3528,35.0527],[126.3494,35.0568],[126.3389,35.0607],[126.3344,35.0591],[126.3313,35.0618],[126.3394,35.0631],[126.3448,35.0708],[126.3391,35.0778],[126.337,35.0831],[126.3316,35.0886],[126.3223,35.0894],[126.3169,35.0878],[126.317,35.0848],[126.3155,35.0837],[126.3179,35.0785],[126.3112,35.0758],[126.3119,35.0735],[126.3164,35.0706],[126.3125,35.067],[126.3055,35.0667],[126.3003,35.062],[126.3013,35.0596],[126.3098,35.0594],[126.3138,35.0573],[126.3143,35.0541],[126.3063,35.0494],[126.3048,35.0455],[126.2965,35.0417],[126.3007,35.0442],[126.302,35.047],[126.2966,35.05],[126.291,35.0493],[126.2959,35.0528],[126.296,35.0548],[126.2918,35.0575],[126.2915,35.0598],[126.2855,35.0621],[126.2817,35.0618],[126.2809,35.0573],[126.2769,35.0544],[126.2734,35.0537],[126.2701,35.055],[126.2672,35.0529],[126.2618,35.0537],[126.261,35.0655],[126.257,35.0693],[126.2451,35.076],[126.2444,35.0797],[126.2449,35.085],[126.2489,35.0915],[126.2483,35.097],[126.2597,35.0932],[126.2628,35.0959],[126.262,35.1021],[126.2602,35.1043],[126.2492,35.1085],[126.2487,35.111],[126.2421,35.112],[126.2456,35.1156],[126.2465,35.1212],[126.2534,35.1304],[126.2521,35.1333],[126.2554,35.1341],[126.2571,35.1301],[126.261,35.132],[126.2565,35.1387],[126.2578,35.1417],[126.2626,35.1452],[126.2671,35.1441],[126.269,35.1459],[126.2718,35.1451],[126.271,35.15],[126.274,35.1504],[126.2733,35.1487],[126.2757,35.147],[126.2736,35.1458],[126.2782,35.142],[126.2789,35.1357],[126.2831,35.1344],[126.2902,35.1354],[126.2923,35.1369],[126.2924,35.1391],[126.2905,35.1399],[126.2916,35.1413],[126.292,35.1396],[126.2966,35.1375],[126.3012,35.1385],[126.308,35.1372],[126.3085,35.1327],[126.3057,35.1317],[126.3079,35.1274],[126.3108,35.1288],[126.321,35.1274],[126.3222,35.1284],[126.3216,35.1303],[126.3275,35.1353],[126.331,35.1414],[126.3297,35.145],[126.3258,35.1464],[126.3261,35.1494],[126.3299,35.1511],[126.3301,35.1485],[126.3355,35.1497],[126.3463,35.1597],[126.3476,35.1575],[126.3455,35.1557],[126.3457,35.1539],[126.3473,35.155],[126.3466,35.1539],[126.3452,35.1539],[126.3444,35.1508],[126.3446,35.1404],[126.3463,35.1379],[126.3411,35.1308],[126.3411,35.1291],[126.3428,35.1286],[126.3384,35.123],[126.3406,35.1206],[126.3309,35.1149],[126.3333,35.1131],[126.3329,35.1105],[126.3296,35.1092],[126.3316,35.1048],[126.3351,35.1024],[126.3354,35.0974],[126.3311,35.0948],[126.3346,35.0914],[126.333,35.0915],[126.3345,35.0911],[126.3381,35.092],[126.3435,35.0916],[126.3455,35.0937],[126.3487,35.0937],[126.3501,35.0997],[126.3529,35.0997],[126.3532,35.0979],[126.3503,35.0952],[126.3518,35.0879],[126.3504,35.0862],[126.3486,35.0889],[126.3424,35.0864],[126.3434,35.0827],[126.342,35.0814],[126.3449,35.0796],[126.3454,35.0754],[126.3501,35.0762],[126.3505,35.0794],[126.3577,35.0749],[126.3622,35.0754],[126.3627,35.0793],[126.3662,35.0785],[126.3674,35.0774],[126.3638,35.0769],[126.3654,35.0764],[126.3637,35.0748],[126.3674,35.0713],[126.365,35.0652],[126.3704,35.0614],[126.3746,35.0645],[126.3765,35.0703],[126.3831,35.0772],[126.381,35.082],[126.3886,35.0865],[126.3913,35.0857],[126.3916,35.0833],[126.395,35.0829],[126.39,35.0827],[126.3863,35.0789],[126.3875,35.0764],[126.385,35.0748],[126.3865,35.0727],[126.3837,35.0691],[126.3849,35.0657],[126.3906,35.0646],[126.3929,35.0715],[126.3964,35.0759],[126.4038,35.0708],[126.4025,35.0659],[126.4064,35.0636],[126.407,35.0603],[126.4054,35.0573],[126.4006,35.0554],[126.3981,35.0523],[126.4026,35.0509],[126.3977,35.0486],[126.3925,35.0487],[126.3928,35.0467],[126.39,35.0426],[126.3953,35.0411],[126.3981,35.0431],[126.4009,35.0429],[126.4012,35.0366],[126.3983,35.0328],[126.4038,35.0265],[126.4104,35.0292],[126.4176,35.0265],[126.4275,35.0274],[126.4229,35.036],[126.4181,35.0401],[126.4186,35.0418],[126.424,35.0483],[126.4454,35.0584],[126.4518,35.0723],[126.4586,35.0738],[126.4647,35.0713],[126.4691,35.067],[126.4798,35.0647],[126.4786,35.0646],[126.4797,35.0615],[126.4762,35.0598],[126.4727,35.0528],[126.471,35.053],[126.4635,35.042],[126.465,35.0379],[126.464,35.0312],[126.4684,35.028],[126.4669,35.0277],[126.4664,35.0248],[126.4717,35.0214],[126.4804,35.0268],[126.4835,35.0172],[126.4856,35.0188],[126.4918,35.0162],[126.4967,35.0181],[126.5005,35.0149],[126.4979,35.0079],[126.5005,35.0053],[126.4906,35.0009],[126.4925,35.0],[126.4915,34.9989],[126.4954,34.9936],[126.4985,34.9914],[126.4999,34.9856],[126.5064,34.986],[126.5093,34.9897],[126.512,34.9901],[126.5177,34.9833],[126.525,34.9833],[126.5329,34.9778],[126.5374,34.9774],[126.5412,34.975],[126.5292,34.9496],[126.5313,34.9408],[126.5416,34.9272],[126.5424,34.9199],[126.5411,34.9183],[126.5357,34.918],[126.5302,34.9254],[126.522,34.9288],[126.5147,34.9258],[126.5133,34.9208],[126.5332,34.8959],[126.5455,34.8869],[126.557,34.869],[126.5533,34.8625],[126.548,34.8272],[126.5431,34.8129],[126.5327,34.8031],[126.52,34.7965],[126.5189,34.7945],[126.5204,34.7881],[126.5165,34.7767],[126.5106,34.7705],[126.503,34.7685],[126.4924,34.7701],[126.4684,34.7899],[126.4583,34.7933],[126.4594,34.8086],[126.458,34.8081],[126.4577,34.8107]]],[[[126.3368,35.1627],[126.3351,35.1642],[126.3367,35.1668],[126.3378,35.1652],[126.3368,35.1627]]],[[[126.3041,34.928],[126.3046,34.9283],[126.3043,34.928],[126.3041,34.928]]],[[[126.3147,35.0178],[126.3146,35.018],[126.3148,35.018],[126.3147,35.0178]]],[[[126.3106,35.0137],[126.3159,35.0151],[126.3191,35.0138],[126.3167,35.0108],[126.3186,35.0077],[126.3154,35.0058],[126.314,35.0001],[126.3117,35.0074],[126.3145,35.011],[126.3106,35.0137]]]]}},{"id":"169","type":"Feature","properties":{"name":"함평군"},"geometry":{"type":"MultiPolygon","coordinates":[[[[126.3704,35.1639],[126.3718,35.1677],[126.3752,35.1671],[126.3764,35.1707],[126.3787,35.1703],[126.3922,35.1797],[126.3961,35.1794],[126.3966,35.177],[126.3998,35.1761],[126.401,35.178],[126.4049,35.1783],[126.4084,35.1826],[126.4079,35.1864],[126.4132,35.1869],[126.4221,35.1845],[126.4353,35.1728],[126.4478,35.181],[126.4503,35.187],[126.4582,35.1868],[126.462,35.1883],[126.4641,35.1867],[126.4681,35.1871],[126.4728,35.1925],[126.477,35.1939],[126.4816,35.1908],[126.4877,35.1919],[126.4894,35.1875],[126.4917,35.188],[126.4935,35.1853],[126.5008,35.1833],[126.5039,35.1849],[126.5098,35.1844],[126.5143,35.1876],[126.5216,35.1851],[126.5275,35.1862],[126.5297,35.1829],[126.5331,35.1822],[126.5439,35.1878],[126.5471,35.188],[126.5492,35.1854],[126.5612,35.1883],[126.565,35.1908],[126.5623,35.1968],[126.5642,35.1982],[126.5719,35.1986],[126.5805,35.1961],[126.5906,35.2144],[126.5895,35.2202],[126.593,35.2245],[126.5894,35.2293],[126.5966,35.2346],[126.6011,35.2356],[126.6114,35.2299],[126.6127,35.2302],[126.6143,35.2259],[126.6261,35.2192],[126.6341,35.2107],[126.6424,35.2071],[126.6473,35.1997],[126.6518,35.1965],[126.6511,35.1933],[126.6579,35.1863],[126.6618,35.1847],[126.6637,35.1822],[126.6626,35.1804],[126.6672,35.1789],[126.6666,35.1771],[126.6721,35.1731],[126.6704,35.1695],[126.6643,35.1684],[126.6626,35.1664],[126.6571,35.1666],[126.6542,35.1646],[126.6537,35.1613],[126.6553,35.1589],[126.6514,35.1548],[126.6535,35.1528],[126.6502,35.1477],[126.6447,35.1467],[126.6476,35.144],[126.6533,35.144],[126.6528,35.1409],[126.655,35.137],[126.6517,35.1204],[126.6554,35.117],[126.6556,35.1108],[126.6539,35.1074],[126.6471,35.1038],[126.6477,35.0995],[126.6462,35.098],[126.6278,35.0919],[126.6232,35.0869],[126.6197,35.088],[126.618,35.0905],[126.6061,35.0948],[126.6046,35.0993],[126.5997,35.0999],[126.5951,35.0984],[126.5973,35.0923],[126.5902,35.0697],[126.5923,35.0678],[126.5891,35.0627],[126.591,35.0593],[126.5876,35.055],[126.5911,35.0506],[126.588,35.0463],[126.5916,35.0455],[126.5899,35.0427],[126.5914,35.0438],[126.5915,35.0425],[126.5887,35.0413],[126.5913,35.0386],[126.5905,35.0366],[126.5933,35.0344],[126.5946,35.028],[126.5925,35.0271],[126.594,35.0258],[126.5924,35.025],[126.5921,35.0224],[126.5858,35.0152],[126.5887,35.0128],[126.5988,35.0125],[126.5988,35.0072],[126.5957,35.0042],[126.5943,35.0065],[126.5934,35.0054],[126.5965,34.9998],[126.592,34.9963],[126.5955,34.9954],[126.5985,34.998],[126.5991,34.997],[126.5879,34.9896],[126.5784,34.9748],[126.5737,34.9735],[126.5708,34.9742],[126.568,34.9827],[126.5655,34.9858],[126.5605,34.9886],[126.556,34.9886],[126.5461,34.9832],[126.5412,34.975],[126.5374,34.9774],[126.5329,34.9778],[126.525,34.9833],[126.5177,34.9833],[126.512,34.9901],[126.5093,34.9897],[126.5064,34.986],[126.4999,34.9856],[126.4985,34.9914],[126.4954,34.9936],[126.4915,34.9989],[126.4925,35.0],[126.4906,35.0009],[126.5005,35.0053],[126.4979,35.0079],[126.5005,35.0149],[126.4967,35.0181],[126.4918,35.0162],[126.4856,35.0188],[126.4835,35.0172],[126.4804,35.0268],[126.4704,35.0214],[126.4664,35.0248],[126.4669,35.0277],[126.4684,35.028],[126.464,35.0312],[126.465,35.0379],[126.4635,35.042],[126.471,35.053],[126.4727,35.0528],[126.4762,35.0598],[126.4797,35.0615],[126.4786,35.0646],[126.4798,35.0647],[126.4691,35.067],[126.4647,35.0713],[126.4577,35.0738],[126.4547,35.0773],[126.4464,35.0799],[126.4417,35.0841],[126.436,35.0853],[126.4578,35.0899],[126.4652,35.1],[126.4623,35.1033],[126.4606,35.102],[126.4603,35.1024],[126.4596,35.1025],[126.4537,35.1026],[126.4512,35.1062],[126.4469,35.1047],[126.4459,35.1066],[126.437,35.1052],[126.4306,35.108],[126.4218,35.1067],[126.4027,35.1377],[126.3967,35.1345],[126.3916,35.138],[126.3868,35.1429],[126.387,35.1448],[126.3886,35.1451],[126.3837,35.1497],[126.3825,35.1538],[126.3834,35.1588],[126.3781,35.1594],[126.3745,35.1574],[126.3704,35.1639]]],[[[126.3727,35.1589],[126.373,35.1591],[126.373,35.159],[126.3727,35.1589]]],[[[126.4603,35.102],[126.4601,35.1021],[126.4602,35.1023],[126.4603,35.102]]],[[[126.6065,35.2329],[126.6065,35.2329],[126.6065,35.2329],[126.6065,35.2329]]]]}},{"id":"170","type":"Feature","properties":{"name":"영광군"},"geometry":{"type":"MultiPolygon","coordinates":[[[[126.3574,35.1704],[126.3577,35.1697],[126.3569,35.1703],[126.3574,35.1704]]],[[[126.3566,35.1715],[126.3561,35.1706],[126.3557,35.1711],[126.3566,35.1715]]],[[[126.3403,35.1724],[126.3399,35.1725],[126.3403,35.1728],[126.3403,35.1724]]],[[[126.1851,35.1735],[126.1848,35.1733],[126.1846,35.1738],[126.1851,35.1735]]],[[[126.3411,35.1735],[126.3416,35.1748],[126.3442,35.1753],[126.3422,35.1744],[126.3411,35.1735]]],[[[126.2089,35.1873],[126.2134,35.1868],[126.214,35.1842],[126.2059,35.1836],[126.2089,35.1873]]],[[[126.3626,35.1893],[126.3623,35.1886],[126.3609,35.1897],[126.3626,35.1893]]],[[[126.2202,35.1946],[126.2221,35.1917],[126.2188,35.192],[126.2202,35.1946]]],[[[126.2777,35.1955],[126.2771,35.1949],[126.277,35.1954],[126.2777,35.1955]]],[[[126.1281,35.2017],[126.1276,35.1958],[126.1308,35.1919],[126.1327,35.1921],[126.1298,35.1906],[126.1278,35.1924],[126.1219,35.1905],[126.1249,35.1965],[126.1224,35.1991],[126.1242,35.2018],[126.1281,35.2017]]],[[[126.2438,35.2028],[126.2423,35.2007],[126.2393,35.2017],[126.2421,35.2033],[126.2438,35.2028]]],[[[126.1561,35.2112],[126.1556,35.2083],[126.1502,35.2063],[126.1442,35.2],[126.1403,35.2022],[126.1337,35.2016],[126.1324,35.2033],[126.1385,35.2043],[126.141,35.2061],[126.1403,35.2078],[126.1417,35.2061],[126.147,35.2058],[126.1511,35.2107],[126.1561,35.2112]]],[[[126.3001,35.247],[126.2991,35.247],[126.2984,35.2481],[126.299,35.2483],[126.3001,35.247]]],[[[126.0903,35.249],[126.0901,35.2486],[126.0899,35.2489],[126.0903,35.249]]],[[[126.0993,35.2515],[126.1025,35.2496],[126.0993,35.245],[126.0973,35.2434],[126.092,35.2436],[126.0911,35.2464],[126.093,35.2495],[126.0993,35.2515]]],[[[126.0933,35.2522],[126.0931,35.252],[126.0931,35.2521],[126.0933,35.2522]]],[[[126.1,35.2527],[126.0998,35.2526],[126.0997,35.2529],[126.1,35.2527]]],[[[126.1001,35.2534],[126.1,35.2532],[126.0999,35.2535],[126.1001,35.2534]]],[[[126.0999,35.2554],[126.1027,35.2542],[126.1009,35.2533],[126.0999,35.2554]]],[[[126.0918,35.2579],[126.0883,35.2569],[126.0857,35.2559],[126.0888,35.2578],[126.0918,35.2579]]],[[[126.083,35.2583],[126.0827,35.2584],[126.083,35.2584],[126.083,35.2583]]],[[[126.1155,35.2588],[126.11,35.255],[126.1091,35.2569],[126.1135,35.2593],[126.1155,35.2588]]],[[[126.0914,35.2599],[126.0916,35.2597],[126.091,35.2598],[126.0914,35.2599]]],[[[126.1017,35.2616],[126.1015,35.2615],[126.1016,35.2617],[126.1017,35.2616]]],[[[126.2222,35.2653],[126.2213,35.2648],[126.2209,35.2658],[126.2222,35.2653]]],[[[126.2118,35.2821],[126.2109,35.2827],[126.2106,35.2846],[126.2118,35.2839],[126.2118,35.2821]]],[[[126.2074,35.2886],[126.2075,35.2876],[126.2069,35.2886],[126.2074,35.2886]]],[[[126.2329,35.2915],[126.232,35.2925],[126.2331,35.2928],[126.2329,35.2915]]],[[[126.135,35.2926],[126.1352,35.2924],[126.135,35.2924],[126.135,35.2926]]],[[[126.2062,35.2954],[126.2057,35.295],[126.2056,35.2954],[126.2062,35.2954]]],[[[126.2012,35.2959],[126.2044,35.296],[126.2056,35.2939],[126.2012,35.2959]]],[[[126.1469,35.2927],[126.152,35.2897],[126.1517,35.2842],[126.1542,35.2783],[126.1506,35.2723],[126.149,35.2731],[126.1481,35.2715],[126.1503,35.2717],[126.1471,35.2707],[126.1418,35.2717],[126.1403,35.2735],[126.1435,35.2752],[126.1429,35.2775],[126.1348,35.2806],[126.1316,35.2838],[126.1338,35.29],[126.1373,35.2882],[126.1375,35.2897],[126.1392,35.2896],[126.1385,35.2923],[126.1412,35.2925],[126.1414,35.2995],[126.1469,35.2927]]],[[[126.2712,35.3104],[126.271,35.3087],[126.27,35.3087],[126.27,35.31],[126.2712,35.3104]]],[[[126.2616,35.3137],[126.2635,35.3142],[126.2632,35.3125],[126.2616,35.3137]]],[[[126.2678,35.3208],[126.268,35.3196],[126.2658,35.32],[126.2658,35.3206],[126.2678,35.3208]]],[[[126.2726,35.3223],[126.2723,35.3188],[126.2696,35.3201],[126.2707,35.3224],[126.2726,35.3223]]],[[[126.2787,35.3253],[126.2756,35.3211],[126.2741,35.3219],[126.2744,35.3239],[126.2787,35.3253]]],[[[125.9964,35.3225],[125.9946,35.3227],[125.9961,35.3238],[125.9964,35.3225]]],[[[126.0022,35.3264],[126.002,35.3263],[126.002,35.3264],[126.0022,35.3264]]],[[[126.01,35.3263],[126.0094,35.3262],[126.0097,35.3265],[126.01,35.3263]]],[[[126.3762,35.3306],[126.3763,35.3299],[126.3758,35.3302],[126.3762,35.3306]]],[[[126.0021,35.3323],[126.0098,35.3307],[126.0098,35.3283],[126.0022,35.3302],[125.997,35.3252],[125.9966,35.3271],[125.9997,35.3296],[125.9983,35.3323],[126.0017,35.3308],[126.0021,35.3323]]],[[[125.9912,35.3372],[125.9966,35.3375],[125.997,35.3352],[125.9862,35.3354],[125.9889,35.339],[125.9912,35.3372]]],[[[126.0449,35.3482],[126.0447,35.348],[126.0447,35.3482],[126.0449,35.3482]]],[[[126.0546,35.3522],[126.0541,35.3521],[126.0545,35.3523],[126.0546,35.3522]]],[[[126.0046,35.356],[126.0076,35.3558],[126.0035,35.3518],[126.0068,35.3481],[126.003,35.3523],[125.9995,35.3525],[125.998,35.3542],[125.9979,35.3556],[126.0012,35.3539],[126.0046,35.356]]],[[[126.0078,35.3603],[126.0078,35.3599],[126.0076,35.3603],[126.0078,35.3603]]],[[[126.0596,35.3625],[126.0598,35.3622],[126.0595,35.3622],[126.0596,35.3625]]],[[[126.0263,35.359],[126.0298,35.3596],[126.0278,35.3565],[126.0289,35.3543],[126.0367,35.3526],[126.0362,35.3484],[126.041,35.3471],[126.0399,35.3438],[126.0377,35.3437],[126.0324,35.3376],[126.0309,35.3382],[126.031,35.3351],[126.0262,35.3369],[126.025,35.3351],[126.0212,35.3364],[126.0193,35.3334],[126.0149,35.333],[126.0156,35.335],[126.021,35.3369],[126.0208,35.3398],[126.017,35.3422],[126.0128,35.3401],[126.0095,35.3439],[126.0083,35.3479],[126.0097,35.3447],[126.0119,35.3442],[126.0182,35.3457],[126.0226,35.3443],[126.0235,35.3479],[126.0192,35.3488],[126.0184,35.3523],[126.0125,35.3524],[126.0076,35.3561],[126.0079,35.3587],[126.0204,35.356],[126.0221,35.3568],[126.0223,35.3591],[126.0206,35.3605],[126.0219,35.3636],[126.0263,35.359]]],[[[126.0196,35.3672],[126.0192,35.3669],[126.0192,35.3673],[126.0196,35.3672]]],[[[126.0268,35.3683],[126.0272,35.368],[126.0268,35.3682],[126.0268,35.3683]]],[[[126.0264,35.3683],[126.0264,35.3681],[126.0263,35.3683],[126.0264,35.3683]]],[[[126.0591,35.369],[126.0599,35.3655],[126.055,35.3675],[126.056,35.3689],[126.0591,35.369]]],[[[126.1313,35.371],[126.1301,35.3711],[126.1313,35.3715],[126.1313,35.371]]],[[[126.3981,35.3766],[126.3969,35.3722],[126.3934,35.3729],[126.3981,35.3766]]],[[[126.0554,35.3746],[126.0571,35.3724],[126.0539,35.373],[126.0481,35.3709],[126.0465,35.3697],[126.0468,35.3678],[126.042,35.3702],[126.045,35.3738],[126.0504,35.3729],[126.0554,35.3746]]],[[[126.1317,35.3766],[126.1312,35.3765],[126.1316,35.3768],[126.1317,35.3766]]],[[[126.3984,35.3832],[126.3986,35.3814],[126.3979,35.3834],[126.3984,35.3832]]],[[[126.4008,35.3948],[126.4,35.3939],[126.4003,35.3951],[126.4008,35.3948]]],[[[126.4361,35.4295],[126.4449,35.427],[126.4478,35.4296],[126.4534,35.4269],[126.4686,35.4252],[126.476,35.4293],[126.4797,35.4265],[126.479,35.4247],[126.481,35.4211],[126.4797,35.4209],[126.4858,35.4163],[126.4874,35.4131],[126.4908,35.4129],[126.4929,35.4092],[126.4909,35.4041],[126.4915,35.4],[126.4894,35.3982],[126.4906,35.3952],[126.4774,35.3862],[126.4829,35.3846],[126.4833,35.3806],[126.4862,35.3776],[126.4924,35.374],[126.4974,35.3732],[126.496,35.3707],[126.4973,35.3648],[126.4952,35.3624],[126.4961,35.3576],[126.4921,35.3541],[126.4935,35.3504],[126.4969,35.35],[126.4989,35.3546],[126.5038,35.3587],[126.5082,35.3616],[126.5128,35.362],[126.5139,35.3564],[126.5205,35.3483],[126.5199,35.3428],[126.5189,35.3433],[126.5194,35.3412],[126.5172,35.3385],[126.5175,35.3341],[126.5156,35.3295],[126.5134,35.3295],[126.5138,35.327],[126.521,35.3251],[126.5244,35.3135],[126.5299,35.3123],[126.5298,35.3087],[126.5323,35.3067],[126.5394,35.3106],[126.5434,35.3098],[126.5481,35.3135],[126.5511,35.3137],[126.5531,35.3122],[126.561,35.3119],[126.5636,35.3091],[126.5677,35.3112],[126.5727,35.3101],[126.5773,35.3039],[126.5849,35.3008],[126.5881,35.3057],[126.5887,35.3108],[126.5907,35.3108],[126.5886,35.3139],[126.5894,35.3175],[126.585,35.3174],[126.5829,35.3157],[126.5813,35.3167],[126.5833,35.3182],[126.5804,35.3239],[126.585,35.3302],[126.5925,35.3306],[126.5954,35.3291],[126.5993,35.3306],[126.6042,35.3357],[126.6081,35.3317],[126.6155,35.3285],[126.6192,35.3244],[126.6264,35.3214],[126.6448,35.3198],[126.6398,35.317],[126.6416,35.3159],[126.6388,35.312],[126.6397,35.3087],[126.6315,35.3025],[126.6229,35.3022],[126.6215,35.3045],[126.6187,35.3048],[126.6115,35.3004],[126.611,35.2974],[126.6156,35.2965],[126.6185,35.2938],[126.6147,35.2883],[126.6141,35.2834],[126.6158,35.2789],[126.6117,35.2755],[126.6088,35.27],[126.5974,35.2678],[126.5919,35.2605],[126.5843,35.2579],[126.5841,35.2537],[126.5875,35.2462],[126.5843,35.2432],[126.5833,35.2394],[126.5921,35.232],[126.5894,35.2293],[126.593,35.2245],[126.5895,35.2202],[126.591,35.217],[126.5902,35.2131],[126.5805,35.1961],[126.5733,35.1984],[126.5655,35.1987],[126.5623,35.1968],[126.5649,35.1906],[126.5612,35.1883],[126.5492,35.1854],[126.5471,35.188],[126.5439,35.1878],[126.5331,35.1822],[126.5297,35.1829],[126.5275,35.1862],[126.5216,35.1851],[126.5143,35.1876],[126.5084,35.184],[126.4977,35.1838],[126.4935,35.1853],[126.4927,35.1876],[126.4894,35.1875],[126.4877,35.1919],[126.4816,35.1908],[126.477,35.1939],[126.4728,35.1925],[126.4681,35.1871],[126.4641,35.1867],[126.462,35.1883],[126.4582,35.1868],[126.4503,35.187],[126.4478,35.181],[126.4353,35.1728],[126.4221,35.1845],[126.4132,35.1869],[126.4079,35.1864],[126.4084,35.1826],[126.4049,35.1783],[126.401,35.178],[126.3998,35.1761],[126.3966,35.177],[126.3961,35.1794],[126.3922,35.1797],[126.3787,35.1703],[126.3764,35.1707],[126.3752,35.1671],[126.3718,35.1677],[126.3704,35.1638],[126.3657,35.1688],[126.3596,35.1683],[126.3614,35.171],[126.3605,35.1769],[126.3561,35.1829],[126.3535,35.1841],[126.3648,35.185],[126.368,35.1874],[126.3708,35.185],[126.3687,35.1874],[126.3734,35.1899],[126.3737,35.1903],[126.3735,35.1909],[126.3728,35.1901],[126.3726,35.1929],[126.3683,35.1951],[126.3679,35.1978],[126.3723,35.1987],[126.3789,35.2083],[126.3766,35.2122],[126.3657,35.2052],[126.3537,35.2018],[126.354,35.1963],[126.3374,35.1925],[126.3389,35.2042],[126.3422,35.2075],[126.3433,35.2117],[126.3424,35.214],[126.3404,35.2123],[126.3379,35.2164],[126.3357,35.2157],[126.3394,35.2074],[126.3354,35.2047],[126.3303,35.2049],[126.3285,35.2028],[126.3257,35.2047],[126.3215,35.2039],[126.3164,35.2053],[126.315,35.2076],[126.319,35.2151],[126.3148,35.221],[126.3137,35.2207],[126.3171,35.214],[126.3156,35.214],[126.3144,35.2095],[126.3061,35.212],[126.3044,35.212],[126.3029,35.2115],[126.3055,35.2114],[126.304,35.2093],[126.3006,35.2105],[126.2992,35.2212],[126.3001,35.2317],[126.3069,35.2442],[126.3081,35.2509],[126.3102,35.2512],[126.3114,35.2534],[126.3137,35.2517],[126.3129,35.2498],[126.3157,35.2485],[126.3151,35.2475],[126.3244,35.2424],[126.3232,35.2404],[126.324,35.236],[126.3262,35.2365],[126.3249,35.2395],[126.3258,35.241],[126.3365,35.2455],[126.333,35.2504],[126.3332,35.2529],[126.338,35.2542],[126.3419,35.2476],[126.3477,35.2477],[126.3425,35.2481],[126.3389,35.2544],[126.3433,35.2591],[126.3395,35.2556],[126.3318,35.2537],[126.3306,35.2518],[126.3313,35.2468],[126.3262,35.2476],[126.3242,35.2526],[126.3286,35.2592],[126.3254,35.2623],[126.3375,35.2706],[126.3421,35.2683],[126.3392,35.2715],[126.3463,35.2747],[126.3489,35.2713],[126.3463,35.2749],[126.3368,35.2708],[126.3321,35.2678],[126.3297,35.2698],[126.3351,35.2839],[126.3393,35.2859],[126.3503,35.2865],[126.3526,35.2829],[126.3613,35.2847],[126.3712,35.2842],[126.3698,35.2916],[126.3748,35.3007],[126.3803,35.2965],[126.3809,35.2969],[126.3741,35.3016],[126.3774,35.3068],[126.3758,35.3126],[126.3798,35.3202],[126.3783,35.324],[126.379,35.3287],[126.3877,35.3427],[126.3877,35.3525],[126.3923,35.3557],[126.3936,35.3625],[126.397,35.3682],[126.4032,35.3686],[126.4029,35.3635],[126.4058,35.3622],[126.4069,35.3653],[126.4126,35.3628],[126.4194,35.3647],[126.4273,35.358],[126.4439,35.3554],[126.4479,35.3486],[126.4467,35.3445],[126.4412,35.3419],[126.4356,35.3423],[126.4365,35.3432],[126.4346,35.3452],[126.4325,35.3464],[126.4355,35.3431],[126.4322,35.3408],[126.432,35.3381],[126.435,35.3413],[126.4435,35.3418],[126.4433,35.3412],[126.444,35.34],[126.4453,35.3432],[126.4466,35.3426],[126.4504,35.3457],[126.4466,35.3574],[126.4393,35.3591],[126.4409,35.3618],[126.4313,35.3599],[126.4287,35.3647],[126.4296,35.3679],[126.4194,35.3697],[126.4177,35.3738],[126.4115,35.3758],[126.4109,35.3791],[126.4147,35.3771],[126.4213,35.3816],[126.4181,35.3837],[126.4133,35.3815],[126.4085,35.3816],[126.4095,35.3837],[126.407,35.3847],[126.4077,35.3872],[126.4064,35.387],[126.4066,35.3889],[126.4038,35.3891],[126.4073,35.389],[126.407,35.3925],[126.4037,35.3941],[126.4032,35.3913],[126.4024,35.3958],[126.4034,35.3978],[126.4049,35.3969],[126.4095,35.3989],[126.408,35.4024],[126.4041,35.4032],[126.407,35.4028],[126.4111,35.4054],[126.4031,35.4045],[126.4111,35.4131],[126.4071,35.4171],[126.4172,35.4224],[126.4193,35.4264],[126.4237,35.4279],[126.4244,35.4297],[126.4272,35.4258],[126.4293,35.4272],[126.4317,35.4265],[126.4324,35.4287],[126.4344,35.4276],[126.4361,35.4295]]]]}},{"id":"171","type":"Feature","properties":{"name":"장성군"},"geometry":{"type":"Polygon","coordinates":[[[126.5833,35.2394],[126.5843,35.2432],[126.5875,35.2462],[126.5841,35.2537],[126.5843,35.2579],[126.5919,35.2605],[126.5974,35.2678],[126.6088,35.27],[126.6117,35.2755],[126.6158,35.2789],[126.6141,35.2834],[126.6147,35.2883],[126.6185,35.2938],[126.6156,35.2965],[126.611,35.2974],[126.6115,35.3004],[126.6187,35.3048],[126.6215,35.3045],[126.6229,35.3022],[126.6315,35.3025],[126.6397,35.3087],[126.6388,35.312],[126.6416,35.3159],[126.6398,35.317],[126.6447,35.3195],[126.647,35.3243],[126.6429,35.3312],[126.6456,35.3323],[126.653,35.3279],[126.6577,35.3346],[126.6596,35.3345],[126.6591,35.3389],[126.6609,35.3407],[126.6601,35.3442],[126.6644,35.3457],[126.6664,35.3515],[126.6823,35.3471],[126.6857,35.3442],[126.6918,35.3514],[126.6994,35.3496],[126.7046,35.3651],[126.7194,35.365],[126.7313,35.3769],[126.7322,35.3832],[126.7298,35.3891],[126.7296,35.3946],[126.7266,35.3972],[126.7225,35.3979],[126.7225,35.3999],[126.7368,35.4034],[126.7377,35.406],[126.7445,35.4088],[126.7487,35.4156],[126.7542,35.4165],[126.7543,35.4199],[126.7515,35.4228],[126.7527,35.4295],[126.7512,35.4325],[126.7517,35.4359],[126.7482,35.4399],[126.7438,35.4407],[126.7379,35.4485],[126.741,35.453],[126.7444,35.4512],[126.7495,35.4513],[126.7556,35.4558],[126.7578,35.4623],[126.7649,35.4671],[126.7711,35.4672],[126.7819,35.4706],[126.7923,35.4676],[126.814,35.4688],[126.8153,35.4738],[126.8128,35.4761],[126.8139,35.4842],[126.819,35.4869],[126.821,35.4857],[126.8241,35.4869],[126.8279,35.4863],[126.8315,35.4804],[126.8437,35.4786],[126.8402,35.469],[126.8417,35.467],[126.8379,35.4645],[126.8407,35.4611],[126.8426,35.4639],[126.8503,35.4657],[126.8632,35.4612],[126.8701,35.4615],[126.8748,35.4594],[126.8765,35.4568],[126.8811,35.4559],[126.8841,35.4513],[126.8968,35.448],[126.8996,35.4427],[126.9051,35.4408],[126.8981,35.436],[126.8976,35.433],[126.9043,35.4297],[126.9019,35.4233],[126.9031,35.4206],[126.9078,35.42],[126.9088,35.4154],[126.9161,35.4158],[126.9208,35.4109],[126.9166,35.4049],[126.9174,35.4021],[126.9251,35.3987],[126.9243,35.39],[126.9265,35.3851],[126.9245,35.3835],[126.9239,35.3794],[126.9149,35.3871],[126.9135,35.3824],[126.9029,35.3778],[126.903,35.3733],[126.8984,35.3719],[126.8956,35.3661],[126.887,35.3651],[126.8842,35.3621],[126.883,35.3509],[126.879,35.3523],[126.8758,35.3424],[126.8793,35.3399],[126.8878,35.326],[126.8803,35.3214],[126.8744,35.3231],[126.8628,35.3224],[126.8612,35.321],[126.8627,35.3179],[126.8625,35.3139],[126.8602,35.3103],[126.8617,35.3073],[126.8613,35.3012],[126.8542,35.2945],[126.8604,35.2896],[126.8651,35.2738],[126.8679,35.2723],[126.8764,35.2604],[126.8795,35.2515],[126.8742,35.2501],[126.8691,35.2462],[126.8625,35.2452],[126.8594,35.24],[126.8516,35.2383],[126.8481,35.2357],[126.8473,35.2372],[126.8443,35.237],[126.8449,35.2346],[126.8408,35.2344],[126.8401,35.2307],[126.8385,35.2298],[126.8333,35.2284],[126.8251,35.2318],[126.8239,35.2258],[126.8198,35.2261],[126.8178,35.2239],[126.8157,35.2247],[126.8054,35.2183],[126.8044,35.2213],[126.8012,35.2197],[126.7954,35.2198],[126.7895,35.2239],[126.7816,35.2248],[126.7754,35.2306],[126.7719,35.231],[126.7703,35.2328],[126.7674,35.232],[126.7553,35.2344],[126.7538,35.2371],[126.7548,35.2419],[126.7606,35.2472],[126.7637,35.2534],[126.7635,35.2565],[126.7612,35.2585],[126.7505,35.2564],[126.7484,35.2533],[126.7418,35.2508],[126.7372,35.2529],[126.73,35.2436],[126.7291,35.2373],[126.7252,35.2342],[126.7233,35.2287],[126.7199,35.2268],[126.7185,35.2218],[126.7208,35.2188],[126.7185,35.2132],[126.7107,35.2123],[126.7026,35.2076],[126.697,35.2093],[126.6904,35.215],[126.6871,35.2152],[126.6845,35.2098],[126.681,35.2084],[126.68,35.204],[126.6776,35.2025],[126.678,35.1988],[126.6765,35.1962],[126.6778,35.1938],[126.676,35.1907],[126.6721,35.1943],[126.6642,35.1924],[126.6623,35.1938],[126.6591,35.1923],[126.6562,35.1941],[126.6533,35.1924],[126.6511,35.1933],[126.6519,35.1962],[126.6473,35.1997],[126.6436,35.2061],[126.6341,35.2107],[126.6261,35.2192],[126.6143,35.2259],[126.6127,35.2302],[126.6011,35.2356],[126.5921,35.232],[126.5833,35.2394]]]}},{"id":"172","type":"Feature","properties":{"name":"완도군"},"geometry":{"type":"MultiPolygon","coordinates":[[[[126.9218,33.9888],[126.9218,33.9888],[126.92,33.9879],[126.9218,33.9888]]],[[[126.9218,33.9898],[126.9261,33.9886],[126.9316,33.9854],[126.9338,33.9809],[126.9369,33.9792],[126.9343,33.9744],[126.9355,33.9728],[126.9346,33.9686],[126.9273,33.971],[126.9158,33.9694],[126.9133,33.9719],[126.9143,33.9741],[126.9101,33.9791],[126.9099,33.9829],[126.917,33.9888],[126.9225,33.9865],[126.924,33.9888],[126.9218,33.9898]]],[[[126.9192,33.9903],[126.9189,33.9897],[126.9188,33.9898],[126.9192,33.9903]]],[[[126.5896,34.1037],[126.5897,34.1038],[126.5896,34.1037],[126.5896,34.1037]]],[[[126.576,34.1142],[126.5758,34.114],[126.5757,34.1141],[126.576,34.1142]]],[[[126.6577,34.1146],[126.6576,34.1144],[126.6574,34.1146],[126.6577,34.1146]]],[[[126.5957,34.1116],[126.5939,34.11],[126.5947,34.1083],[126.5979,34.1051],[126.6013,34.1046],[126.6048,34.0991],[126.6019,34.0975],[126.5945,34.1001],[126.5867,34.1008],[126.584,34.0994],[126.5854,34.102],[126.5895,34.1033],[126.5908,34.1049],[126.5897,34.1064],[126.5907,34.111],[126.5854,34.1127],[126.5907,34.1145],[126.5957,34.1116]]],[[[126.5196,34.117],[126.5183,34.1185],[126.5193,34.1187],[126.5196,34.117]]],[[[126.574,34.1281],[126.5733,34.1272],[126.5727,34.128],[126.574,34.1281]]],[[[126.5886,34.1359],[126.5885,34.1356],[126.5884,34.1359],[126.5886,34.1359]]],[[[126.5691,34.1362],[126.5719,34.1297],[126.5656,34.1287],[126.5671,34.1337],[126.5691,34.1362]]],[[[126.4926,34.1421],[126.4921,34.1417],[126.4934,34.1427],[126.4926,34.1421]]],[[[126.6815,34.1438],[126.6815,34.1431],[126.6811,34.1431],[126.6815,34.1438]]],[[[126.4987,34.1429],[126.4973,34.1418],[126.4979,34.1439],[126.4987,34.1429]]],[[[126.5876,34.144],[126.588,34.1443],[126.5881,34.1441],[126.5876,34.144]]],[[[126.4909,34.145],[126.4912,34.1441],[126.4903,34.1443],[126.4909,34.145]]],[[[126.8998,34.1481],[126.8993,34.1466],[126.8994,34.148],[126.8998,34.1481]]],[[[126.7449,34.1486],[126.7453,34.1471],[126.7447,34.1483],[126.7449,34.1486]]],[[[126.4896,34.1473],[126.4913,34.1479],[126.4914,34.1475],[126.4896,34.1473]]],[[[126.5781,34.1493],[126.5791,34.1488],[126.5779,34.1501],[126.5781,34.1493]]],[[[126.7473,34.15],[126.7445,34.1493],[126.7481,34.1562],[126.7491,34.1541],[126.7473,34.15]]],[[[126.4931,34.1555],[126.4934,34.1544],[126.4927,34.1556],[126.4931,34.1555]]],[[[126.5871,34.1538],[126.5857,34.1545],[126.5864,34.1564],[126.5871,34.1538]]],[[[126.5936,34.1608],[126.5942,34.1605],[126.5936,34.1607],[126.5936,34.1608]]],[[[126.5938,34.162],[126.5942,34.1618],[126.5936,34.162],[126.5938,34.162]]],[[[126.5934,34.1608],[126.5935,34.1621],[126.5934,34.1608],[126.5934,34.1608]]],[[[126.6042,34.1672],[126.6034,34.1666],[126.603,34.1669],[126.6042,34.1672]]],[[[126.5816,34.1691],[126.5813,34.169],[126.5818,34.1692],[126.5816,34.1691]]],[[[126.4812,34.1692],[126.4791,34.1671],[126.4796,34.1638],[126.4769,34.163],[126.4752,34.1652],[126.4754,34.1701],[126.4794,34.1715],[126.4812,34.1692]]],[[[126.6135,34.173],[126.6116,34.1727],[126.6114,34.1736],[126.6135,34.173]]],[[[126.4467,34.1732],[126.4462,34.1731],[126.4462,34.1734],[126.4467,34.1732]]],[[[126.6424,34.1746],[126.6433,34.1745],[126.6433,34.1744],[126.6424,34.1746]]],[[[126.596,34.1758],[126.5943,34.1747],[126.5947,34.1733],[126.5915,34.1746],[126.596,34.1758]]],[[[126.6433,34.1761],[126.6429,34.1756],[126.6429,34.1763],[126.6433,34.1761]]],[[[126.5595,34.1761],[126.5673,34.1726],[126.5655,34.1712],[126.5576,34.1726],[126.5595,34.1761]]],[[[126.6232,34.1765],[126.623,34.1761],[126.6232,34.1765],[126.6232,34.1765]]],[[[126.6257,34.1793],[126.6256,34.1782],[126.6252,34.1783],[126.6257,34.1793]]],[[[126.5323,34.1792],[126.532,34.1796],[126.5323,34.1796],[126.5323,34.1792]]],[[[126.4954,34.1811],[126.4953,34.1807],[126.4948,34.1808],[126.4954,34.1811]]],[[[126.5938,34.1622],[126.5875,34.1625],[126.5891,34.1612],[126.5868,34.158],[126.5876,34.1574],[126.5877,34.1569],[126.5829,34.1591],[126.5776,34.1573],[126.5807,34.153],[126.5736,34.1499],[126.5734,34.1475],[126.5758,34.1452],[126.5651,34.1445],[126.5628,34.141],[126.564,34.1369],[126.5626,34.1358],[126.5646,34.137],[126.5637,34.1354],[126.5621,34.1355],[126.5627,34.1366],[126.559,34.1359],[126.5532,34.1316],[126.5495,34.1315],[126.5476,34.1275],[126.5372,34.1265],[126.5327,34.123],[126.5252,34.1219],[126.5184,34.1265],[126.5154,34.1227],[126.5138,34.1231],[126.5103,34.1286],[126.5121,34.127],[126.5145,34.1291],[126.5047,34.1391],[126.5077,34.1409],[126.5095,34.1443],[126.5071,34.1476],[126.504,34.1472],[126.5043,34.1485],[126.5098,34.1501],[126.5095,34.1571],[126.5091,34.156],[126.5061,34.1574],[126.5047,34.1596],[126.5167,34.1658],[126.5166,34.1703],[126.5229,34.171],[126.5254,34.1743],[126.5306,34.1745],[126.5297,34.1748],[126.5311,34.1765],[126.5309,34.1752],[126.5327,34.1757],[126.5322,34.1787],[126.5368,34.1786],[126.5395,34.1818],[126.5496,34.1787],[126.5553,34.1741],[126.555,34.1676],[126.5598,34.1673],[126.5635,34.17],[126.5701,34.1696],[126.5691,34.1693],[126.5718,34.1674],[126.5706,34.1671],[126.5727,34.1612],[126.5757,34.1641],[126.5764,34.168],[126.5777,34.1687],[126.5814,34.169],[126.584,34.1699],[126.5921,34.1668],[126.5949,34.1686],[126.5976,34.1681],[126.602,34.164],[126.606,34.1655],[126.6099,34.1614],[126.6208,34.1644],[126.6212,34.1601],[126.6188,34.1584],[126.6239,34.1571],[126.6157,34.1485],[126.6137,34.1537],[126.6116,34.1534],[126.6095,34.1576],[126.603,34.1611],[126.6026,34.1595],[126.6041,34.1596],[126.6027,34.1594],[126.6024,34.1596],[126.6017,34.1575],[126.6035,34.1548],[126.6024,34.1506],[126.6053,34.1479],[126.6036,34.1462],[126.602,34.1504],[126.5974,34.1539],[126.5969,34.159],[126.5925,34.1594],[126.5949,34.1608],[126.5946,34.1615],[126.5938,34.1622]]],[[[126.4714,34.1769],[126.467,34.1799],[126.4668,34.1826],[126.4685,34.182],[126.4714,34.1769]]],[[[126.6226,34.1836],[126.6241,34.1831],[126.6226,34.1834],[126.6226,34.1836]]],[[[126.5228,34.1837],[126.5222,34.1834],[126.5221,34.1837],[126.5228,34.1837]]],[[[126.6254,34.1841],[126.6286,34.1841],[126.6294,34.1836],[126.6254,34.1841]]],[[[126.5959,34.1866],[126.5941,34.186],[126.5939,34.1863],[126.5959,34.1866]]],[[[127.0766,34.1874],[127.0752,34.185],[127.0731,34.1855],[127.0766,34.1874]]],[[[127.076,34.1888],[127.0744,34.1882],[127.0762,34.1892],[127.076,34.1888]]],[[[126.4477,34.1893],[126.4467,34.1889],[126.4469,34.1895],[126.4477,34.1893]]],[[[126.6235,34.1896],[126.6219,34.19],[126.6219,34.1905],[126.6229,34.1904],[126.6235,34.1896]]],[[[126.8495,34.1911],[126.8483,34.1884],[126.8449,34.1909],[126.8471,34.1899],[126.8495,34.1911]]],[[[126.9242,34.1915],[126.9305,34.1886],[126.9256,34.1887],[126.9252,34.1865],[126.9209,34.188],[126.9242,34.1915]]],[[[126.4822,34.1928],[126.4865,34.1904],[126.4863,34.1886],[126.4791,34.1772],[126.478,34.1855],[126.4725,34.1871],[126.4714,34.1904],[126.4754,34.1898],[126.4822,34.1928]]],[[[127.0795,34.1931],[127.0755,34.1919],[127.075,34.1892],[127.0753,34.1909],[127.0699,34.1907],[127.0747,34.1941],[127.0795,34.1931]]],[[[126.668,34.1944],[126.6683,34.1943],[126.668,34.1944],[126.668,34.1944]]],[[[126.6222,34.1952],[126.6178,34.1952],[126.6224,34.1958],[126.6222,34.1952]]],[[[126.5209,34.1958],[126.5206,34.1959],[126.521,34.196],[126.5209,34.1958]]],[[[127.0767,34.1976],[127.0761,34.1965],[127.0746,34.1968],[127.0746,34.1975],[127.0767,34.1976]]],[[[126.6146,34.1972],[126.6157,34.1963],[126.6141,34.1964],[126.6146,34.1972]]],[[[126.6301,34.1974],[126.6278,34.1987],[126.6281,34.1992],[126.6294,34.1984],[126.6301,34.1974]]],[[[126.65,34.1998],[126.661,34.1943],[126.6677,34.1945],[126.6697,34.1899],[126.678,34.1869],[126.684,34.1808],[126.6825,34.1774],[126.679,34.1758],[126.659,34.1737],[126.6575,34.171],[126.657,34.1728],[126.6548,34.17],[126.656,34.1656],[126.6589,34.1628],[126.6636,34.1642],[126.6685,34.1615],[126.6662,34.1584],[126.6689,34.1558],[126.6688,34.1495],[126.671,34.1486],[126.6699,34.1475],[126.6718,34.1471],[126.6714,34.1485],[126.6784,34.1512],[126.6825,34.1474],[126.6794,34.1457],[126.6807,34.1442],[126.6787,34.1418],[126.6803,34.1414],[126.6767,34.1395],[126.6774,34.1422],[126.6721,34.1456],[126.6681,34.1439],[126.6675,34.1426],[126.6712,34.1406],[126.6712,34.1338],[126.6725,34.1333],[126.6717,34.1302],[126.6692,34.13],[126.6692,34.1283],[126.6655,34.127],[126.6687,34.1239],[126.67,34.1199],[126.6655,34.1193],[126.6658,34.1173],[126.6622,34.1172],[126.6639,34.1136],[126.6596,34.1113],[126.6608,34.1133],[126.6575,34.1153],[126.6503,34.1158],[126.6521,34.1177],[126.653,34.1167],[126.6536,34.1186],[126.6505,34.1218],[126.6514,34.1275],[126.6518,34.1264],[126.6526,34.1275],[126.6502,34.1305],[126.6445,34.1305],[126.6441,34.1274],[126.6401,34.1262],[126.6393,34.1232],[126.6377,34.1226],[126.6357,34.1284],[126.6374,34.1307],[126.6355,34.1346],[126.6296,34.1371],[126.6342,34.1406],[126.6339,34.1425],[126.6308,34.1456],[126.628,34.1454],[126.6307,34.1527],[126.6304,34.1495],[126.6352,34.1495],[126.6369,34.1533],[126.6317,34.1531],[126.637,34.1533],[126.6412,34.1614],[126.6458,34.1654],[126.6474,34.165],[126.6487,34.1664],[126.6477,34.1677],[126.6508,34.1666],[126.6522,34.1692],[126.6521,34.1718],[126.648,34.1723],[126.6502,34.1724],[126.648,34.173],[126.6471,34.1752],[126.6429,34.1754],[126.6482,34.1766],[126.6468,34.1824],[126.6421,34.1816],[126.6415,34.1772],[126.6342,34.18],[126.6403,34.1817],[126.6416,34.1836],[126.6409,34.1849],[126.6363,34.1851],[126.6334,34.188],[126.6432,34.1866],[126.643,34.1883],[126.6484,34.1927],[126.6459,34.194],[126.6458,34.1936],[126.6449,34.1929],[126.6445,34.1927],[126.6463,34.198],[126.65,34.1998]]],[[[126.4953,34.1984],[126.4906,34.1964],[126.488,34.1978],[126.4949,34.1995],[126.4953,34.1984]]],[[[126.6458,34.2012],[126.646,34.2017],[126.6461,34.2015],[126.6458,34.2012]]],[[[126.6453,34.2019],[126.6454,34.2018],[126.6453,34.2018],[126.6453,34.2019]]],[[[126.6452,34.2022],[126.6451,34.2021],[126.6451,34.2022],[126.6452,34.2022]]],[[[126.9106,34.2045],[126.9101,34.2037],[126.9098,34.2043],[126.9106,34.2045]]],[[[127.1501,34.2037],[127.1488,34.2026],[127.1469,34.2043],[127.1501,34.2037]]],[[[127.1529,34.2051],[127.1519,34.204],[127.1505,34.2044],[127.1529,34.2051]]],[[[126.511,34.1992],[126.5155,34.2006],[126.5178,34.1991],[126.5103,34.1934],[126.5101,34.1872],[126.5058,34.1851],[126.5059,34.1867],[126.5038,34.1877],[126.4981,34.1862],[126.4933,34.1812],[126.4919,34.1773],[126.4896,34.1794],[126.4853,34.1796],[126.4874,34.1822],[126.4942,34.1844],[126.4961,34.1875],[126.4965,34.1941],[126.5021,34.1982],[126.5032,34.2024],[126.5057,34.2046],[126.511,34.1992]]],[[[126.8482,34.2059],[126.848,34.2045],[126.8559,34.2037],[126.8452,34.2038],[126.8464,34.2059],[126.8482,34.2059]]],[[[126.5425,34.2054],[126.5468,34.2002],[126.5393,34.1986],[126.54,34.2041],[126.5425,34.2054]]],[[[126.6385,34.2057],[126.6353,34.2044],[126.6308,34.2062],[126.6346,34.2089],[126.6385,34.2057]]],[[[127.1605,34.2086],[127.177,34.2083],[127.1749,34.2051],[127.1714,34.205],[127.1716,34.2038],[127.1693,34.2048],[127.1677,34.2027],[127.1607,34.2056],[127.1548,34.203],[127.1522,34.206],[127.1605,34.2086]]],[[[126.6263,34.2097],[126.6241,34.2087],[126.626,34.2105],[126.6263,34.2097]]],[[[126.7636,34.2112],[126.7693,34.2031],[126.7685,34.1991],[126.7734,34.1961],[126.7689,34.1954],[126.7691,34.19],[126.7653,34.1901],[126.7635,34.1881],[126.7606,34.1775],[126.7532,34.1869],[126.7499,34.1876],[126.7533,34.197],[126.7509,34.2008],[126.7525,34.2015],[126.7528,34.2051],[126.7554,34.2088],[126.7597,34.2084],[126.7636,34.2112]]],[[[127.1983,34.2112],[127.2004,34.2112],[127.199,34.2099],[127.1983,34.2112]]],[[[126.5127,34.2108],[126.5151,34.2087],[126.5088,34.2092],[126.511,34.209],[126.5127,34.2108]]],[[[126.9109,34.2124],[126.9118,34.2128],[126.9119,34.2123],[126.9109,34.2124]]],[[[127.0127,34.214],[127.0114,34.2134],[127.0089,34.2152],[127.0114,34.2153],[127.0127,34.214]]],[[[126.8918,34.2165],[126.8912,34.2136],[126.8963,34.2119],[126.9005,34.2115],[126.9067,34.214],[126.9101,34.2128],[126.9086,34.212],[126.9111,34.206],[126.9059,34.2036],[126.9033,34.2047],[126.9037,34.2013],[126.9071,34.1996],[126.9123,34.1916],[126.91,34.1911],[126.9112,34.1876],[126.9099,34.1855],[126.9081,34.1851],[126.9066,34.1838],[126.9109,34.1826],[126.916,34.1869],[126.9193,34.1867],[126.922,34.1836],[126.9219,34.1814],[126.9242,34.1801],[126.9235,34.1765],[126.9251,34.1732],[126.9225,34.1728],[126.9194,34.1698],[126.9197,34.1671],[126.9176,34.1655],[126.9182,34.1618],[126.9154,34.1596],[126.9146,34.1554],[126.9086,34.1534],[126.9077,34.1511],[126.9055,34.1553],[126.9021,34.1545],[126.8991,34.1571],[126.8989,34.1554],[126.8918,34.1536],[126.8915,34.1521],[126.8813,34.15],[126.8787,34.1517],[126.8815,34.1532],[126.8816,34.1555],[126.8729,34.1605],[126.8723,34.1645],[126.8689,34.1668],[126.868,34.165],[126.8651,34.1661],[126.8593,34.1623],[126.8602,34.1579],[126.8564,34.1518],[126.8535,34.1571],[126.8555,34.1611],[126.8492,34.1635],[126.8519,34.1661],[126.8555,34.1662],[126.8599,34.1705],[126.8556,34.1734],[126.8509,34.1693],[126.8473,34.1744],[126.8504,34.1765],[126.8487,34.1784],[126.851,34.1817],[126.8496,34.1789],[126.8546,34.1783],[126.8535,34.176],[126.8577,34.1778],[126.8576,34.1802],[126.852,34.1821],[126.8539,34.1832],[126.8531,34.1861],[126.8573,34.1879],[126.8567,34.1918],[126.8623,34.1947],[126.8616,34.1986],[126.8585,34.1987],[126.8578,34.2001],[126.8703,34.203],[126.8735,34.2065],[126.8723,34.2101],[126.8762,34.2128],[126.8844,34.2127],[126.8841,34.2162],[126.8918,34.2165]]],[[[126.6475,34.2166],[126.6476,34.216],[126.6472,34.2164],[126.6475,34.2166]]],[[[127.136,34.2175],[127.1342,34.2166],[127.1325,34.217],[127.1332,34.2175],[127.136,34.2175]]],[[[126.5137,34.2117],[126.5152,34.2164],[126.5162,34.2168],[126.5161,34.2148],[126.5137,34.2117]]],[[[126.4316,34.2163],[126.4308,34.2164],[126.431,34.2169],[126.4316,34.2163]]],[[[126.5493,34.2188],[126.5487,34.2188],[126.5491,34.2191],[126.5493,34.2188]]],[[[126.9899,34.2161],[126.9882,34.2172],[126.9898,34.2203],[126.9914,34.2172],[126.9899,34.2161]]],[[[126.427,34.2195],[126.4285,34.219],[126.4271,34.219],[126.427,34.2195]]],[[[127.1994,34.2181],[127.1944,34.2168],[127.1936,34.2206],[127.1983,34.2238],[127.2012,34.2213],[127.1994,34.2181]]],[[[126.6198,34.2232],[126.6183,34.2225],[126.6178,34.2232],[126.6198,34.2232]]],[[[126.6162,34.2236],[126.6168,34.2234],[126.6162,34.2234],[126.6162,34.2236]]],[[[127.0049,34.2241],[127.0138,34.2236],[127.0127,34.2214],[127.0062,34.2199],[127.0032,34.2225],[127.0049,34.2241]]],[[[126.5712,34.2261],[126.5711,34.2261],[126.5711,34.2261],[126.5712,34.2261]]],[[[126.5709,34.2265],[126.5709,34.2265],[126.5709,34.2265],[126.5709,34.2265]]],[[[126.3808,34.227],[126.3831,34.2263],[126.3839,34.2251],[126.3804,34.2249],[126.3808,34.227]]],[[[126.7714,34.2281],[126.7805,34.2268],[126.78,34.2247],[126.7781,34.2227],[126.7739,34.2229],[126.7714,34.2281]]],[[[126.5721,34.2288],[126.5707,34.2286],[126.5715,34.2298],[126.5721,34.2288]]],[[[126.4101,34.2335],[126.4089,34.2336],[126.4103,34.2339],[126.4101,34.2335]]],[[[126.405,34.2298],[126.4042,34.2313],[126.4068,34.2342],[126.4085,34.2339],[126.405,34.2298]]],[[[126.6106,34.2352],[126.6107,34.2351],[126.6106,34.2351],[126.6106,34.2352]]],[[[126.6107,34.2353],[126.6106,34.2352],[126.6107,34.2353],[126.6107,34.2353]]],[[[126.5652,34.2352],[126.5679,34.2342],[126.5652,34.2298],[126.5704,34.2281],[126.5705,34.2269],[126.5713,34.2257],[126.572,34.2251],[126.5722,34.2227],[126.5733,34.2221],[126.5761,34.2267],[126.5792,34.2286],[126.589,34.2225],[126.5922,34.2236],[126.5915,34.2249],[126.5944,34.2269],[126.6047,34.2224],[126.6077,34.224],[126.6065,34.2208],[126.6077,34.2184],[126.6113,34.2183],[126.6143,34.2162],[126.6169,34.2094],[126.6239,34.2061],[126.625,34.2033],[126.6221,34.1998],[126.6127,34.1982],[126.6107,34.1966],[126.6109,34.198],[126.608,34.1986],[126.6064,34.2009],[126.602,34.2004],[126.6045,34.1972],[126.6029,34.1945],[126.606,34.1947],[126.6113,34.1922],[126.6099,34.1908],[126.6129,34.189],[126.616,34.1823],[126.6124,34.1813],[126.6077,34.1832],[126.6064,34.1811],[126.6031,34.1827],[126.6004,34.1821],[126.5965,34.1838],[126.5998,34.189],[126.5984,34.1909],[126.5926,34.1897],[126.5908,34.1903],[126.5918,34.1913],[126.5866,34.1916],[126.5841,34.1865],[126.5858,34.1868],[126.5866,34.1841],[126.5836,34.1841],[126.5824,34.1816],[126.5908,34.1733],[126.5872,34.1726],[126.5841,34.1746],[126.5789,34.1741],[126.5742,34.1766],[126.5737,34.1754],[126.5611,34.1788],[126.5616,34.1854],[126.5633,34.1854],[126.564,34.1873],[126.5623,34.1893],[126.5591,34.1891],[126.5576,34.1907],[126.5533,34.189],[126.5486,34.1896],[126.5471,34.1927],[126.5541,34.1933],[126.5571,34.1953],[126.5519,34.1962],[126.5517,34.1975],[126.556,34.1982],[126.5546,34.2007],[126.556,34.2023],[126.557,34.2006],[126.5589,34.2027],[126.558,34.2043],[126.5559,34.2033],[126.5532,34.2056],[126.5597,34.2059],[126.5607,34.2106],[126.5652,34.2114],[126.5638,34.2134],[126.5589,34.2151],[126.5574,34.2112],[126.5567,34.2105],[126.5562,34.2108],[126.5545,34.2127],[126.5576,34.2158],[126.5569,34.2182],[126.5655,34.218],[126.5676,34.2241],[126.5656,34.2268],[126.5614,34.2259],[126.5606,34.2285],[126.563,34.2316],[126.5621,34.2328],[126.5604,34.2335],[126.5578,34.2308],[126.5568,34.233],[126.5543,34.2335],[126.5652,34.2352]]],[[[126.3877,34.2384],[126.3871,34.2384],[126.3876,34.2388],[126.3877,34.2384]]],[[[126.4209,34.2331],[126.4223,34.225],[126.4188,34.2236],[126.4217,34.2286],[126.4183,34.2336],[126.4186,34.2375],[126.4202,34.2398],[126.4193,34.2361],[126.4209,34.2331]]],[[[126.5816,34.2389],[126.5806,34.2408],[126.5812,34.2414],[126.5816,34.2389]]],[[[126.5691,34.2455],[126.569,34.2447],[126.5685,34.2449],[126.5691,34.2455]]],[[[126.5618,34.2483],[126.5679,34.2446],[126.5657,34.2416],[126.5618,34.2483]]],[[[126.6135,34.2504],[126.6212,34.2469],[126.6216,34.2416],[126.6256,34.2384],[126.6182,34.2393],[126.6133,34.2333],[126.6109,34.2348],[126.6115,34.2369],[126.6084,34.2376],[126.6053,34.2371],[126.6004,34.2326],[126.5945,34.2335],[126.5953,34.2433],[126.5995,34.2465],[126.6008,34.2453],[126.5985,34.2426],[126.6021,34.2432],[126.6017,34.2467],[126.6055,34.2494],[126.6054,34.2463],[126.6073,34.2438],[126.6087,34.2435],[126.6072,34.2461],[126.608,34.2489],[126.6129,34.2487],[126.6135,34.2504]]],[[[127.0113,34.2576],[127.0188,34.2516],[127.0159,34.2501],[127.0188,34.2478],[127.0176,34.2463],[127.0193,34.2449],[127.0157,34.2404],[127.013,34.2428],[127.0152,34.2453],[127.0143,34.2497],[127.0091,34.2539],[127.0113,34.2576]]],[[[126.4192,34.2577],[126.418,34.2579],[126.4192,34.258],[126.4192,34.2577]]],[[[126.4225,34.2584],[126.4217,34.2579],[126.4216,34.2581],[126.4225,34.2584]]],[[[126.4553,34.263],[126.4526,34.2608],[126.4463,34.2618],[126.4489,34.2635],[126.4516,34.2624],[126.4534,34.2645],[126.4553,34.263]]],[[[127.007,34.2649],[127.0061,34.2663],[127.0082,34.2669],[127.0083,34.2662],[127.007,34.2649]]],[[[126.4258,34.2675],[126.4278,34.2655],[126.4234,34.2644],[126.4258,34.2675]]],[[[127.0078,34.268],[127.0058,34.2699],[127.0061,34.2711],[127.0074,34.2711],[127.0078,34.268]]],[[[126.4244,34.2718],[126.4292,34.2711],[126.4299,34.2702],[126.425,34.2704],[126.4244,34.2718]]],[[[126.4515,34.2738],[126.4546,34.2716],[126.4503,34.271],[126.4515,34.2738]]],[[[127.1569,34.2797],[127.1552,34.2793],[127.1556,34.281],[127.1569,34.2797]]],[[[127.156,34.2817],[127.1559,34.2812],[127.1556,34.2814],[127.156,34.2817]]],[[[127.0038,34.2816],[127.0074,34.2815],[127.0075,34.2806],[127.0045,34.2804],[127.0038,34.2816]]],[[[126.5649,34.2821],[126.5711,34.2824],[126.572,34.281],[126.5703,34.2768],[126.5525,34.2738],[126.549,34.277],[126.5448,34.2773],[126.5402,34.275],[126.5391,34.2779],[126.5415,34.2827],[126.5493,34.2804],[126.5585,34.2813],[126.5626,34.2838],[126.5649,34.2821]]],[[[127.1597,34.2812],[127.1554,34.2824],[127.1567,34.2849],[127.1592,34.283],[127.1597,34.2812]]],[[[126.8968,34.2895],[126.9004,34.2875],[126.8985,34.2851],[126.895,34.2864],[126.8968,34.2895]]],[[[126.8677,34.2818],[126.864,34.2837],[126.8632,34.2877],[126.8643,34.29],[126.8677,34.2818]]],[[[126.4763,34.2886],[126.4784,34.287],[126.4766,34.2852],[126.4766,34.2823],[126.4754,34.2843],[126.4719,34.285],[126.4677,34.2796],[126.4661,34.2791],[126.4695,34.2841],[126.4691,34.2869],[126.4704,34.2859],[126.4705,34.2879],[126.4748,34.2881],[126.4771,34.2901],[126.4763,34.2886]]],[[[126.4799,34.2901],[126.4792,34.2892],[126.4786,34.2897],[126.4799,34.2901]]],[[[126.6238,34.2912],[126.6232,34.2897],[126.6233,34.2914],[126.6238,34.2912]]],[[[126.6119,34.293],[126.6131,34.2916],[126.6104,34.288],[126.6095,34.2825],[126.6065,34.2821],[126.607,34.2885],[126.6119,34.293]]],[[[126.5137,34.2938],[126.5135,34.2934],[126.5133,34.2937],[126.5137,34.2938]]],[[[126.8643,34.2978],[126.8638,34.2977],[126.8643,34.298],[126.8643,34.2978]]],[[[126.8664,34.3018],[126.8665,34.3],[126.8643,34.2982],[126.8651,34.301],[126.8664,34.3018]]],[[[126.8358,34.2985],[126.8338,34.2987],[126.8331,34.3004],[126.837,34.3011],[126.8358,34.2985]]],[[[126.8612,34.3042],[126.8611,34.3021],[126.8603,34.3029],[126.8612,34.3042]]],[[[126.8905,34.3043],[126.8895,34.3037],[126.8894,34.3045],[126.8905,34.3043]]],[[[126.5118,34.3039],[126.5091,34.2984],[126.5078,34.298],[126.5067,34.3006],[126.5086,34.3006],[126.5118,34.3039]]],[[[126.5911,34.3015],[126.5893,34.2966],[126.5937,34.2926],[126.5935,34.2912],[126.5898,34.2893],[126.5904,34.2928],[126.5849,34.2946],[126.5754,34.289],[126.5808,34.298],[126.5948,34.3044],[126.5911,34.3015]]],[[[127.1274,34.3055],[127.1322,34.3025],[127.132,34.3005],[127.126,34.3012],[127.1242,34.2997],[127.1208,34.3032],[127.1274,34.3055]]],[[[126.8885,34.3053],[126.8872,34.3055],[126.8866,34.306],[126.8873,34.3061],[126.8885,34.3053]]],[[[126.9924,34.3049],[126.9906,34.3064],[126.9925,34.3062],[126.9929,34.3056],[126.9924,34.3049]]],[[[126.6795,34.3057],[126.6794,34.3057],[126.6795,34.3065],[126.6795,34.3057]]],[[[126.9906,34.307],[126.9928,34.3068],[126.9924,34.3064],[126.9908,34.3065],[126.9906,34.307]]],[[[127.0013,34.3077],[127.0014,34.3054],[126.9989,34.3061],[127.0013,34.3077]]],[[[127.0866,34.3085],[127.0882,34.3107],[127.0891,34.3101],[127.0878,34.3089],[127.0866,34.3085]]],[[[126.6116,34.3099],[126.6098,34.3091],[126.6104,34.3108],[126.6116,34.3099]]],[[[127.0626,34.3126],[127.0641,34.3113],[127.0629,34.308],[127.0617,34.3091],[127.0626,34.3126]]],[[[127.0613,34.3129],[127.0609,34.3127],[127.061,34.3131],[127.0613,34.3129]]],[[[127.1021,34.3096],[127.1022,34.3043],[127.0997,34.3033],[127.0947,34.3041],[127.0948,34.3065],[127.0976,34.306],[127.1008,34.3092],[127.1011,34.3133],[127.1031,34.3106],[127.1021,34.3096]]],[[[127.0624,34.3131],[127.0613,34.313],[127.0616,34.3141],[127.0624,34.3131]]],[[[127.1288,34.3149],[127.1329,34.3149],[127.1321,34.3137],[127.1354,34.3095],[127.13,34.311],[127.1288,34.3149]]],[[[127.1286,34.3149],[127.1258,34.3136],[127.1253,34.314],[127.1266,34.3155],[127.1286,34.3149]]],[[[126.7569,34.3175],[126.7559,34.3163],[126.7555,34.317],[126.7569,34.3175]]],[[[126.5035,34.3144],[126.5016,34.314],[126.5007,34.3162],[126.5042,34.3184],[126.5035,34.3144]]],[[[127.0181,34.3199],[127.0181,34.3181],[127.0173,34.3185],[127.0181,34.3199]]],[[[127.0122,34.3206],[127.0138,34.3196],[127.0138,34.3188],[127.0115,34.3192],[127.0122,34.3206]]],[[[127.0918,34.3221],[127.0913,34.3217],[127.0913,34.3217],[127.0916,34.322],[127.0918,34.3221]]],[[[127.0782,34.3272],[127.0783,34.327],[127.0781,34.327],[127.0782,34.3272]]],[[[126.6541,34.3284],[126.654,34.3284],[126.6541,34.3285],[126.6541,34.3284]]],[[[126.6545,34.3286],[126.6547,34.3286],[126.6547,34.3286],[126.6545,34.3286]]],[[[126.6544,34.3287],[126.6545,34.3286],[126.6544,34.3287],[126.6544,34.3287]]],[[[126.8973,34.3293],[126.8966,34.3264],[126.896,34.3294],[126.8973,34.3293]]],[[[127.0848,34.3304],[127.0885,34.3296],[127.088,34.3273],[127.0909,34.3245],[127.0889,34.3205],[127.0869,34.3222],[127.0852,34.3205],[127.0781,34.3265],[127.0787,34.3277],[127.0787,34.3285],[127.0848,34.3304]]],[[[126.9075,34.327],[126.9063,34.3261],[126.9034,34.3284],[126.9031,34.3316],[126.9075,34.327]]],[[[126.9615,34.3325],[126.9617,34.3325],[126.9619,34.3324],[126.9615,34.3325]]],[[[127.0293,34.3337],[127.0291,34.3337],[127.0293,34.3338],[127.0293,34.3337]]],[[[126.76,34.3348],[126.7601,34.3347],[126.76,34.3348],[126.76,34.3348]]],[[[127.0799,34.3355],[127.0813,34.335],[127.0799,34.3328],[127.0787,34.3336],[127.0799,34.3355]]],[[[127.0302,34.3362],[127.0304,34.3362],[127.0302,34.3361],[127.0302,34.3362]]],[[[126.9049,34.3365],[126.9045,34.3363],[126.9046,34.3366],[126.9049,34.3365]]],[[[126.9863,34.338],[126.9862,34.3379],[126.9862,34.3379],[126.9863,34.338]]],[[[127.0204,34.3394],[127.0238,34.3392],[127.0186,34.3386],[127.0204,34.3394]]],[[[126.9161,34.3396],[126.9148,34.3392],[126.9152,34.3374],[126.9106,34.3384],[126.9161,34.3396]]],[[[126.9819,34.3409],[126.9869,34.3389],[126.986,34.3378],[126.9876,34.3364],[126.9923,34.3357],[126.9955,34.3376],[126.9967,34.3356],[126.995,34.3348],[126.9968,34.3336],[126.999,34.3341],[126.9987,34.3383],[127.0046,34.337],[127.0083,34.331],[127.0144,34.3312],[127.0119,34.3292],[127.0141,34.3281],[127.0136,34.3269],[127.0156,34.327],[127.0146,34.3257],[127.0162,34.3247],[127.0045,34.321],[127.0024,34.3139],[126.998,34.3129],[126.999,34.314],[126.9951,34.314],[126.9906,34.3111],[126.9895,34.3075],[126.9773,34.3067],[126.9726,34.3025],[126.9689,34.3042],[126.9691,34.3089],[126.9663,34.312],[126.9617,34.312],[126.9616,34.3083],[126.9602,34.31],[126.9577,34.3161],[126.9586,34.3206],[126.9588,34.3193],[126.9601,34.3204],[126.9576,34.3244],[126.9578,34.3274],[126.9635,34.3318],[126.9629,34.3337],[126.9691,34.3369],[126.969,34.3383],[126.9738,34.3375],[126.9743,34.3394],[126.9819,34.3409]]],[[[127.0151,34.3443],[127.0141,34.344],[127.0144,34.3442],[127.0151,34.3443]]],[[[127.0248,34.3439],[127.0235,34.3443],[127.0232,34.3449],[127.0238,34.3449],[127.0248,34.3439]]],[[[126.7919,34.3447],[126.7918,34.3446],[126.7909,34.345],[126.7919,34.3447]]],[[[126.7869,34.346],[126.7865,34.3459],[126.7869,34.3461],[126.7869,34.346]]],[[[127.0198,34.3476],[127.0197,34.3465],[127.0189,34.347],[127.0198,34.3476]]],[[[126.7691,34.3499],[126.7678,34.3492],[126.769,34.3504],[126.7691,34.3499]]],[[[126.7955,34.3538],[126.7938,34.3515],[126.7925,34.3519],[126.7955,34.3538]]],[[[126.7695,34.3537],[126.7698,34.3524],[126.7686,34.353],[126.7695,34.3537]]],[[[126.993,34.3554],[126.9929,34.3554],[126.9928,34.3554],[126.993,34.3554]]],[[[126.9932,34.3555],[126.9928,34.3555],[126.9929,34.3556],[126.9932,34.3555]]],[[[127.0876,34.3556],[127.0871,34.3551],[127.0867,34.3557],[127.0876,34.3556]]],[[[127.0886,34.3564],[127.088,34.3556],[127.0879,34.3559],[127.0886,34.3564]]],[[[126.8331,34.3581],[126.8392,34.3527],[126.8433,34.3527],[126.8417,34.3494],[126.8481,34.3441],[126.852,34.3466],[126.8503,34.3481],[126.8513,34.3494],[126.856,34.3513],[126.8565,34.3452],[126.859,34.3435],[126.8658,34.3496],[126.8723,34.3492],[126.8765,34.346],[126.8746,34.3449],[126.8758,34.3429],[126.8785,34.3429],[126.8783,34.3383],[126.881,34.3361],[126.8826,34.3363],[126.8824,34.3384],[126.8898,34.3405],[126.8908,34.3432],[126.8976,34.3439],[126.897,34.3329],[126.8937,34.3307],[126.8909,34.332],[126.8898,34.3346],[126.8879,34.3343],[126.8823,34.3322],[126.8835,34.3311],[126.8835,34.3309],[126.8817,34.3319],[126.8789,34.3264],[126.8786,34.3276],[126.8782,34.3276],[126.8786,34.326],[126.8823,34.3254],[126.8842,34.3223],[126.8857,34.324],[126.8866,34.3228],[126.8857,34.3191],[126.8812,34.314],[126.8829,34.31],[126.8719,34.3097],[126.8752,34.3122],[126.8748,34.3141],[126.8702,34.3201],[126.8705,34.3227],[126.8658,34.3224],[126.8628,34.3214],[126.8614,34.3194],[126.8657,34.3186],[126.8645,34.3177],[126.8666,34.314],[126.8629,34.3142],[126.86,34.3127],[126.86,34.311],[126.8555,34.3101],[126.8553,34.3057],[126.8495,34.3048],[126.8497,34.3019],[126.8479,34.3004],[126.845,34.3011],[126.8441,34.2991],[126.8412,34.2994],[126.8367,34.3064],[126.8403,34.3101],[126.8402,34.3122],[126.8385,34.3125],[126.8404,34.3131],[126.8365,34.3148],[126.8334,34.3235],[126.8312,34.3252],[126.8299,34.3236],[126.8304,34.3253],[126.8277,34.3261],[126.8189,34.3273],[126.8185,34.326],[126.8188,34.3273],[126.8166,34.3274],[126.819,34.3276],[126.8159,34.3303],[126.8146,34.3274],[126.8165,34.3273],[126.8145,34.3263],[126.8146,34.3273],[126.8046,34.3269],[126.7988,34.324],[126.7974,34.3221],[126.7992,34.32],[126.7952,34.3192],[126.7939,34.3158],[126.7909,34.3183],[126.7906,34.3218],[126.7852,34.3239],[126.7803,34.3282],[126.7736,34.3277],[126.7712,34.3302],[126.7686,34.3287],[126.767,34.3317],[126.7605,34.3334],[126.757,34.3319],[126.7514,34.3355],[126.7584,34.3364],[126.7586,34.3359],[126.7602,34.3346],[126.761,34.3348],[126.7597,34.3372],[126.758,34.3372],[126.7621,34.3384],[126.7655,34.3373],[126.7651,34.3354],[126.7665,34.3368],[126.7707,34.3336],[126.7755,34.3344],[126.778,34.3323],[126.7792,34.336],[126.785,34.3406],[126.7834,34.3432],[126.7871,34.346],[126.7923,34.3438],[126.7922,34.342],[126.8001,34.3367],[126.8012,34.3336],[126.8056,34.3333],[126.8054,34.3351],[126.8068,34.3337],[126.82,34.3387],[126.8181,34.3417],[126.8186,34.3453],[126.8207,34.3464],[126.8178,34.3478],[126.821,34.3507],[126.8254,34.3506],[126.8243,34.3526],[126.8272,34.3551],[126.8331,34.3581]]],[[[127.1001,34.3563],[127.0985,34.3584],[127.1016,34.359],[127.1016,34.3572],[127.1001,34.3563]]],[[[126.8908,34.3592],[126.8938,34.3582],[126.8938,34.3581],[126.8908,34.3592]]],[[[127.0584,34.3601],[127.0607,34.3568],[127.0545,34.3579],[127.0557,34.3609],[127.0584,34.3601]]],[[[126.7381,34.361],[126.7383,34.3582],[126.7347,34.3584],[126.736,34.3611],[126.7381,34.361]]],[[[127.0491,34.3617],[127.0473,34.3616],[127.0471,34.3631],[127.0491,34.3617]]],[[[127.1032,34.3633],[127.1032,34.3618],[127.1012,34.3622],[127.1015,34.3632],[127.1032,34.3633]]],[[[126.9228,34.3642],[126.9228,34.3642],[126.9228,34.3642],[126.9228,34.3642]]],[[[126.7657,34.3645],[126.7647,34.3643],[126.7653,34.3649],[126.7657,34.3645]]],[[[127.0154,34.3697],[127.0152,34.3693],[127.0149,34.3697],[127.0154,34.3697]]],[[[127.0942,34.3722],[127.0953,34.3724],[127.0953,34.3717],[127.0942,34.3722]]],[[[126.9932,34.379],[126.9921,34.3784],[126.9919,34.3785],[126.9932,34.379]]],[[[126.6398,34.3792],[126.6397,34.3791],[126.6396,34.3792],[126.6398,34.3792]]],[[[126.9929,34.3566],[126.9911,34.3554],[126.9852,34.3604],[126.9897,34.3618],[126.9955,34.3588],[126.9943,34.3582],[126.9964,34.3564],[126.9985,34.3574],[126.9976,34.3588],[127.0076,34.3571],[127.0079,34.3598],[127.0101,34.3608],[127.0116,34.3643],[127.0082,34.3653],[127.008,34.3669],[127.0107,34.3693],[127.0103,34.3672],[127.0114,34.3677],[127.014,34.3646],[127.0175,34.3685],[127.0107,34.3737],[127.0147,34.3752],[127.014,34.3769],[127.0192,34.3755],[127.0209,34.3765],[127.0285,34.3717],[127.031,34.3772],[127.0297,34.3806],[127.032,34.3783],[127.0316,34.3747],[127.0361,34.3734],[127.0342,34.3708],[127.0378,34.3702],[127.0401,34.367],[127.0422,34.3673],[127.0415,34.369],[127.045,34.3683],[127.0454,34.3666],[127.0421,34.3639],[127.0417,34.3625],[127.0418,34.362],[127.0483,34.3605],[127.0424,34.3572],[127.0445,34.3543],[127.0441,34.3514],[127.047,34.3504],[127.0549,34.3546],[127.0572,34.3528],[127.0625,34.3555],[127.0648,34.36],[127.0671,34.3608],[127.0701,34.3591],[127.0726,34.3612],[127.0759,34.3612],[127.0736,34.3564],[127.0768,34.358],[127.085,34.357],[127.082,34.3519],[127.0838,34.35],[127.0887,34.3499],[127.0895,34.3443],[127.0943,34.3424],[127.0999,34.3375],[127.0924,34.3357],[127.0897,34.3367],[127.0867,34.3432],[127.0735,34.344],[127.0719,34.3466],[127.0669,34.3472],[127.0651,34.3431],[127.0617,34.3407],[127.0683,34.3379],[127.0702,34.3394],[127.0762,34.3388],[127.0787,34.3373],[127.0787,34.3357],[127.0737,34.335],[127.0736,34.3338],[127.0771,34.3325],[127.0747,34.3312],[127.0748,34.3328],[127.068,34.335],[127.0567,34.3317],[127.0541,34.3288],[127.0558,34.3265],[127.0553,34.3237],[127.0504,34.3248],[127.0479,34.3207],[127.0415,34.3165],[127.0429,34.313],[127.0418,34.3089],[127.0391,34.3113],[127.0395,34.3171],[127.0369,34.325],[127.0465,34.3298],[127.0455,34.3285],[127.0519,34.3292],[127.0507,34.3316],[127.0534,34.3323],[127.0544,34.3347],[127.0519,34.3403],[127.0429,34.3417],[127.0378,34.3402],[127.035,34.3366],[127.0355,34.3337],[127.033,34.332],[127.0293,34.3341],[127.0327,34.3375],[127.0317,34.3394],[127.0295,34.3398],[127.0296,34.3378],[127.0261,34.3368],[127.0238,34.3388],[127.0319,34.3404],[127.0333,34.3425],[127.0324,34.3449],[127.0273,34.3439],[127.0289,34.345],[127.0266,34.3464],[127.0293,34.3474],[127.0263,34.3471],[127.0261,34.35],[127.0215,34.3494],[127.0209,34.3519],[127.018,34.3527],[127.0196,34.3536],[127.0174,34.3537],[127.0164,34.3519],[127.0171,34.3542],[127.0127,34.3556],[127.0101,34.3538],[127.0114,34.3515],[127.0077,34.3492],[127.0027,34.3522],[126.9993,34.3517],[126.9973,34.3551],[126.9929,34.3566]]],[[[126.8009,34.3829],[126.8,34.3826],[126.8009,34.383],[126.8009,34.3829]]],[[[126.9974,34.3833],[126.998,34.3813],[126.9969,34.3834],[126.9974,34.3833]]],[[[126.8032,34.3835],[126.8046,34.3826],[126.8038,34.3816],[126.8032,34.3835]]],[[[126.8109,34.3836],[126.8111,34.3836],[126.8107,34.3835],[126.8109,34.3836]]],[[[127.0265,34.3843],[127.026,34.3824],[127.028,34.3807],[127.0236,34.3805],[127.0234,34.3842],[127.0265,34.3843]]],[[[126.8208,34.3849],[126.8217,34.3848],[126.8217,34.3848],[126.8211,34.3848],[126.8208,34.3849]]],[[[126.9928,34.385],[126.9944,34.3832],[126.9916,34.3834],[126.9928,34.385]]],[[[126.9939,34.3878],[126.9933,34.3873],[126.9937,34.3884],[126.9939,34.3878]]],[[[126.8563,34.3867],[126.855,34.3866],[126.8544,34.388],[126.8558,34.3884],[126.8563,34.3867]]],[[[126.8627,34.3888],[126.8626,34.3884],[126.8626,34.3887],[126.8627,34.3888]]],[[[126.7271,34.3892],[126.7271,34.3889],[126.7268,34.3891],[126.7271,34.3892]]],[[[126.7486,34.3895],[126.7475,34.3895],[126.7471,34.3899],[126.7473,34.3901],[126.7486,34.3895]]],[[[127.0906,34.3915],[127.0933,34.3867],[127.0949,34.3865],[127.0874,34.3819],[127.0886,34.3797],[127.091,34.3802],[127.0912,34.378],[127.0871,34.3793],[127.0823,34.3754],[127.0787,34.3779],[127.0766,34.3744],[127.0726,34.3753],[127.069,34.3713],[127.0684,34.3736],[127.0726,34.3785],[127.0758,34.3789],[127.076,34.3811],[127.0794,34.3825],[127.0774,34.3841],[127.0739,34.383],[127.0729,34.3857],[127.0906,34.3915]]],[[[127.0272,34.3945],[127.0263,34.3935],[127.0268,34.395],[127.0272,34.3945]]],[[[127.0454,34.3957],[127.0516,34.3926],[127.051,34.3884],[127.046,34.3878],[127.0509,34.3858],[127.0483,34.385],[127.043,34.3871],[127.037,34.3863],[127.0337,34.3881],[127.0362,34.3892],[127.0326,34.3912],[127.0378,34.3926],[127.0372,34.395],[127.0454,34.3957]]],[[[126.7459,34.3965],[126.7458,34.3965],[126.7459,34.3965],[126.7459,34.3965]]],[[[126.8629,34.398],[126.8643,34.3987],[126.8646,34.3982],[126.8629,34.398]]],[[[126.9023,34.4013],[126.902,34.401],[126.9018,34.4013],[126.9023,34.4013]]],[[[127.0616,34.4014],[127.0617,34.4005],[127.0604,34.4008],[127.0616,34.4014]]],[[[126.7302,34.4012],[126.7299,34.4009],[126.7299,34.4013],[126.7302,34.4012]]],[[[126.6262,34.4016],[126.6309,34.3996],[126.6347,34.4011],[126.6364,34.3992],[126.6425,34.3976],[126.6444,34.3992],[126.6428,34.3966],[126.6453,34.3942],[126.6426,34.3942],[126.6425,34.3919],[126.6371,34.3875],[126.6372,34.3896],[126.6401,34.3911],[126.6393,34.3936],[126.6273,34.3951],[126.6264,34.399],[126.6249,34.3996],[126.6241,34.3995],[126.6241,34.3996],[126.6262,34.4016]]],[[[126.8707,34.4025],[126.8707,34.4024],[126.8706,34.4024],[126.8707,34.4025]]],[[[126.7353,34.4031],[126.7386,34.3987],[126.7442,34.4013],[126.7451,34.398],[126.744,34.3967],[126.7398,34.397],[126.7434,34.3914],[126.7427,34.3904],[126.7345,34.394],[126.7364,34.3945],[126.7361,34.396],[126.7327,34.4014],[126.7353,34.4031]]],[[[126.6536,34.3272],[126.6543,34.3286],[126.654,34.3292],[126.6543,34.3286],[126.6549,34.3285],[126.6553,34.3294],[126.6528,34.3317],[126.6506,34.3301],[126.6529,34.3289],[126.6517,34.329],[126.6513,34.3263],[126.648,34.3286],[126.6432,34.3275],[126.6484,34.3306],[126.6494,34.3329],[126.6481,34.3331],[126.649,34.3332],[126.6491,34.3336],[126.6495,34.3335],[126.6495,34.3337],[126.6465,34.3397],[126.6414,34.3414],[126.6454,34.3447],[126.6442,34.3474],[126.6457,34.3472],[126.6433,34.3475],[126.6448,34.3479],[126.6455,34.3514],[126.6414,34.362],[126.641,34.3646],[126.6421,34.3649],[126.641,34.365],[126.6459,34.3673],[126.6424,34.3727],[126.6404,34.3733],[126.6416,34.3733],[126.6406,34.374],[126.6416,34.3751],[126.6394,34.3751],[126.6412,34.3775],[126.6395,34.3827],[126.6461,34.3877],[126.6453,34.3891],[126.6466,34.3888],[126.6483,34.3928],[126.6472,34.3935],[126.6601,34.3943],[126.6644,34.3961],[126.6649,34.3991],[126.6667,34.3956],[126.6696,34.3958],[126.6723,34.3969],[126.6706,34.4003],[126.68,34.3997],[126.6857,34.4032],[126.6877,34.4002],[126.6926,34.3973],[126.6942,34.3972],[126.6942,34.3979],[126.6945,34.3993],[126.6963,34.3979],[126.704,34.3981],[126.7032,34.3964],[126.7043,34.3971],[126.7051,34.395],[126.7084,34.3938],[126.7098,34.3941],[126.7105,34.3948],[126.7108,34.3948],[126.7099,34.394],[126.7142,34.3876],[126.7199,34.3873],[126.7212,34.3862],[126.7196,34.3844],[126.7213,34.3852],[126.7241,34.383],[126.727,34.3833],[126.7258,34.3817],[126.7322,34.3761],[126.7293,34.3739],[126.7319,34.3726],[126.7333,34.3674],[126.7287,34.3623],[126.733,34.3591],[126.7311,34.357],[126.7317,34.3511],[126.7378,34.348],[126.7372,34.3444],[126.7388,34.344],[126.7357,34.3429],[126.7408,34.336],[126.7422,34.337],[126.744,34.336],[126.7436,34.3331],[126.7409,34.3319],[126.746,34.3311],[126.7457,34.3279],[126.7489,34.3276],[126.7532,34.3256],[126.7501,34.3266],[126.7481,34.3216],[126.7546,34.3155],[126.7587,34.3154],[126.7618,34.3176],[126.766,34.3182],[126.7638,34.3174],[126.7643,34.3161],[126.7675,34.3163],[126.7696,34.3129],[126.7719,34.3124],[126.7674,34.3073],[126.7669,34.3046],[126.7653,34.3038],[126.7628,34.3042],[126.7615,34.3037],[126.7615,34.3002],[126.7631,34.2976],[126.7676,34.2978],[126.768,34.2955],[126.7719,34.2945],[126.7724,34.2916],[126.7775,34.2878],[126.77,34.2873],[126.767,34.2912],[126.7601,34.293],[126.7574,34.2909],[126.7544,34.2922],[126.7521,34.2911],[126.7508,34.2933],[126.7488,34.2916],[126.7398,34.2967],[126.7445,34.2963],[126.7426,34.2989],[126.7354,34.3012],[126.7351,34.3027],[126.7369,34.3024],[126.7367,34.3033],[126.7344,34.3048],[126.7327,34.3044],[126.7317,34.3016],[126.7349,34.2995],[126.734,34.297],[126.7359,34.2948],[126.7354,34.2899],[126.7384,34.2869],[126.7307,34.2877],[126.719,34.2963],[126.7096,34.2984],[126.7018,34.2974],[126.6951,34.2928],[126.6883,34.2974],[126.6862,34.3019],[126.6792,34.3044],[126.6827,34.3067],[126.6762,34.3162],[126.6746,34.3154],[126.6754,34.3147],[126.6704,34.3175],[126.6691,34.3241],[126.6657,34.3242],[126.6585,34.329],[126.6555,34.3285],[126.6553,34.3268],[126.6536,34.3272]]],[[[127.0501,34.4037],[127.0489,34.404],[127.0504,34.4046],[127.0501,34.4037]]],[[[127.0419,34.403],[127.0407,34.4022],[127.0408,34.4048],[127.0419,34.403]]],[[[126.6789,34.4048],[126.6785,34.4039],[126.6775,34.4038],[126.6789,34.4048]]],[[[127.0391,34.4054],[127.038,34.4036],[127.0373,34.4057],[127.0391,34.4054]]],[[[127.0523,34.4054],[127.0513,34.4047],[127.0517,34.4059],[127.0523,34.4054]]],[[[126.9105,34.4063],[126.9096,34.4057],[126.9095,34.4063],[126.9105,34.4063]]],[[[126.9135,34.4081],[126.9119,34.4071],[126.9116,34.4084],[126.9135,34.4081]]],[[[127.0339,34.4086],[127.0349,34.4043],[127.0363,34.4037],[127.0358,34.4016],[127.0339,34.4048],[127.0312,34.4043],[127.0339,34.4086]]],[[[126.849,34.4094],[126.8493,34.4092],[126.8489,34.4094],[126.849,34.4094]]],[[[126.8494,34.4099],[126.8494,34.4096],[126.8493,34.4097],[126.8494,34.4099]]],[[[126.8488,34.41],[126.8488,34.4098],[126.8487,34.4099],[126.8488,34.41]]],[[[127.0462,34.411],[127.0451,34.411],[127.0449,34.4115],[127.0462,34.411]]],[[[127.0824,34.4075],[127.0801,34.4094],[127.0805,34.4122],[127.0822,34.4116],[127.0812,34.4108],[127.0824,34.4075]]],[[[126.9941,34.4109],[126.9935,34.4082],[126.9924,34.4123],[126.9941,34.4109]]],[[[126.9423,34.4117],[126.9458,34.4125],[126.9479,34.4102],[126.9511,34.4038],[126.943,34.3954],[126.944,34.3922],[126.9407,34.3842],[126.9402,34.3854],[126.9349,34.3836],[126.9405,34.3831],[126.9401,34.3819],[126.9475,34.3775],[126.9492,34.3725],[126.9473,34.3678],[126.9373,34.3656],[126.9353,34.3667],[126.9349,34.3695],[126.9281,34.3707],[126.9279,34.3679],[126.9234,34.3667],[126.9225,34.3642],[126.9242,34.3608],[126.9175,34.3559],[126.9136,34.3558],[126.9125,34.3584],[126.9081,34.3587],[126.907,34.3574],[126.9085,34.3538],[126.9066,34.3538],[126.8989,34.3585],[126.8938,34.3571],[126.8975,34.3583],[126.8969,34.3603],[126.8939,34.3593],[126.8947,34.3606],[126.8917,34.3607],[126.889,34.3586],[126.887,34.362],[126.8886,34.3654],[126.8702,34.368],[126.8666,34.3724],[126.8635,34.3729],[126.8651,34.3839],[126.8679,34.3905],[126.8701,34.3904],[126.8709,34.3923],[126.8746,34.3914],[126.8749,34.3927],[126.8716,34.3936],[126.8715,34.4005],[126.8699,34.4002],[126.867,34.4043],[126.8622,34.406],[126.8645,34.4109],[126.8665,34.4113],[126.8677,34.4068],[126.8687,34.4089],[126.8738,34.4071],[126.8702,34.4031],[126.8716,34.4011],[126.8743,34.4006],[126.8745,34.3989],[126.8792,34.399],[126.8796,34.401],[126.8828,34.4029],[126.8821,34.4068],[126.8903,34.4005],[126.8902,34.3987],[126.8938,34.3958],[126.8969,34.3971],[126.8942,34.401],[126.8947,34.403],[126.8982,34.4019],[126.8988,34.4036],[126.8974,34.3986],[126.9028,34.398],[126.9024,34.3998],[126.9046,34.4024],[126.9073,34.4023],[126.9061,34.3993],[126.914,34.395],[126.9127,34.3914],[126.9187,34.3922],[126.9212,34.3947],[126.9231,34.3935],[126.9222,34.3919],[126.9264,34.3939],[126.9305,34.3906],[126.9362,34.392],[126.9353,34.3947],[126.94,34.399],[126.9397,34.4012],[126.9432,34.4029],[126.942,34.4041],[126.9431,34.4038],[126.9431,34.4055],[126.9401,34.4073],[126.9442,34.4087],[126.9423,34.4117]]],[[[126.9523,34.4132],[126.9524,34.4131],[126.9523,34.4131],[126.9523,34.4132]]],[[[126.7712,34.4135],[126.771,34.4134],[126.771,34.4134],[126.7712,34.4135]]],[[[126.8715,34.4144],[126.8713,34.4139],[126.871,34.4141],[126.8715,34.4144]]],[[[127.117,34.4077],[127.1159,34.4083],[127.1168,34.4146],[127.1191,34.412],[127.117,34.4077]]],[[[126.8336,34.4149],[126.8334,34.4147],[126.8335,34.415],[126.8336,34.4149]]],[[[126.8726,34.414],[126.8721,34.4141],[126.8727,34.4151],[126.8726,34.414]]],[[[126.9542,34.4127],[126.9522,34.4106],[126.9497,34.4134],[126.9507,34.4143],[126.9523,34.4127],[126.9532,34.4131],[126.9535,34.4156],[126.9542,34.4127]]],[[[126.8627,34.4157],[126.8646,34.4144],[126.8613,34.4123],[126.8611,34.4148],[126.8627,34.4157]]],[[[126.8379,34.418],[126.8378,34.4178],[126.8377,34.418],[126.8379,34.418]]],[[[126.7112,34.4178],[126.7258,34.4126],[126.727,34.4068],[126.7252,34.4061],[126.7189,34.4086],[126.7154,34.4134],[126.7139,34.4112],[126.7139,34.4133],[126.7077,34.4129],[126.7057,34.4113],[126.7003,34.4135],[126.7026,34.4156],[126.7112,34.4178]]],[[[126.691,34.4207],[126.6938,34.4202],[126.6935,34.4195],[126.691,34.4207]]],[[[127.0339,34.421],[127.0359,34.422],[127.036,34.4219],[127.0339,34.421]]],[[[127.0369,34.4224],[127.0364,34.4219],[127.0363,34.4222],[127.0369,34.4224]]],[[[126.686,34.4227],[126.6895,34.4209],[126.6881,34.4194],[126.686,34.4208],[126.684,34.4199],[126.686,34.4227]]],[[[126.8552,34.4234],[126.8614,34.422],[126.8619,34.4204],[126.857,34.4191],[126.8552,34.4234]]],[[[127.0066,34.4246],[127.0072,34.4249],[127.0075,34.4243],[127.0066,34.4246]]],[[[127.0112,34.4249],[127.0099,34.4238],[127.011,34.4252],[127.0112,34.4249]]],[[[127.0066,34.4255],[127.006,34.4262],[127.0067,34.4266],[127.0066,34.4255]]],[[[127.0788,34.4266],[127.0839,34.4246],[127.082,34.4229],[127.0851,34.421],[127.0852,34.4166],[127.0829,34.4186],[127.0834,34.4146],[127.0816,34.4146],[127.0818,34.4162],[127.0786,34.4154],[127.079,34.4104],[127.0757,34.4107],[127.0774,34.4117],[127.0767,34.4157],[127.0792,34.4165],[127.0796,34.4208],[127.0819,34.4217],[127.0812,34.4234],[127.0781,34.423],[127.0788,34.4266]]],[[[126.8736,34.4278],[126.8773,34.4141],[126.8746,34.4195],[126.8693,34.4218],[126.8736,34.4278]]],[[[126.7748,34.4282],[126.774,34.4283],[126.7749,34.4283],[126.7748,34.4282]]],[[[126.8527,34.4307],[126.8561,34.4289],[126.8569,34.4255],[126.8543,34.4256],[126.8511,34.4296],[126.8527,34.4307]]],[[[127.0078,34.4349],[127.0071,34.4345],[127.0073,34.4358],[127.0078,34.4349]]],[[[127.0096,34.4407],[127.0098,34.4389],[127.0126,34.436],[127.0074,34.4384],[127.0096,34.4407]]],[[[126.8343,34.4428],[126.8342,34.4407],[126.8359,34.4398],[126.8342,34.4401],[126.8328,34.4371],[126.8341,34.4313],[126.8395,34.434],[126.8456,34.43],[126.8458,34.4284],[126.8423,34.4266],[126.8441,34.4245],[126.8416,34.4233],[126.8434,34.4208],[126.8366,34.4206],[126.8361,34.4187],[126.8288,34.4226],[126.8253,34.4212],[126.8224,34.4223],[126.8241,34.4215],[126.824,34.419],[126.834,34.4154],[126.8328,34.4152],[126.8336,34.4133],[126.8351,34.4146],[126.8403,34.4103],[126.8411,34.4123],[126.8432,34.4117],[126.8468,34.4141],[126.8456,34.415],[126.8464,34.4175],[126.8497,34.4184],[126.8534,34.4129],[126.8503,34.4124],[126.8502,34.4098],[126.8493,34.4106],[126.8484,34.4098],[126.8475,34.4085],[126.8485,34.4064],[126.8525,34.4068],[126.8522,34.4052],[126.8504,34.4049],[126.8493,34.4044],[126.8521,34.405],[126.8526,34.4058],[126.8545,34.406],[126.8559,34.4086],[126.8572,34.4081],[126.857,34.4061],[126.8601,34.4027],[126.8593,34.4014],[126.8609,34.4014],[126.8614,34.3998],[126.8593,34.3984],[126.8587,34.4],[126.8584,34.3999],[126.8587,34.3963],[126.866,34.397],[126.8648,34.3931],[126.8657,34.3899],[126.8549,34.3926],[126.8501,34.3885],[126.8487,34.3891],[126.848,34.3883],[126.8473,34.3886],[126.8485,34.3889],[126.8471,34.3902],[126.8359,34.384],[126.8323,34.3838],[126.8311,34.3817],[126.8327,34.3819],[126.8325,34.3805],[126.8306,34.3788],[126.8281,34.3798],[126.8256,34.386],[126.8231,34.3872],[126.8209,34.3861],[126.8186,34.3822],[126.8113,34.3837],[126.8105,34.3836],[126.8103,34.3831],[126.8088,34.383],[126.8053,34.3856],[126.7991,34.3824],[126.7979,34.3836],[126.7934,34.3825],[126.7829,34.3692],[126.7837,34.3689],[126.7834,34.3674],[126.7835,34.3689],[126.7823,34.3675],[126.7826,34.3689],[126.7803,34.3692],[126.7816,34.3628],[126.7761,34.3569],[126.7805,34.3534],[126.7798,34.3522],[126.7735,34.3543],[126.7718,34.3576],[126.7677,34.3574],[126.7658,34.36],[126.7663,34.3641],[126.77,34.3686],[126.7724,34.3751],[126.7755,34.3744],[126.7763,34.378],[126.7788,34.3792],[126.7797,34.3818],[126.7567,34.3835],[126.7496,34.3792],[126.7515,34.3845],[126.7557,34.3864],[126.7557,34.3904],[126.7582,34.3938],[126.7637,34.3952],[126.7684,34.3992],[126.7641,34.4051],[126.7646,34.4094],[126.7722,34.4134],[126.7751,34.4218],[126.7828,34.4265],[126.7872,34.4319],[126.7939,34.4329],[126.8009,34.4312],[126.8128,34.4348],[126.8172,34.4334],[126.8177,34.4344],[126.8151,34.4356],[126.8197,34.4389],[126.8279,34.4397],[126.8343,34.4428]],[[126.828,34.393],[126.8303,34.393],[126.8312,34.393],[126.828,34.393]]],[[[127.081,34.4449],[127.0807,34.4441],[127.0808,34.4449],[127.081,34.4449]]],[[[127.0121,34.445],[127.0112,34.4446],[127.0123,34.4454],[127.0121,34.445]]],[[[127.0226,34.4504],[127.0245,34.4478],[127.0219,34.447],[127.0193,34.4495],[127.0226,34.4504]]],[[[127.0456,34.459],[127.044,34.4585],[127.0468,34.4567],[127.0493,34.4521],[127.0522,34.4509],[127.053,34.453],[127.0591,34.4533],[127.0543,34.4572],[127.0552,34.4584],[127.0639,34.4523],[127.07,34.4385],[127.068,34.4372],[127.0695,34.4363],[127.0687,34.435],[127.0701,34.4336],[127.0711,34.4354],[127.0727,34.4336],[127.0721,34.4315],[127.0756,34.4272],[127.0728,34.4277],[127.0754,34.4235],[127.0723,34.424],[127.072,34.4226],[127.0695,34.4233],[127.0658,34.4214],[127.0679,34.418],[127.0703,34.4184],[127.0728,34.4173],[127.0729,34.4165],[127.0702,34.4167],[127.0719,34.415],[127.0678,34.4101],[127.0683,34.4144],[127.0656,34.4158],[127.0661,34.4139],[127.0647,34.4133],[127.0662,34.4123],[127.0662,34.4056],[127.0626,34.4026],[127.0621,34.4087],[127.0592,34.4136],[127.0598,34.4171],[127.0581,34.4183],[127.0615,34.42],[127.0597,34.4218],[127.0613,34.426],[127.0579,34.427],[127.0543,34.4309],[127.0538,34.4291],[127.0517,34.43],[127.0488,34.4276],[127.0522,34.4235],[127.0524,34.4214],[127.049,34.4207],[127.0497,34.4182],[127.0529,34.4179],[127.0518,34.4153],[127.0484,34.4164],[127.0468,34.4153],[127.0477,34.4172],[127.0439,34.4205],[127.0385,34.4211],[127.0391,34.4223],[127.037,34.424],[127.038,34.4281],[127.0368,34.4286],[127.0373,34.4345],[127.0387,34.4359],[127.0354,34.4386],[127.0362,34.4439],[127.0336,34.4467],[127.0345,34.4489],[127.0326,34.449],[127.0342,34.4497],[127.0253,34.4512],[127.0225,34.455],[127.0333,34.4551],[127.0422,34.4598],[127.0456,34.459]]],[[[127.051,34.4602],[127.0509,34.4598],[127.0507,34.4602],[127.051,34.4602]]],[[[127.0469,34.4606],[127.048,34.4604],[127.0467,34.46],[127.0469,34.4606]]]]}},{"id":"173","type":"Feature","properties":{"name":"진도군"},"geometry":{"type":"MultiPolygon","coordinates":[[[[125.9435,34.1493],[125.9446,34.1473],[125.9478,34.147],[125.9483,34.1446],[125.9479,34.1435],[125.9451,34.1455],[125.9459,34.1416],[125.9447,34.1407],[125.9425,34.1429],[125.9418,34.1477],[125.9435,34.1493]]],[[[125.9398,34.1577],[125.9427,34.1536],[125.9409,34.1521],[125.9401,34.1538],[125.9379,34.1538],[125.9392,34.1553],[125.9363,34.1566],[125.9359,34.1582],[125.9385,34.161],[125.9404,34.1614],[125.9413,34.1597],[125.9398,34.1577]]],[[[125.8591,34.1984],[125.862,34.1963],[125.8609,34.1939],[125.8548,34.1964],[125.8591,34.1984]]],[[[125.8013,34.207],[125.8007,34.2066],[125.8007,34.2071],[125.8013,34.207]]],[[[125.8801,34.2092],[125.8791,34.2102],[125.8795,34.211],[125.8807,34.2103],[125.8801,34.2092]]],[[[126.0586,34.2186],[126.0584,34.2184],[126.0585,34.2186],[126.0586,34.2186]]],[[[126.1668,34.2198],[126.1667,34.2197],[126.1667,34.2198],[126.1668,34.2198]]],[[[125.8499,34.2178],[125.8522,34.2158],[125.8538,34.2172],[125.8528,34.2177],[125.8575,34.2172],[125.8593,34.2129],[125.8639,34.2093],[125.8622,34.2057],[125.8582,34.2063],[125.8537,34.2114],[125.8478,34.2142],[125.8476,34.2173],[125.8499,34.2178]]],[[[126.1738,34.2198],[126.1726,34.2197],[126.1724,34.2206],[126.1729,34.221],[126.1738,34.2198]]],[[[126.0587,34.2209],[126.0585,34.2207],[126.0584,34.2208],[126.0587,34.2209]]],[[[126.0355,34.221],[126.0358,34.2198],[126.0352,34.2197],[126.0355,34.221]]],[[[125.8385,34.2202],[125.8379,34.2201],[125.8378,34.2205],[125.8385,34.2202]]],[[[125.8591,34.2208],[125.8619,34.2193],[125.8595,34.2191],[125.8591,34.2208]]],[[[126.1651,34.2247],[126.164,34.2221],[126.1601,34.2231],[126.1612,34.2243],[126.1651,34.2247]]],[[[126.0368,34.2246],[126.0368,34.2229],[126.0358,34.2245],[126.0368,34.2246]]],[[[126.165,34.226],[126.1646,34.2257],[126.1646,34.2258],[126.165,34.226]]],[[[126.1487,34.2266],[126.153,34.2247],[126.1529,34.2231],[126.1487,34.2266]]],[[[126.1641,34.2288],[126.1642,34.2274],[126.1621,34.2279],[126.1641,34.2288]]],[[[125.8408,34.2268],[125.8469,34.2262],[125.8489,34.2247],[125.8453,34.2188],[125.8417,34.2199],[125.8446,34.2215],[125.8408,34.2268]]],[[[126.0863,34.2293],[126.0879,34.2289],[126.0887,34.2279],[126.0863,34.2293]]],[[[125.9883,34.2292],[125.9918,34.2295],[125.991,34.228],[125.9883,34.2292]]],[[[126.1709,34.2318],[126.1708,34.2316],[126.1706,34.2318],[126.1709,34.2318]]],[[[126.0771,34.2317],[126.0746,34.2303],[126.0734,34.2317],[126.073,34.234],[126.0747,34.2364],[126.0778,34.2344],[126.0771,34.2317]]],[[[126.1827,34.237],[126.1827,34.2361],[126.181,34.2377],[126.1827,34.237]]],[[[125.9961,34.2378],[125.9961,34.2375],[125.996,34.2378],[125.9961,34.2378]]],[[[125.9258,34.2382],[125.9259,34.2379],[125.9257,34.238],[125.9258,34.2382]]],[[[125.9624,34.239],[125.9633,34.2369],[125.9614,34.2384],[125.9624,34.239]]],[[[125.9267,34.239],[125.9263,34.2382],[125.926,34.2387],[125.9267,34.239]]],[[[126.1742,34.2411],[126.1771,34.2403],[126.1778,34.2368],[126.1718,34.239],[126.1742,34.2411]]],[[[126.0687,34.2389],[126.0664,34.2384],[126.0666,34.2404],[126.0683,34.2405],[126.0687,34.2389]]],[[[126.0821,34.2428],[126.0821,34.2424],[126.0816,34.243],[126.0821,34.2428]]],[[[126.328,34.2472],[126.3277,34.247],[126.3276,34.2472],[126.328,34.2472]]],[[[125.9307,34.2442],[125.9292,34.2439],[125.9307,34.2446],[125.9307,34.2442]]],[[[125.923,34.2446],[125.9228,34.2444],[125.9228,34.2447],[125.923,34.2446]]],[[[125.9539,34.2452],[125.9539,34.2449],[125.9538,34.2452],[125.9539,34.2452]]],[[[126.0737,34.2461],[126.0736,34.2457],[126.0736,34.2461],[126.0737,34.2461]]],[[[125.9254,34.246],[125.9253,34.2456],[125.9252,34.2459],[125.9254,34.246]]],[[[125.9316,34.2457],[125.9304,34.2455],[125.9311,34.2461],[125.9316,34.2457]]],[[[125.9388,34.2468],[125.9392,34.245],[125.9418,34.2443],[125.9389,34.2403],[125.9399,34.2385],[125.9422,34.2393],[125.9446,34.2433],[125.9467,34.242],[125.9467,34.2438],[125.9488,34.2435],[125.9493,34.2455],[125.9542,34.2445],[125.9558,34.241],[125.9528,34.2403],[125.9541,34.24],[125.9496,34.2369],[125.9459,34.2372],[125.9477,34.2359],[125.9454,34.2353],[125.9459,34.2336],[125.9373,34.2291],[125.9338,34.2309],[125.9334,34.234],[125.9302,34.2301],[125.9284,34.2302],[125.9277,34.2319],[125.9297,34.2331],[125.9274,34.2367],[125.9311,34.2369],[125.9318,34.2388],[125.9297,34.239],[125.9329,34.2439],[125.9364,34.2445],[125.9359,34.2468],[125.9388,34.2468]]],[[[125.9144,34.246],[125.9129,34.2422],[125.9108,34.2424],[125.9104,34.2464],[125.9144,34.246]]],[[[125.9357,34.2471],[125.9356,34.2469],[125.9354,34.247],[125.9357,34.2471]]],[[[125.9098,34.247],[125.9098,34.2464],[125.9096,34.2468],[125.9098,34.247]]],[[[126.0877,34.2479],[126.0893,34.2471],[126.0869,34.2474],[126.0876,34.2442],[126.0822,34.2446],[126.0799,34.243],[126.0764,34.2469],[126.0782,34.2483],[126.0877,34.2479]]],[[[126.0993,34.2486],[126.0995,34.2484],[126.0989,34.2486],[126.0993,34.2486]]],[[[125.8984,34.2454],[125.8973,34.246],[125.8972,34.247],[125.8979,34.2469],[125.8984,34.2454]]],[[[126.1513,34.2497],[126.1511,34.2494],[126.1509,34.2497],[126.1513,34.2497]]],[[[126.3301,34.2512],[126.332,34.2494],[126.3322,34.2485],[126.329,34.25],[126.3301,34.2512]]],[[[126.0634,34.2511],[126.0629,34.2501],[126.0624,34.2516],[126.0634,34.2511]]],[[[125.926,34.2514],[125.928,34.249],[125.9253,34.2461],[125.923,34.2497],[125.926,34.2514]]],[[[126.0507,34.2537],[126.0535,34.2495],[126.0567,34.2499],[126.0582,34.2486],[126.0622,34.2498],[126.0618,34.2454],[126.0651,34.2403],[126.0644,34.2404],[126.0628,34.2394],[126.0609,34.2393],[126.0599,34.2388],[126.0594,34.2387],[126.0593,34.2386],[126.0612,34.2354],[126.0605,34.232],[126.0558,34.2324],[126.0576,34.225],[126.0432,34.2328],[126.0395,34.2305],[126.0403,34.2276],[126.0376,34.2244],[126.0347,34.2262],[126.0341,34.2321],[126.0255,34.2321],[126.0254,34.2306],[126.0244,34.2316],[126.0256,34.2385],[126.0314,34.2356],[126.0367,34.239],[126.0397,34.2385],[126.0414,34.2355],[126.0443,34.2366],[126.0441,34.2393],[126.046,34.2406],[126.0457,34.2394],[126.0481,34.2384],[126.0516,34.2424],[126.0541,34.2419],[126.0531,34.2435],[126.0544,34.2472],[126.0484,34.2532],[126.0507,34.2537]]],[[[126.0194,34.2542],[126.0192,34.2539],[126.0191,34.2541],[126.0194,34.2542]]],[[[126.0015,34.2543],[126.0015,34.2531],[126.0013,34.2543],[126.0015,34.2543]]],[[[125.993,34.2543],[125.9934,34.2536],[125.993,34.2538],[125.993,34.2543]]],[[[126.1565,34.2551],[126.1553,34.254],[126.1558,34.2558],[126.1565,34.2551]]],[[[125.9213,34.2532],[125.9266,34.2543],[125.9266,34.2517],[125.9213,34.2532]]],[[[126.1155,34.2579],[126.1156,34.2574],[126.1152,34.2577],[126.1155,34.2579]]],[[[126.1858,34.2571],[126.186,34.2529],[126.1821,34.2538],[126.1828,34.2508],[126.1797,34.2481],[126.1797,34.2425],[126.1752,34.242],[126.1742,34.2443],[126.1758,34.2457],[126.1769,34.2535],[126.1835,34.2614],[126.1858,34.2571]]],[[[126.1099,34.2618],[126.1099,34.2612],[126.1094,34.2617],[126.1099,34.2618]]],[[[126.055,34.2581],[126.0491,34.2569],[126.0481,34.2589],[126.0494,34.2616],[126.0538,34.2602],[126.055,34.2581]]],[[[125.9239,34.2609],[125.9251,34.2557],[125.9214,34.2574],[125.9192,34.2554],[125.9191,34.2498],[125.916,34.2476],[125.9178,34.2512],[125.9168,34.2541],[125.9157,34.253],[125.915,34.2539],[125.9147,34.254],[125.9151,34.2519],[125.9129,34.2517],[125.9145,34.2502],[125.9131,34.2489],[125.912,34.2508],[125.909,34.2514],[125.9108,34.2491],[125.909,34.2463],[125.9062,34.2476],[125.9053,34.2462],[125.9009,34.2477],[125.8982,34.2464],[125.9004,34.2482],[125.8981,34.2518],[125.9003,34.2521],[125.9014,34.2568],[125.9168,34.2603],[125.9179,34.2592],[125.9213,34.2616],[125.9239,34.2609]]],[[[126.1116,34.2639],[126.1118,34.2634],[126.1113,34.2636],[126.1116,34.2639]]],[[[126.1726,34.2641],[126.1767,34.2633],[126.1778,34.2617],[126.1726,34.2641]]],[[[126.0121,34.2632],[126.0113,34.2623],[126.0108,34.264],[126.0121,34.2632]]],[[[126.1446,34.2653],[126.1515,34.2642],[126.1517,34.2614],[126.1558,34.2585],[126.1515,34.2598],[126.1446,34.2653]]],[[[126.025,34.2654],[126.0249,34.2653],[126.0249,34.2655],[126.025,34.2654]]],[[[126.128,34.2663],[126.1275,34.2658],[126.1274,34.2663],[126.128,34.2663]]],[[[126.0094,34.2651],[126.0079,34.2648],[126.0072,34.2658],[126.0074,34.2659],[126.0094,34.2651]]],[[[126.0255,34.2661],[126.0252,34.2661],[126.0257,34.2666],[126.0255,34.2661]]],[[[126.1676,34.2676],[126.1685,34.2674],[126.1678,34.2672],[126.1676,34.2676]]],[[[126.0921,34.2689],[126.0919,34.2686],[126.0918,34.2688],[126.0921,34.2689]]],[[[126.1253,34.2701],[126.1277,34.2682],[126.1276,34.2666],[126.1248,34.2687],[126.1253,34.2701]]],[[[126.0967,34.2708],[126.1017,34.2665],[126.1087,34.2687],[126.1079,34.2663],[126.1111,34.2627],[126.1011,34.2633],[126.0967,34.2708]]],[[[126.0557,34.2696],[126.0537,34.2713],[126.0539,34.2719],[126.0563,34.2717],[126.0557,34.2696]]],[[[126.0935,34.2736],[126.0939,34.2735],[126.0935,34.2735],[126.0935,34.2736]]],[[[126.0939,34.2748],[126.0938,34.2746],[126.0936,34.2747],[126.0939,34.2748]]],[[[126.1226,34.2777],[126.1218,34.2777],[126.1226,34.2777],[126.1226,34.2777]]],[[[126.3832,34.2809],[126.3829,34.2805],[126.3829,34.2809],[126.3832,34.2809]]],[[[125.991,34.2789],[125.9957,34.2752],[125.9972,34.2707],[125.9951,34.2702],[125.9957,34.2675],[125.9932,34.2675],[125.9934,34.2641],[125.997,34.2657],[125.9998,34.2639],[126.0042,34.2671],[126.0041,34.2694],[126.0061,34.268],[126.0064,34.2662],[126.0032,34.2641],[126.0028,34.2613],[126.0,34.2617],[125.9979,34.2595],[125.9987,34.2573],[126.0018,34.2571],[126.0013,34.2545],[125.9964,34.2558],[125.9931,34.2547],[125.9953,34.2583],[125.9943,34.2611],[125.9877,34.2638],[125.9899,34.2655],[125.9906,34.2705],[125.9873,34.2712],[125.9863,34.2678],[125.9833,34.2675],[125.9823,34.2638],[125.9794,34.2671],[125.9787,34.2757],[125.9834,34.276],[125.9862,34.2783],[125.9887,34.2769],[125.991,34.2789]]],[[[126.0744,34.2804],[126.0745,34.2802],[126.0745,34.2802],[126.0744,34.2804]]],[[[126.3425,34.2857],[126.3417,34.2851],[126.3419,34.2859],[126.3425,34.2857]]],[[[126.3516,34.2836],[126.3494,34.2849],[126.3488,34.2856],[126.3506,34.2857],[126.3516,34.2836]]],[[[126.3486,34.2855],[126.3481,34.2844],[126.3462,34.2858],[126.3468,34.2864],[126.3486,34.2855]]],[[[126.023,34.2853],[126.0229,34.2852],[126.0228,34.2853],[126.023,34.2853]]],[[[125.9916,34.2856],[125.9917,34.2854],[125.9916,34.2854],[125.9916,34.2856]]],[[[126.0109,34.2883],[126.0109,34.288],[126.0108,34.2881],[126.0109,34.2883]]],[[[125.9879,34.2886],[125.9876,34.2884],[125.9877,34.2887],[125.9879,34.2886]]],[[[126.007,34.2916],[126.0058,34.2903],[126.0055,34.2913],[126.007,34.2916]]],[[[125.9942,34.2924],[125.9981,34.2897],[126.0019,34.2896],[126.0003,34.2878],[125.9919,34.2877],[125.9917,34.2891],[125.9946,34.2906],[125.9942,34.2924]]],[[[126.0966,34.3017],[126.0962,34.3018],[126.097,34.3021],[126.0966,34.3017]]],[[[126.0971,34.3021],[126.0971,34.3021],[126.0971,34.3021],[126.0971,34.3021]]],[[[125.9681,34.3013],[125.9685,34.3008],[125.9677,34.3012],[125.9681,34.3013]]],[[[125.9485,34.3018],[125.9473,34.3012],[125.9447,34.3024],[125.9461,34.3025],[125.9485,34.3018]]],[[[125.9956,34.3035],[125.996,34.3036],[125.9959,34.3035],[125.9956,34.3035]]],[[[125.9585,34.3035],[125.9579,34.3031],[125.9584,34.3036],[125.9585,34.3035]]],[[[126.0883,34.3046],[126.088,34.3045],[126.0883,34.3047],[126.0883,34.3046]]],[[[125.9449,34.3036],[125.9449,34.3035],[125.9448,34.3037],[125.9449,34.3036]]],[[[125.996,34.3041],[125.9957,34.3037],[125.9956,34.3042],[125.996,34.3041]]],[[[125.9729,34.3041],[125.9812,34.3003],[125.9829,34.3008],[125.9843,34.2967],[125.9796,34.2959],[125.973,34.2978],[125.9709,34.3007],[125.9729,34.3041]]],[[[126.0117,34.305],[126.0118,34.3048],[126.0117,34.3051],[126.0117,34.305]]],[[[126.014,34.3058],[126.0121,34.3055],[126.0135,34.3069],[126.014,34.3058]]],[[[125.9017,34.3063],[125.9042,34.3052],[125.9016,34.306],[125.9017,34.3063]]],[[[126.0226,34.3073],[126.0219,34.3069],[126.0219,34.3073],[126.0226,34.3073]]],[[[126.0609,34.3081],[126.0614,34.3079],[126.0608,34.3079],[126.0609,34.3081]]],[[[125.9715,34.3068],[125.9709,34.307],[125.9718,34.3076],[125.9715,34.3068]]],[[[125.9681,34.3103],[125.968,34.3099],[125.9679,34.3101],[125.9681,34.3103]]],[[[125.8869,34.3095],[125.8868,34.3092],[125.8866,34.3095],[125.8869,34.3095]]],[[[125.8884,34.3099],[125.8881,34.3101],[125.8887,34.31],[125.8884,34.3099]]],[[[125.9443,34.3115],[125.9483,34.3056],[125.9467,34.3061],[125.9448,34.304],[125.9443,34.3115]]],[[[125.991,34.3119],[125.9884,34.3109],[125.9882,34.3116],[125.991,34.3119]]],[[[125.964,34.3147],[125.9642,34.3104],[125.9618,34.3117],[125.9582,34.3098],[125.9577,34.3078],[125.9557,34.3096],[125.9519,34.3085],[125.9518,34.3103],[125.9578,34.3127],[125.9574,34.314],[125.9596,34.3129],[125.964,34.3147]]],[[[126.016,34.3175],[126.0173,34.3129],[126.0192,34.312],[126.0188,34.3104],[126.0165,34.3119],[126.0103,34.3115],[126.0066,34.3089],[126.0052,34.3057],[126.0064,34.3126],[125.9976,34.3139],[125.9992,34.3147],[125.9986,34.3169],[126.0044,34.3152],[126.016,34.3175]]],[[[125.9452,34.3169],[125.9447,34.3169],[125.9452,34.3173],[125.9452,34.3169]]],[[[125.9461,34.3173],[125.9461,34.3172],[125.946,34.3173],[125.9461,34.3173]]],[[[126.0399,34.3185],[126.046,34.3083],[126.0534,34.3063],[126.0521,34.305],[126.0537,34.3039],[126.0588,34.3058],[126.0604,34.304],[126.0666,34.3051],[126.0678,34.3078],[126.0703,34.3065],[126.0808,34.3071],[126.0881,34.3113],[126.0872,34.3069],[126.0892,34.3053],[126.0865,34.3046],[126.0852,34.2996],[126.0881,34.2967],[126.0872,34.2915],[126.0907,34.2913],[126.0925,34.2881],[126.0889,34.2856],[126.0913,34.2818],[126.0906,34.2802],[126.0953,34.2759],[126.0867,34.2821],[126.0846,34.2801],[126.0799,34.2814],[126.0813,34.2843],[126.0755,34.2853],[126.0725,34.2834],[126.0738,34.2809],[126.07,34.2816],[126.0706,34.2786],[126.0685,34.2777],[126.0677,34.2738],[126.0673,34.2775],[126.0619,34.2785],[126.0661,34.2871],[126.0645,34.2895],[126.0605,34.2891],[126.06,34.2856],[126.0564,34.2885],[126.0525,34.2872],[126.0524,34.2854],[126.0587,34.2782],[126.0583,34.2759],[126.0555,34.2746],[126.0531,34.276],[126.0491,34.2844],[126.0441,34.2822],[126.038,34.2863],[126.0337,34.2828],[126.0331,34.285],[126.0287,34.2843],[126.0262,34.2862],[126.0234,34.286],[126.024,34.2878],[126.0288,34.2905],[126.0241,34.2958],[126.0158,34.2921],[126.0168,34.2966],[126.0198,34.2983],[126.0182,34.2995],[126.0224,34.3029],[126.0256,34.2991],[126.0281,34.3031],[126.0316,34.3039],[126.0336,34.306],[126.0332,34.3075],[126.0275,34.3076],[126.022,34.3101],[126.0251,34.3131],[126.0291,34.3097],[126.0342,34.3112],[126.0351,34.3129],[126.03,34.3169],[126.0353,34.3179],[126.0371,34.3158],[126.038,34.3185],[126.0399,34.3185]]],[[[126.1309,34.32],[126.1301,34.3197],[126.1301,34.3201],[126.1309,34.32]]],[[[126.1258,34.3207],[126.1255,34.3204],[126.1253,34.3206],[126.1258,34.3207]]],[[[126.3021,34.3228],[126.3023,34.3225],[126.3021,34.3226],[126.3021,34.3228]]],[[[125.976,34.3208],[125.9765,34.3175],[125.98,34.3154],[125.9772,34.3117],[125.9769,34.3081],[125.9739,34.309],[125.972,34.3078],[125.9688,34.3106],[125.9704,34.3136],[125.968,34.319],[125.9695,34.3206],[125.976,34.3208]]],[[[126.0441,34.3225],[126.0442,34.3219],[126.044,34.322],[126.0441,34.3225]]],[[[126.2934,34.3255],[126.2984,34.3244],[126.3012,34.3211],[126.2934,34.3255]]],[[[126.1713,34.3244],[126.1707,34.3237],[126.1701,34.3253],[126.1713,34.3244]]],[[[126.2891,34.3253],[126.2888,34.3252],[126.2891,34.3261],[126.2891,34.3253]]],[[[126.0249,34.3212],[126.0257,34.3243],[126.027,34.3244],[126.0264,34.3222],[126.0249,34.3212]]],[[[126.2986,34.3307],[126.301,34.3278],[126.3039,34.3277],[126.3014,34.3275],[126.2967,34.3292],[126.2986,34.3307]]],[[[126.1237,34.3296],[126.1227,34.3264],[126.1202,34.3285],[126.1207,34.3293],[126.1237,34.3296]]],[[[126.1499,34.3301],[126.1533,34.3298],[126.1574,34.3277],[126.1515,34.3279],[126.1499,34.3301]]],[[[125.9809,34.3293],[125.9807,34.3291],[125.9806,34.3293],[125.9809,34.3293]]],[[[126.1489,34.3311],[126.149,34.331],[126.1488,34.331],[126.1489,34.3311]]],[[[125.9802,34.3256],[125.9751,34.326],[125.9775,34.3306],[125.9799,34.3293],[125.9802,34.3256]]],[[[125.9844,34.3309],[125.9849,34.3307],[125.9846,34.3306],[125.9844,34.3309]]],[[[126.3026,34.3341],[126.302,34.3338],[126.3017,34.334],[126.3026,34.3341]]],[[[126.2981,34.3321],[126.2969,34.3324],[126.2975,34.3352],[126.2978,34.3351],[126.2981,34.3321]]],[[[126.0481,34.3336],[126.0491,34.333],[126.0478,34.3334],[126.0481,34.3336]]],[[[125.9915,34.338],[125.9961,34.3376],[125.993,34.3369],[125.9915,34.338]]],[[[126.0216,34.3397],[126.0211,34.3392],[126.0206,34.3397],[126.0216,34.3397]]],[[[125.9988,34.3406],[125.9978,34.3407],[125.9977,34.3411],[125.9988,34.3406]]],[[[126.0269,34.3425],[126.0311,34.3387],[126.0459,34.3345],[126.0432,34.3327],[126.0532,34.3319],[126.0604,34.3211],[126.0567,34.3199],[126.0514,34.325],[126.0464,34.3225],[126.0466,34.3206],[126.0452,34.3209],[126.0459,34.3223],[126.0409,34.3233],[126.0386,34.3224],[126.0385,34.3251],[126.0458,34.3225],[126.0466,34.3239],[126.0389,34.3277],[126.0369,34.3304],[126.0337,34.3246],[126.0309,34.3286],[126.0289,34.328],[126.0234,34.3306],[126.0215,34.3283],[126.0231,34.326],[126.0206,34.3228],[126.0156,34.3241],[126.0107,34.3213],[126.0003,34.3255],[125.9967,34.3249],[125.9965,34.3272],[125.9949,34.3273],[125.9955,34.3353],[125.9985,34.3351],[125.9986,34.3377],[125.9966,34.3378],[125.9979,34.3391],[126.0002,34.3382],[125.9996,34.3368],[126.0068,34.3338],[126.016,34.3322],[126.0171,34.3336],[126.0113,34.3389],[126.0181,34.34],[126.0185,34.3385],[126.022,34.3363],[126.0218,34.3384],[126.0259,34.3398],[126.0269,34.3425]]],[[[125.9789,34.3435],[125.9789,34.3434],[125.9788,34.3436],[125.9789,34.3435]]],[[[126.0148,34.3442],[126.0145,34.3438],[126.0145,34.3442],[126.0148,34.3442]]],[[[125.9588,34.3448],[125.9584,34.3447],[125.9585,34.3451],[125.9588,34.3448]]],[[[125.9718,34.3453],[125.9763,34.3437],[125.9732,34.3436],[125.9718,34.3453]]],[[[126.1879,34.3471],[126.1874,34.3467],[126.1872,34.3478],[126.1879,34.3471]]],[[[126.2136,34.3495],[126.2153,34.3487],[126.2138,34.3464],[126.2129,34.3474],[126.2136,34.3495]]],[[[126.1804,34.3496],[126.1795,34.35],[126.18,34.3505],[126.1804,34.3496]]],[[[126.1128,34.3431],[126.1072,34.3376],[126.1083,34.3404],[126.1105,34.3425],[126.1077,34.3442],[126.1092,34.3501],[126.1128,34.3431]]],[[[126.1967,34.3533],[126.197,34.3526],[126.1962,34.3529],[126.1967,34.3533]]],[[[125.8987,34.3513],[125.8976,34.3511],[125.8984,34.3518],[125.8987,34.3513]]],[[[125.9574,34.3485],[125.9587,34.3485],[125.9573,34.3476],[125.9581,34.3457],[125.9499,34.3451],[125.9481,34.3419],[125.9458,34.3443],[125.9494,34.3468],[125.9485,34.3491],[125.9523,34.3505],[125.9519,34.3531],[125.9574,34.3504],[125.9574,34.3485]]],[[[126.1283,34.3546],[126.1283,34.3532],[126.128,34.3547],[126.1283,34.3546]]],[[[125.9866,34.3538],[125.9893,34.3493],[125.9887,34.3481],[125.9833,34.3521],[125.9866,34.3538]]],[[[125.9887,34.3541],[125.9883,34.3542],[125.9886,34.3543],[125.9887,34.3541]]],[[[125.9301,34.3544],[125.93,34.3529],[125.9297,34.3544],[125.9301,34.3544]]],[[[126.0138,34.3555],[126.0125,34.3548],[126.0126,34.3559],[126.0138,34.3555]]],[[[126.1234,34.3551],[126.1237,34.3564],[126.1256,34.3568],[126.1252,34.3559],[126.1234,34.3551]]],[[[126.1292,34.3591],[126.1288,34.3586],[126.1287,34.3591],[126.1292,34.3591]]],[[[126.0124,34.3601],[126.0116,34.3601],[126.0116,34.3603],[126.0124,34.3601]]],[[[126.013,34.3602],[126.0195,34.3581],[126.0193,34.3566],[126.0224,34.3572],[126.0234,34.353],[126.022,34.3514],[126.0252,34.3483],[126.0262,34.3437],[126.0195,34.3425],[126.0191,34.3442],[126.015,34.3443],[126.0146,34.3473],[126.0127,34.3475],[126.0218,34.3499],[126.0204,34.3523],[126.0182,34.3508],[126.0187,34.3521],[126.0164,34.3527],[126.0175,34.354],[126.0152,34.3536],[126.0157,34.356],[126.0133,34.3562],[126.013,34.3602]]],[[[126.0112,34.3606],[126.0114,34.3602],[126.0111,34.3605],[126.0112,34.3606]]],[[[126.0102,34.3602],[126.0107,34.3606],[126.0112,34.3601],[126.0102,34.3602]]],[[[125.9387,34.3631],[125.9385,34.363],[125.9384,34.3631],[125.9387,34.3631]]],[[[126.0217,34.3635],[126.0216,34.3637],[126.0221,34.3629],[126.0217,34.3635]]],[[[126.1248,34.3646],[126.1229,34.3648],[126.1242,34.3667],[126.1248,34.3665],[126.1248,34.3646]]],[[[126.2802,34.3696],[126.28,34.369],[126.2796,34.3693],[126.2802,34.3696]]],[[[126.312,34.3763],[126.3089,34.3758],[126.312,34.3763],[126.312,34.3763]]],[[[126.2827,34.3783],[126.2831,34.3783],[126.2824,34.3781],[126.2827,34.3783]]],[[[126.3122,34.378],[126.3114,34.3773],[126.3131,34.3789],[126.3122,34.378]]],[[[126.0434,34.3744],[126.0418,34.3768],[126.0418,34.3782],[126.044,34.3753],[126.0434,34.3744]]],[[[125.9373,34.3775],[125.9417,34.3768],[125.9418,34.375],[125.9406,34.3719],[125.9408,34.3735],[125.939,34.3727],[125.9416,34.3698],[125.9401,34.3686],[125.9409,34.3639],[125.9372,34.3649],[125.9334,34.3713],[125.9393,34.3741],[125.936,34.3759],[125.9373,34.3775]]],[[[126.3123,34.3802],[126.3119,34.3797],[126.311,34.3806],[126.3123,34.3802]]],[[[126.0056,34.3758],[126.0042,34.3749],[126.003,34.376],[126.0044,34.3801],[126.0056,34.3758]]],[[[126.1394,34.382],[126.1395,34.3817],[126.1393,34.3818],[126.1394,34.382]]],[[[126.1309,34.3815],[126.1302,34.3804],[126.1304,34.382],[126.1309,34.3815]]],[[[125.9646,34.3805],[125.9706,34.3792],[125.9726,34.3732],[125.9694,34.3668],[125.9619,34.3632],[125.9622,34.3689],[125.9639,34.3689],[125.963,34.3711],[125.9651,34.3718],[125.9624,34.3751],[125.9647,34.3766],[125.9673,34.3748],[125.9711,34.3758],[125.9646,34.3805]]],[[[126.3275,34.3836],[126.3274,34.3835],[126.3274,34.3836],[126.3275,34.3836]]],[[[126.3278,34.3841],[126.3277,34.3841],[126.3278,34.3841],[126.3278,34.3841]]],[[[126.0376,34.3828],[126.041,34.3825],[126.0409,34.3817],[126.0394,34.3811],[126.0376,34.3828]]],[[[126.2837,34.3851],[126.2836,34.3848],[126.2836,34.385],[126.2837,34.3851]]],[[[126.3466,34.387],[126.3463,34.3858],[126.3441,34.3858],[126.3451,34.3869],[126.3466,34.387]]],[[[126.3284,34.3846],[126.3275,34.386],[126.3293,34.388],[126.3301,34.3863],[126.3284,34.3846]]],[[[126.0156,34.3857],[126.0163,34.3844],[126.0177,34.3832],[126.0153,34.3842],[126.0156,34.3857]]],[[[126.2787,34.3878],[126.2783,34.3878],[126.2787,34.388],[126.2787,34.3878]]],[[[126.3298,34.3887],[126.3296,34.3887],[126.3296,34.3888],[126.3298,34.3887]]],[[[126.2633,34.3888],[126.2624,34.3885],[126.2624,34.3889],[126.2633,34.3888]]],[[[126.281,34.3913],[126.2804,34.391],[126.2804,34.3911],[126.281,34.3913]]],[[[126.3267,34.3911],[126.3247,34.3907],[126.325,34.3928],[126.3263,34.3929],[126.3267,34.3911]]],[[[126.3024,34.3946],[126.3044,34.389],[126.3016,34.3874],[126.2997,34.3886],[126.2964,34.3864],[126.2965,34.3847],[126.2992,34.3819],[126.3012,34.3832],[126.3034,34.3823],[126.3042,34.3847],[126.3074,34.3854],[126.3075,34.3837],[126.3102,34.382],[126.3054,34.3801],[126.3082,34.3797],[126.3073,34.3767],[126.3088,34.3759],[126.3085,34.3739],[126.304,34.3741],[126.3022,34.371],[126.2963,34.37],[126.2942,34.372],[126.295,34.3737],[126.2925,34.3744],[126.2885,34.3703],[126.2922,34.3665],[126.2859,34.3657],[126.2855,34.3686],[126.2829,34.3677],[126.2797,34.3714],[126.2822,34.373],[126.2811,34.3766],[126.2857,34.3804],[126.2838,34.3867],[126.2851,34.388],[126.284,34.388],[126.2835,34.3891],[126.2852,34.3881],[126.2875,34.3897],[126.2893,34.3879],[126.2917,34.3888],[126.2918,34.3916],[126.297,34.3907],[126.2983,34.3939],[126.3024,34.3946]]],[[[126.3284,34.3943],[126.3267,34.3943],[126.326,34.3951],[126.3282,34.3959],[126.3284,34.3943]]],[[[126.3145,34.3965],[126.3127,34.3951],[126.3127,34.3963],[126.3145,34.3965]]],[[[126.308,34.3966],[126.3081,34.3963],[126.3078,34.3965],[126.308,34.3966]]],[[[126.3072,34.3973],[126.3075,34.397],[126.307,34.3975],[126.3072,34.3973]]],[[[126.3668,34.3981],[126.3666,34.3977],[126.3667,34.3981],[126.3668,34.3981]]],[[[126.3074,34.3981],[126.3072,34.3977],[126.307,34.3977],[126.3074,34.3981]]],[[[126.2987,34.3982],[126.2988,34.3981],[126.2987,34.3981],[126.2987,34.3982]]],[[[126.3513,34.3995],[126.3507,34.3985],[126.3507,34.3997],[126.3513,34.3995]]],[[[126.3142,34.4003],[126.3139,34.4],[126.3138,34.4005],[126.3142,34.4003]]],[[[126.1028,34.3996],[126.1026,34.3993],[126.1026,34.3994],[126.1028,34.3996]]],[[[126.3494,34.4019],[126.3498,34.402],[126.3497,34.4018],[126.3494,34.4019]]],[[[126.0149,34.4004],[126.0149,34.3999],[126.0145,34.4004],[126.0149,34.4004]]],[[[126.0362,34.3993],[126.039,34.3987],[126.0405,34.3934],[126.0363,34.3946],[126.0342,34.3935],[126.0361,34.3979],[126.0343,34.4002],[126.0359,34.4009],[126.0362,34.3993]]],[[[126.3704,34.4037],[126.3704,34.4035],[126.3702,34.4038],[126.3704,34.4037]]],[[[126.3646,34.4037],[126.3643,34.4036],[126.3642,34.4038],[126.3646,34.4037]]],[[[126.0121,34.3969],[126.0085,34.3998],[126.01,34.4043],[126.0112,34.4034],[126.0104,34.4019],[126.0131,34.4003],[126.0121,34.3969]]],[[[126.0409,34.4061],[126.0469,34.4047],[126.0508,34.401],[126.0506,34.3969],[126.0542,34.393],[126.0515,34.3923],[126.0456,34.3963],[126.0462,34.397],[126.0462,34.3976],[126.0454,34.3959],[126.043,34.3966],[126.0389,34.4041],[126.0409,34.4061]]],[[[126.3567,34.4095],[126.3566,34.4094],[126.3566,34.4094],[126.3567,34.4095]]],[[[126.3801,34.4122],[126.3803,34.4117],[126.3797,34.4117],[126.3801,34.4122]]],[[[126.357,34.4123],[126.3565,34.4094],[126.3571,34.4062],[126.3556,34.4062],[126.353,34.4036],[126.3511,34.4034],[126.3546,34.4081],[126.3544,34.4105],[126.357,34.4123]]],[[[126.3672,34.417],[126.3701,34.4164],[126.3737,34.4129],[126.3719,34.4086],[126.3653,34.4103],[126.3662,34.4121],[126.3638,34.4151],[126.3672,34.417]]],[[[125.9912,34.4207],[125.9911,34.4197],[125.9901,34.4206],[125.9912,34.4207]]],[[[125.9899,34.4241],[125.9884,34.4232],[125.9863,34.424],[125.9899,34.4241]]],[[[126.007,34.4253],[126.0068,34.4252],[126.007,34.4254],[126.007,34.4253]]],[[[126.008,34.4271],[126.0059,34.4249],[126.0046,34.4257],[126.0051,34.4267],[126.008,34.4271]]],[[[125.9829,34.4278],[125.9834,34.4275],[125.9826,34.4277],[125.9829,34.4278]]],[[[126.0838,34.4258],[126.0823,34.4266],[126.083,34.4292],[126.0841,34.4283],[126.0838,34.4258]]],[[[126.0952,34.4399],[126.0948,34.4393],[126.0946,34.4394],[126.0952,34.4399]]],[[[126.0896,34.4373],[126.0884,34.4377],[126.0887,34.4402],[126.0899,34.4391],[126.0896,34.4373]]],[[[126.0919,34.4403],[126.0922,34.4399],[126.0917,34.4402],[126.0919,34.4403]]],[[[126.0934,34.4405],[126.0931,34.4403],[126.0931,34.4405],[126.0934,34.4405]]],[[[126.0934,34.4431],[126.0939,34.4417],[126.0929,34.4427],[126.0934,34.4431]]],[[[126.0619,34.4429],[126.0651,34.4427],[126.0657,34.4392],[126.0636,34.4392],[126.0619,34.4429]]],[[[126.099,34.444],[126.0989,34.4439],[126.0987,34.4441],[126.099,34.444]]],[[[126.3643,34.4489],[126.3635,34.4491],[126.3644,34.4492],[126.3643,34.4489]]],[[[125.9845,34.4542],[125.9841,34.4541],[125.9843,34.4543],[125.9845,34.4542]]],[[[126.0009,34.4526],[125.9983,34.4527],[125.9978,34.4543],[125.9992,34.4548],[126.0009,34.4526]]],[[[126.1101,34.455],[126.109,34.4547],[126.1085,34.4561],[126.1091,34.4564],[126.1101,34.455]]],[[[126.0425,34.4565],[126.0414,34.4576],[126.0419,34.4577],[126.0425,34.4565]]],[[[125.9859,34.4574],[125.9862,34.4558],[125.9852,34.4547],[125.9842,34.4575],[125.9859,34.4574]]],[[[126.0271,34.457],[126.0257,34.4584],[126.0266,34.4597],[126.0277,34.458],[126.0271,34.457]]],[[[126.0363,34.4614],[126.0364,34.461],[126.0361,34.4614],[126.0363,34.4614]]],[[[126.0962,34.4569],[126.1016,34.4564],[126.1039,34.4548],[126.1001,34.4541],[126.0937,34.4563],[126.0917,34.4613],[126.0931,34.4616],[126.0962,34.4569]]],[[[126.0359,34.4617],[126.0359,34.4615],[126.0358,34.4617],[126.0359,34.4617]]],[[[126.0503,34.4624],[126.0505,34.4621],[126.0502,34.4621],[126.0503,34.4624]]],[[[125.9912,34.4634],[125.9895,34.4616],[125.987,34.462],[125.9881,34.4635],[125.9912,34.4634]]],[[[126.3846,34.4751],[126.3843,34.4743],[126.3842,34.4754],[126.3846,34.4751]]],[[[126.0749,34.4872],[126.0746,34.487],[126.0748,34.4875],[126.0749,34.4872]]],[[[126.1692,34.488],[126.1671,34.4867],[126.1685,34.4895],[126.1692,34.488]]],[[[126.1478,34.4897],[126.1472,34.4894],[126.1472,34.4895],[126.1478,34.4897]]],[[[126.0866,34.4872],[126.0814,34.4848],[126.0781,34.4876],[126.0801,34.4918],[126.0853,34.4931],[126.0876,34.4899],[126.0866,34.4872]]],[[[126.1017,34.4938],[126.1061,34.4943],[126.1095,34.4898],[126.1023,34.4915],[126.1017,34.4938]]],[[[126.0473,34.4946],[126.0472,34.4944],[126.0471,34.4945],[126.0473,34.4946]]],[[[126.057,34.4968],[126.0587,34.4924],[126.0636,34.4927],[126.0648,34.4897],[126.0597,34.4889],[126.0589,34.4836],[126.0551,34.4834],[126.0541,34.4819],[126.0579,34.4792],[126.0612,34.4794],[126.0662,34.4837],[126.0704,34.4817],[126.0647,34.4785],[126.0654,34.4752],[126.0632,34.4767],[126.0575,34.473],[126.0528,34.4729],[126.0522,34.4698],[126.0507,34.4694],[126.0531,34.4677],[126.0494,34.4679],[126.0494,34.466],[126.0469,34.4657],[126.0474,34.4627],[126.044,34.4616],[126.043,34.4596],[126.0408,34.4621],[126.0364,34.4619],[126.0359,34.4637],[126.0382,34.4631],[126.0396,34.4644],[126.039,34.466],[126.041,34.4661],[126.0428,34.4693],[126.0406,34.4704],[126.0411,34.474],[126.0393,34.4759],[126.0354,34.4769],[126.0325,34.4801],[126.032,34.4835],[126.0344,34.4796],[126.0397,34.4785],[126.0452,34.4889],[126.045,34.4916],[126.0518,34.4922],[126.0468,34.4958],[126.0518,34.4961],[126.0545,34.4981],[126.057,34.4968]]],[[[126.1731,34.5112],[126.1726,34.5102],[126.1722,34.5107],[126.1731,34.5112]]],[[[126.1691,34.511],[126.1656,34.5081],[126.166,34.5069],[126.1629,34.5058],[126.1647,34.5086],[126.1626,34.5108],[126.1691,34.511]]],[[[126.1219,34.5109],[126.1218,34.5111],[126.122,34.511],[126.1219,34.5109]]],[[[126.124,34.5117],[126.1227,34.5119],[126.1241,34.5125],[126.124,34.5117]]],[[[126.1268,34.5133],[126.1251,34.5139],[126.1268,34.514],[126.1268,34.5133]]],[[[126.0864,34.5154],[126.0894,34.5166],[126.0889,34.5149],[126.0864,34.5154]]],[[[126.0843,34.5177],[126.0842,34.5173],[126.0841,34.5175],[126.0843,34.5177]]],[[[126.0852,34.5189],[126.0855,34.5196],[126.0865,34.5191],[126.0852,34.5189]]],[[[126.0975,34.5206],[126.0975,34.5177],[126.0936,34.5192],[126.096,34.5209],[126.0975,34.5206]]],[[[126.107,34.529],[126.1045,34.5271],[126.1026,34.5296],[126.1052,34.5289],[126.1049,34.5313],[126.107,34.529]]],[[[126.1045,34.5323],[126.1043,34.5318],[126.1043,34.5324],[126.1045,34.5323]]],[[[126.2199,34.5354],[126.2181,34.5341],[126.2192,34.5361],[126.2199,34.5354]]],[[[126.3562,34.5384],[126.3542,34.5361],[126.3508,34.5376],[126.3524,34.539],[126.3562,34.5384]]],[[[126.2157,34.5382],[126.215,34.5383],[126.2149,34.5386],[126.2157,34.5382]]],[[[126.1753,34.5336],[126.1746,34.5346],[126.1764,34.5388],[126.1766,34.5352],[126.1753,34.5336]]],[[[126.2286,34.5398],[126.2285,34.539],[126.228,34.5395],[126.2286,34.5398]]],[[[126.222,34.5523],[126.2282,34.552],[126.2255,34.551],[126.222,34.5523]]],[[[126.2191,34.5532],[126.2206,34.5531],[126.2217,34.5525],[126.2203,34.5524],[126.2191,34.5532]]],[[[126.3096,34.5559],[126.3077,34.5553],[126.3072,34.5559],[126.3096,34.5559]]],[[[126.317,34.556],[126.3153,34.5557],[126.3136,34.557],[126.3148,34.5582],[126.317,34.556]]],[[[126.2102,34.5572],[126.2111,34.5586],[126.2131,34.557],[126.2105,34.5555],[126.2083,34.5564],[126.2079,34.5584],[126.2093,34.559],[126.2102,34.5572]]],[[[126.3101,34.5636],[126.3099,34.5635],[126.31,34.5637],[126.3101,34.5636]]],[[[126.3119,34.5656],[126.3125,34.5653],[126.3119,34.5653],[126.3119,34.5656]]],[[[126.2644,34.5852],[126.2646,34.585],[126.2644,34.585],[126.2644,34.5852]]],[[[126.25,34.5888],[126.2523,34.5878],[126.2498,34.5855],[126.2527,34.5839],[126.2552,34.5845],[126.2546,34.5866],[126.2579,34.5871],[126.2601,34.5841],[126.2666,34.5846],[126.2666,34.5815],[126.2691,34.5814],[126.2703,34.5837],[126.2759,34.5821],[126.2751,34.5806],[126.2802,34.5811],[126.2815,34.5799],[126.2791,34.5794],[126.279,34.5779],[126.282,34.5765],[126.2906,34.5776],[126.2922,34.5757],[126.2915,34.5722],[126.2946,34.5742],[126.2976,34.5739],[126.2981,34.5717],[126.2996,34.5726],[126.3036,34.5709],[126.3039,34.5688],[126.3089,34.5652],[126.3096,34.563],[126.3073,34.5595],[126.301,34.559],[126.3006,34.5564],[126.3043,34.5544],[126.3059,34.5551],[126.3067,34.5521],[126.3109,34.5506],[126.3142,34.5437],[126.3253,34.5403],[126.3268,34.5467],[126.3288,34.5449],[126.329,34.5466],[126.332,34.5462],[126.3322,34.5483],[126.3391,34.5513],[126.3422,34.5489],[126.3382,34.5479],[126.3368,34.5434],[126.3394,34.5424],[126.3429,34.5435],[126.3452,34.5421],[126.3463,34.5398],[126.345,34.5379],[126.3478,34.5343],[126.3519,34.5342],[126.3535,34.5324],[126.3512,34.5275],[126.3601,34.5263],[126.3638,34.5219],[126.3643,34.518],[126.3661,34.5184],[126.3691,34.5146],[126.3769,34.5129],[126.3764,34.5082],[126.3828,34.5053],[126.3832,34.5037],[126.3784,34.5001],[126.3793,34.501],[126.3777,34.5024],[126.3727,34.5007],[126.373,34.4961],[126.3769,34.4957],[126.376,34.4941],[126.3785,34.4925],[126.383,34.4927],[126.3794,34.4913],[126.3788,34.4861],[126.3828,34.4855],[126.3827,34.4835],[126.3853,34.4808],[126.3804,34.4783],[126.378,34.4791],[126.3772,34.4845],[126.3743,34.4856],[126.3707,34.4831],[126.3683,34.4849],[126.3635,34.4849],[126.3577,34.4805],[126.3577,34.4763],[126.3606,34.4729],[126.3673,34.4714],[126.3722,34.4723],[126.3714,34.4712],[126.3728,34.4709],[126.3702,34.4646],[126.3646,34.4651],[126.3657,34.4644],[126.3579,34.4562],[126.3588,34.4543],[126.36,34.4547],[126.3588,34.4542],[126.3601,34.4509],[126.3655,34.4458],[126.3643,34.4439],[126.3654,34.443],[126.3672,34.4443],[126.3648,34.4417],[126.356,34.4372],[126.3516,34.4314],[126.3515,34.4262],[126.3489,34.4226],[126.3445,34.4214],[126.3435,34.4199],[126.345,34.4188],[126.3429,34.4199],[126.3422,34.4154],[126.3395,34.4164],[126.3363,34.4152],[126.3375,34.414],[126.3376,34.4134],[126.3354,34.4144],[126.3366,34.4122],[126.3378,34.4129],[126.335,34.4099],[126.3373,34.4071],[126.336,34.4053],[126.3375,34.4038],[126.3366,34.4006],[126.3341,34.3997],[126.3301,34.4011],[126.328,34.3995],[126.3283,34.3975],[126.3243,34.3998],[126.3239,34.4024],[126.3202,34.4051],[126.3251,34.404],[126.3277,34.4059],[126.3214,34.4126],[126.3269,34.4151],[126.3226,34.4168],[126.325,34.4211],[126.3229,34.421],[126.3203,34.4246],[126.3186,34.4243],[126.3191,34.4191],[126.3165,34.42],[126.3109,34.4159],[126.314,34.4143],[126.3123,34.4109],[126.3151,34.4004],[126.3133,34.4017],[126.3127,34.4001],[126.3123,34.4002],[126.3126,34.4056],[126.3093,34.4069],[126.302,34.4145],[126.3017,34.4106],[126.3039,34.4064],[126.3067,34.405],[126.3062,34.4022],[126.3031,34.404],[126.2996,34.4036],[126.298,34.4091],[126.2924,34.4089],[126.2914,34.4027],[126.2969,34.3977],[126.2903,34.3954],[126.29,34.3935],[126.2878,34.3928],[126.2833,34.3946],[126.2832,34.392],[126.2818,34.3924],[126.2803,34.3912],[126.2801,34.3903],[126.2795,34.3902],[126.2763,34.3909],[126.2772,34.3916],[126.276,34.3926],[126.2784,34.3939],[126.2762,34.3963],[126.2689,34.3959],[126.2653,34.3975],[126.2629,34.3955],[126.2605,34.3924],[126.2596,34.3868],[126.2612,34.3854],[126.2682,34.3851],[126.2684,34.3835],[126.265,34.3809],[126.266,34.3794],[126.2686,34.3799],[126.2667,34.3783],[126.2564,34.3804],[126.2556,34.3818],[126.2521,34.3781],[126.244,34.3795],[126.2392,34.3709],[126.2342,34.3688],[126.2334,34.3741],[126.2311,34.375],[126.2283,34.3735],[126.23,34.3703],[126.2243,34.3705],[126.2216,34.3677],[126.2156,34.3692],[126.2143,34.3711],[126.2024,34.3711],[126.1986,34.3677],[126.2011,34.3678],[126.2025,34.37],[126.2083,34.3682],[126.2102,34.369],[126.2092,34.3667],[126.213,34.3638],[126.2136,34.3607],[126.2106,34.3622],[126.2068,34.3617],[126.2024,34.358],[126.1869,34.3566],[126.1853,34.3551],[126.1856,34.3522],[126.1803,34.3511],[126.1825,34.3547],[126.1813,34.3561],[126.1828,34.358],[126.182,34.3595],[126.1795,34.3589],[126.174,34.3524],[126.162,34.3531],[126.1607,34.3557],[126.1567,34.3565],[126.1556,34.3598],[126.1638,34.3641],[126.1603,34.3651],[126.1608,34.3634],[126.1557,34.3619],[126.1553,34.3632],[126.157,34.3639],[126.1568,34.3649],[126.1528,34.3667],[126.1437,34.3643],[126.1463,34.3583],[126.1436,34.3588],[126.1395,34.357],[126.1376,34.3595],[126.13,34.3599],[126.1322,34.3636],[126.1314,34.3652],[126.1322,34.3637],[126.1362,34.3642],[126.1369,34.3665],[126.1322,34.367],[126.1302,34.3657],[126.1322,34.3671],[126.1356,34.3673],[126.1358,34.3684],[126.1389,34.3684],[126.1341,34.3742],[126.1412,34.3755],[126.1434,34.3783],[126.1447,34.3775],[126.1459,34.3793],[126.1439,34.3816],[126.1444,34.383],[126.1433,34.3852],[126.1301,34.3856],[126.1258,34.3819],[126.1271,34.3786],[126.1193,34.3803],[126.1175,34.3787],[126.1174,34.3802],[126.1138,34.3821],[126.1154,34.3829],[126.1143,34.3858],[126.1094,34.3911],[126.1092,34.3928],[126.1119,34.3934],[126.1117,34.3947],[126.1092,34.3954],[126.1063,34.3991],[126.0993,34.4017],[126.101,34.4032],[126.0979,34.4044],[126.0964,34.4106],[126.0909,34.4145],[126.0934,34.4161],[126.0895,34.4187],[126.0914,34.42],[126.0974,34.4186],[126.0916,34.4217],[126.0939,34.4235],[126.098,34.4218],[126.0928,34.4266],[126.0973,34.4298],[126.0971,34.4307],[126.0974,34.4316],[126.0995,34.4296],[126.1008,34.431],[126.0993,34.4333],[126.0965,34.4337],[126.0962,34.4356],[126.1017,34.4363],[126.1018,34.4411],[126.1112,34.4473],[126.1184,34.4497],[126.1223,34.4438],[126.1253,34.4422],[126.1278,34.4436],[126.1301,34.4425],[126.1257,34.4466],[126.1273,34.4524],[126.118,34.4534],[126.117,34.4597],[126.1203,34.46],[126.1243,34.4646],[126.1343,34.4654],[126.1383,34.4678],[126.138,34.4689],[126.1393,34.4693],[126.1381,34.4688],[126.139,34.468],[126.1429,34.4706],[126.1449,34.4756],[126.1615,34.4833],[126.1625,34.4823],[126.1727,34.4845],[126.1718,34.4863],[126.1746,34.4871],[126.1758,34.4915],[126.1732,34.4947],[126.1773,34.496],[126.1784,34.5011],[126.1907,34.5143],[126.1945,34.5108],[126.1923,34.5108],[126.1902,34.508],[126.1882,34.4962],[126.1914,34.4939],[126.2054,34.496],[126.2079,34.5017],[126.2045,34.504],[126.2037,34.5066],[126.2002,34.5049],[126.1982,34.5095],[126.204,34.5149],[126.2084,34.5145],[126.2111,34.5167],[126.2234,34.5164],[126.224,34.519],[126.2123,34.5243],[126.212,34.5268],[126.2171,34.5282],[126.2168,34.5307],[126.2187,34.533],[126.22,34.5313],[126.2221,34.5315],[126.2223,34.5299],[126.2249,34.5301],[126.2258,34.5412],[126.228,34.5358],[126.2337,34.5342],[126.2335,34.5355],[126.2355,34.5356],[126.251,34.5631],[126.2477,34.5647],[126.2458,34.5629],[126.2464,34.5652],[126.2447,34.566],[126.2459,34.5673],[126.2445,34.569],[126.2425,34.569],[126.2396,34.5651],[126.2413,34.5688],[126.2401,34.5709],[126.2423,34.5739],[126.2402,34.5741],[126.2401,34.5755],[126.2447,34.5807],[126.2431,34.5834],[126.2381,34.5826],[126.2405,34.5868],[126.243,34.5861],[126.2431,34.5874],[126.2474,34.5885],[126.2479,34.5873],[126.25,34.5888]]],[[[126.2486,34.5927],[126.2491,34.5929],[126.2492,34.5927],[126.2486,34.5927]]]]}},{"id":"174","type":"Feature","properties":{"name":"신안군"},"geometry":{"type":"MultiPolygon","coordinates":[[[[126.1904,35.1126],[126.2033,35.1076],[126.2114,35.1019],[126.2118,35.1054],[126.218,35.1066],[126.2268,35.103],[126.2326,35.0982],[126.2361,35.1015],[126.2483,35.097],[126.2489,35.0915],[126.2449,35.085],[126.2446,35.0771],[126.261,35.0655],[126.2621,35.0567],[126.2618,35.0537],[126.26,35.0533],[126.2605,35.0501],[126.2641,35.0424],[126.2733,35.0385],[126.2745,35.0345],[126.2664,35.0293],[126.2654,35.0274],[126.2668,35.0244],[126.2629,35.0199],[126.2562,35.0214],[126.2566,35.0164],[126.2553,35.0154],[126.2565,35.0138],[126.2546,35.0125],[126.2524,35.0136],[126.2537,35.0152],[126.2526,35.0143],[126.2523,35.0137],[126.2524,35.0127],[126.2519,35.012],[126.249,35.0119],[126.2473,35.0136],[126.2484,35.0144],[126.2442,35.0272],[126.2426,35.0277],[126.2394,35.0218],[126.2411,35.0196],[126.2392,35.0184],[126.234,35.0173],[126.2323,35.0201],[126.2303,35.0178],[126.2298,35.0206],[126.228,35.0198],[126.2274,35.0228],[126.2303,35.0236],[126.2324,35.0265],[126.2311,35.0265],[126.2314,35.0289],[126.2291,35.0293],[126.2308,35.0302],[126.229,35.0317],[126.231,35.0352],[126.2278,35.0381],[126.2319,35.0429],[126.2353,35.0441],[126.2327,35.0532],[126.2225,35.0579],[126.2134,35.0561],[126.2108,35.057],[126.207,35.0546],[126.2048,35.0573],[126.2043,35.0545],[126.2073,35.052],[126.2098,35.0454],[126.2081,35.044],[126.2096,35.0409],[126.2064,35.0399],[126.2054,35.0423],[126.2056,35.0396],[126.2042,35.0406],[126.2044,35.0434],[126.2037,35.042],[126.2028,35.0434],[126.2015,35.0489],[126.1996,35.0516],[126.1954,35.053],[126.1942,35.0561],[126.1968,35.058],[126.2021,35.0586],[126.2038,35.0565],[126.205,35.058],[126.2024,35.0617],[126.1989,35.063],[126.1925,35.0611],[126.1928,35.064],[126.1923,35.0608],[126.1906,35.0608],[126.1912,35.0593],[126.1823,35.0579],[126.1824,35.0614],[126.1837,35.0612],[126.1847,35.063],[126.1818,35.0618],[126.1807,35.0638],[126.1823,35.0644],[126.1829,35.065],[126.1804,35.064],[126.181,35.0674],[126.1794,35.0661],[126.1754,35.0666],[126.1728,35.0636],[126.1734,35.0663],[126.1723,35.0654],[126.1695,35.0665],[126.1687,35.0681],[126.1697,35.0684],[126.1703,35.0691],[126.169,35.0683],[126.1688,35.0693],[126.1705,35.0704],[126.1688,35.0697],[126.1686,35.0724],[126.1673,35.0726],[126.1652,35.0674],[126.1616,35.067],[126.1603,35.0719],[126.1633,35.074],[126.1614,35.0757],[126.1642,35.0785],[126.1633,35.0796],[126.1672,35.0794],[126.1685,35.081],[126.1571,35.0894],[126.1588,35.0986],[126.1661,35.1012],[126.1679,35.1041],[126.1727,35.106],[126.178,35.1039],[126.1816,35.1089],[126.1904,35.1126]]],[[[126.0898,34.9032],[126.0851,34.9001],[126.0838,34.8942],[126.0898,34.8895],[126.0925,34.8913],[126.0933,34.8897],[126.0959,34.8905],[126.0991,34.8891],[126.0986,34.8852],[126.0934,34.8835],[126.0943,34.8803],[126.0971,34.8801],[126.0954,34.8761],[126.0915,34.8792],[126.0899,34.8783],[126.0899,34.8758],[126.087,34.8764],[126.0846,34.8742],[126.0825,34.8764],[126.082,34.881],[126.0789,34.8815],[126.0797,34.8786],[126.0778,34.8762],[126.0787,34.8736],[126.0777,34.8716],[126.084,34.8664],[126.0831,34.8659],[126.0845,34.8663],[126.0845,34.8647],[126.081,34.8641],[126.0779,34.8659],[126.0741,34.8637],[126.0674,34.8642],[126.069,34.8581],[126.0671,34.86],[126.0657,34.8567],[126.0633,34.8577],[126.063,34.8564],[126.0599,34.8569],[126.0528,34.8542],[126.0501,34.8555],[126.0439,34.8483],[126.0472,34.8466],[126.0469,34.8449],[126.0431,34.8454],[126.0434,34.8438],[126.0382,34.851],[126.0354,34.8511],[126.0362,34.8527],[126.0326,34.8594],[126.0245,34.8594],[126.0246,34.8576],[126.0224,34.8566],[126.0234,34.8581],[126.0216,34.8625],[126.0245,34.8657],[126.0232,34.8686],[126.0252,34.8723],[126.0224,34.8723],[126.0176,34.8667],[126.0174,34.8638],[126.012,34.8634],[126.0121,34.8616],[126.0087,34.8595],[125.9992,34.866],[125.9924,34.8648],[125.9928,34.8616],[125.9882,34.8663],[125.984,34.8637],[125.9775,34.8646],[125.9773,34.8656],[125.9829,34.867],[125.9807,34.8733],[125.9785,34.8745],[125.9718,34.8712],[125.9687,34.8715],[125.968,34.8734],[125.9687,34.8764],[125.9759,34.874],[125.9811,34.8773],[125.9852,34.8737],[125.9931,34.8785],[125.9955,34.881],[125.9953,34.8868],[125.9968,34.888],[125.9983,34.8874],[125.9976,34.8863],[126.0,34.8866],[126.0039,34.8888],[126.0043,34.8927],[126.0061,34.8934],[126.0043,34.8947],[126.0088,34.8958],[126.0101,34.8977],[126.0138,34.906],[126.011,34.9093],[126.0162,34.909],[126.0142,34.9119],[126.0167,34.9126],[126.0174,34.9096],[126.0229,34.907],[126.0288,34.9087],[126.0294,34.9102],[126.031,34.909],[126.0372,34.9141],[126.0346,34.9194],[126.0363,34.9194],[126.0403,34.9183],[126.0398,34.9154],[126.0436,34.9135],[126.0402,34.9121],[126.0417,34.9101],[126.0539,34.9114],[126.0558,34.9097],[126.057,34.9104],[126.0556,34.9124],[126.0618,34.921],[126.0586,34.925],[126.0612,34.9306],[126.0561,34.9345],[126.0577,34.938],[126.0633,34.9327],[126.0685,34.9364],[126.0709,34.9353],[126.0708,34.9325],[126.0752,34.9338],[126.0789,34.9313],[126.0745,34.9244],[126.0767,34.9208],[126.0821,34.919],[126.0904,34.9222],[126.0907,34.918],[126.0832,34.9159],[126.0824,34.9131],[126.0841,34.9113],[126.0921,34.9112],[126.0922,34.9091],[126.0943,34.9081],[126.0975,34.9105],[126.0988,34.9093],[126.0947,34.9044],[126.0898,34.9032]]],[[[126.2964,34.9219],[126.3034,34.9191],[126.3056,34.9204],[126.3061,34.9173],[126.3035,34.9161],[126.3036,34.9135],[126.3094,34.9148],[126.3078,34.9118],[126.3122,34.907],[126.3143,34.9084],[126.3178,34.9063],[126.3213,34.9076],[126.3193,34.9131],[126.3223,34.9109],[126.3257,34.9113],[126.3284,34.909],[126.3359,34.9093],[126.3434,34.8995],[126.3515,34.8986],[126.35,34.8881],[126.3488,34.8884],[126.3482,34.89],[126.3486,34.8915],[126.3486,34.8923],[126.3484,34.8925],[126.3462,34.8943],[126.3428,34.8947],[126.3399,34.8927],[126.337,34.8935],[126.3357,34.887],[126.3328,34.8871],[126.3334,34.8892],[126.3311,34.8907],[126.328,34.8903],[126.3264,34.8917],[126.3254,34.8849],[126.3293,34.8794],[126.3265,34.8789],[126.3255,34.882],[126.3194,34.8839],[126.3159,34.8833],[126.317,34.8831],[126.3156,34.8799],[126.3128,34.8789],[126.3143,34.877],[126.3252,34.8733],[126.3203,34.8715],[126.3209,34.8683],[126.3193,34.8694],[126.3206,34.8681],[126.3141,34.8688],[126.3145,34.8663],[126.3208,34.862],[126.3328,34.8618],[126.3382,34.8642],[126.3503,34.8628],[126.3539,34.8645],[126.3582,34.863],[126.3628,34.8561],[126.3682,34.8576],[126.3672,34.8518],[126.3712,34.8465],[126.3712,34.8435],[126.3707,34.8419],[126.3681,34.8423],[126.3654,34.84],[126.3652,34.8363],[126.371,34.8372],[126.3712,34.8386],[126.3723,34.8356],[126.371,34.834],[126.3729,34.833],[126.3658,34.8315],[126.365,34.8281],[126.3675,34.8275],[126.3682,34.825],[126.3612,34.8231],[126.3617,34.82],[126.3582,34.819],[126.3568,34.8143],[126.3475,34.8143],[126.3468,34.8168],[126.3429,34.8187],[126.3395,34.8163],[126.3377,34.8167],[126.3365,34.8194],[126.3333,34.8182],[126.3306,34.8198],[126.331,34.8219],[126.3276,34.8222],[126.3269,34.8248],[126.3349,34.8251],[126.3361,34.8267],[126.3351,34.8307],[126.3369,34.8333],[126.3438,34.8327],[126.3461,34.8355],[126.3475,34.8349],[126.3451,34.8367],[126.3438,34.8422],[126.3417,34.8425],[126.3394,34.8386],[126.337,34.8395],[126.3359,34.842],[126.3375,34.8431],[126.3371,34.8446],[126.3345,34.8484],[126.329,34.8512],[126.3203,34.8505],[126.3165,34.8462],[126.3125,34.8533],[126.3022,34.8541],[126.2965,34.8523],[126.2942,34.8499],[126.2916,34.855],[126.2766,34.8558],[126.2743,34.8537],[126.2726,34.8481],[126.2659,34.8445],[126.2663,34.8426],[126.2624,34.8396],[126.2519,34.8413],[126.2469,34.8456],[126.2406,34.848],[126.2312,34.849],[126.2267,34.8475],[126.226,34.8503],[126.2291,34.8504],[126.2299,34.8519],[126.2303,34.8545],[126.2285,34.8554],[126.2313,34.8583],[126.2328,34.8647],[126.2361,34.8639],[126.2366,34.8617],[126.242,34.859],[126.2584,34.858],[126.2609,34.8566],[126.2653,34.8603],[126.2681,34.8711],[126.2699,34.8728],[126.2738,34.8642],[126.2823,34.8617],[126.2844,34.8634],[126.2855,34.8666],[126.2843,34.8699],[126.2813,34.8704],[126.2786,34.873],[126.2786,34.8781],[126.2819,34.8854],[126.2797,34.886],[126.2805,34.8871],[126.2864,34.8869],[126.2887,34.8853],[126.2894,34.8822],[126.2927,34.8812],[126.2975,34.8819],[126.2999,34.8834],[126.299,34.8852],[126.3043,34.8874],[126.3035,34.891],[126.3018,34.8915],[126.3023,34.8935],[126.299,34.8956],[126.299,34.898],[126.2971,34.8984],[126.2955,34.9015],[126.2913,34.9011],[126.2808,34.9105],[126.2884,34.9168],[126.2901,34.9153],[126.2964,34.9219]]],[[[126.0897,34.7742],[126.1057,34.7661],[126.1159,34.7681],[126.1176,34.7705],[126.1255,34.7706],[126.1277,34.767],[126.127,34.7641],[126.1312,34.76],[126.1344,34.7595],[126.1324,34.7585],[126.1338,34.7569],[126.1352,34.7555],[126.1367,34.7568],[126.1407,34.7554],[126.1439,34.7516],[126.1497,34.7525],[126.1512,34.7541],[126.1502,34.757],[126.1567,34.758],[126.1629,34.7571],[126.1626,34.7544],[126.1687,34.7517],[126.1709,34.7525],[126.1723,34.7492],[126.1674,34.7472],[126.1694,34.7441],[126.1755,34.7417],[126.1789,34.7318],[126.1792,34.7247],[126.1827,34.7238],[126.1765,34.7165],[126.1785,34.7121],[126.1784,34.7076],[126.1742,34.7039],[126.175,34.7009],[126.1666,34.6999],[126.1579,34.7038],[126.1534,34.7036],[126.1513,34.7],[126.1479,34.7004],[126.1458,34.7025],[126.1473,34.7043],[126.146,34.705],[126.1491,34.7076],[126.1498,34.7142],[126.1476,34.7154],[126.1474,34.7177],[126.1384,34.722],[126.1383,34.7248],[126.1424,34.7273],[126.137,34.7287],[126.124,34.7247],[126.1222,34.7212],[126.123,34.7177],[126.1181,34.7144],[126.1142,34.7179],[126.11,34.7184],[126.1101,34.7197],[126.1121,34.7198],[126.1105,34.7221],[126.1063,34.7212],[126.1047,34.7187],[126.1001,34.7206],[126.0979,34.7192],[126.0979,34.7208],[126.0852,34.7168],[126.0816,34.7113],[126.081,34.7057],[126.0791,34.7083],[126.0754,34.7086],[126.0746,34.7132],[126.0773,34.7145],[126.0797,34.7192],[126.0817,34.7196],[126.0802,34.7234],[126.0721,34.7323],[126.0703,34.7373],[126.0712,34.7416],[126.076,34.7435],[126.074,34.7467],[126.0794,34.7477],[126.082,34.7505],[126.0758,34.7636],[126.0674,34.7648],[126.0641,34.7662],[126.0642,34.7684],[126.0652,34.7694],[126.0657,34.7673],[126.0693,34.7658],[126.0702,34.7675],[126.0726,34.7669],[126.0735,34.7684],[126.0743,34.7666],[126.0795,34.7687],[126.0788,34.7639],[126.0836,34.7634],[126.0886,34.7668],[126.0869,34.7721],[126.0874,34.7738],[126.0897,34.7742]]],[[[125.9923,34.8063],[125.9968,34.8052],[126.0007,34.7941],[125.9981,34.7934],[126.0003,34.7896],[125.9986,34.7899],[125.9961,34.7863],[125.9967,34.7804],[125.9948,34.7812],[125.9903,34.7797],[125.985,34.7744],[125.9888,34.7721],[125.9969,34.7715],[125.9994,34.7735],[125.9991,34.761],[125.9945,34.7617],[125.9902,34.7597],[125.9897,34.7629],[125.9835,34.7608],[125.9812,34.7563],[125.9771,34.7536],[125.9724,34.7556],[125.9728,34.7596],[125.972,34.7591],[125.9681,34.7592],[125.9687,34.7574],[125.9638,34.7533],[125.958,34.7526],[125.9589,34.7613],[125.9665,34.763],[125.9629,34.7624],[125.9596,34.7656],[125.9572,34.7647],[125.9543,34.7672],[125.9525,34.765],[125.9574,34.7599],[125.9557,34.7578],[125.956,34.7536],[125.9531,34.7536],[125.9524,34.7561],[125.9494,34.7576],[125.9389,34.7547],[125.9368,34.7484],[125.9331,34.7499],[125.9332,34.753],[125.9306,34.7543],[125.9295,34.7518],[125.9362,34.7474],[125.9431,34.7372],[125.9495,34.7336],[125.9455,34.7323],[125.9424,34.7358],[125.9399,34.7354],[125.9428,34.7308],[125.9414,34.7285],[125.9389,34.7298],[125.9393,34.7317],[125.9378,34.7281],[125.9418,34.7262],[125.9403,34.7227],[125.9363,34.7203],[125.927,34.721],[125.9244,34.7177],[125.9227,34.7171],[125.9209,34.7192],[125.9171,34.7161],[125.9143,34.7187],[125.9119,34.7176],[125.911,34.721],[125.9086,34.7189],[125.9071,34.721],[125.9039,34.7217],[125.9025,34.724],[125.9044,34.7237],[125.9029,34.7279],[125.8998,34.7269],[125.8978,34.7286],[125.8939,34.7281],[125.8968,34.7291],[125.8967,34.7308],[125.8935,34.7336],[125.8899,34.7344],[125.8875,34.7401],[125.8882,34.7426],[125.8916,34.7437],[125.8905,34.7463],[125.8933,34.7462],[125.8933,34.7483],[125.8961,34.7477],[125.8954,34.7514],[125.8911,34.7528],[125.8918,34.759],[125.8934,34.757],[125.8952,34.7599],[125.9004,34.7597],[125.895,34.7618],[125.8906,34.7659],[125.893,34.7683],[125.8994,34.7687],[125.9002,34.7707],[125.9035,34.7714],[125.9019,34.774],[125.9038,34.7739],[125.9039,34.7752],[125.8992,34.7735],[125.8984,34.7747],[125.8994,34.7798],[125.903,34.7783],[125.9042,34.7792],[125.9076,34.7763],[125.9079,34.7798],[125.9062,34.7795],[125.908,34.7815],[125.9082,34.7814],[125.9077,34.7766],[125.9125,34.7756],[125.9172,34.7765],[125.9168,34.78],[125.9173,34.7764],[125.924,34.7753],[125.9395,34.7767],[125.9546,34.784],[125.9533,34.7881],[125.9595,34.7887],[125.9609,34.7856],[125.9656,34.7879],[125.9643,34.7908],[125.9652,34.7923],[125.9674,34.7911],[125.973,34.7959],[125.9729,34.7988],[125.9706,34.7994],[125.9733,34.8016],[125.976,34.8025],[125.98,34.8002],[125.9831,34.8003],[125.9844,34.8006],[125.9835,34.8043],[125.9915,34.8029],[125.9923,34.8063]],[[125.9713,34.7646],[125.9689,34.7616],[125.9689,34.7592],[125.9719,34.7591],[125.971,34.7629],[125.9745,34.7639],[125.9713,34.7646]]],[[[125.9621,34.737],[125.966,34.7336],[125.965,34.7321],[125.9674,34.7317],[125.9681,34.7264],[125.9722,34.7262],[125.9756,34.7215],[125.9754,34.7182],[125.979,34.7157],[125.982,34.722],[125.9905,34.7192],[125.9899,34.7159],[125.9927,34.7139],[125.9903,34.7107],[125.9998,34.7027],[126.0098,34.7032],[126.0116,34.7015],[126.0134,34.7032],[126.0145,34.701],[126.0123,34.7007],[126.0136,34.6982],[126.0098,34.6973],[126.0114,34.6964],[126.0092,34.6931],[126.0106,34.6904],[126.0076,34.6874],[126.0079,34.6856],[126.0051,34.6854],[126.0035,34.6897],[126.0028,34.6895],[126.0046,34.6852],[125.9991,34.6834],[125.9972,34.6843],[125.9939,34.6796],[125.9912,34.6803],[125.9879,34.6787],[125.987,34.6735],[125.9866,34.675],[125.9793,34.6734],[125.979,34.6684],[125.9764,34.6669],[125.9789,34.6653],[125.9784,34.6626],[125.9752,34.6617],[125.9744,34.6592],[125.9678,34.659],[125.965,34.6569],[125.9612,34.6581],[125.959,34.6563],[125.9552,34.6573],[125.9534,34.6598],[125.9531,34.6613],[125.9551,34.6618],[125.9532,34.6657],[125.956,34.6655],[125.9583,34.6689],[125.9552,34.6723],[125.9481,34.6724],[125.9477,34.6691],[125.9496,34.6687],[125.945,34.6664],[125.9394,34.6684],[125.9406,34.6643],[125.9383,34.6683],[125.9339,34.6708],[125.9357,34.6736],[125.9335,34.6753],[125.9343,34.6772],[125.9321,34.6805],[125.9308,34.6789],[125.9268,34.679],[125.9256,34.6741],[125.9238,34.6728],[125.9253,34.6719],[125.9249,34.6712],[125.9227,34.6726],[125.9207,34.6717],[125.9239,34.681],[125.9183,34.6789],[125.9183,34.6772],[125.9158,34.6809],[125.9176,34.6828],[125.9173,34.685],[125.9229,34.6868],[125.9209,34.6871],[125.9191,34.6901],[125.9178,34.6871],[125.9147,34.6861],[125.9163,34.6933],[125.9147,34.6964],[125.9178,34.7008],[125.9147,34.704],[125.9173,34.7052],[125.916,34.7116],[125.9279,34.7122],[125.9297,34.714],[125.9319,34.7137],[125.9329,34.7156],[125.9371,34.7159],[125.9365,34.7148],[125.9377,34.7155],[125.9421,34.7133],[125.9467,34.7146],[125.9473,34.7177],[125.9459,34.7186],[125.9472,34.7231],[125.958,34.7315],[125.9621,34.737]]],[[[126.1456,35.1452],[126.1564,35.1467],[126.1619,35.1452],[126.1579,35.1444],[126.1565,35.1424],[126.1483,35.1439],[126.1476,35.1406],[126.1425,35.136],[126.1299,35.1353],[126.126,35.1365],[126.122,35.1313],[126.1227,35.1281],[126.1192,35.1231],[126.1171,35.1155],[126.1191,35.1124],[126.1165,35.1106],[126.1183,35.1075],[126.1161,35.1067],[126.1197,35.1013],[126.1184,35.1021],[126.1162,35.0964],[126.118,35.093],[126.1227,35.0925],[126.1227,35.0872],[126.1194,35.085],[126.1228,35.0817],[126.1208,35.0809],[126.112,35.0837],[126.1104,35.0827],[126.1189,35.0803],[126.1223,35.0775],[126.1195,35.073],[126.1144,35.0713],[126.1127,35.0726],[126.1087,35.0697],[126.1175,35.0613],[126.1155,35.0591],[126.1134,35.0588],[126.1109,35.061],[126.1023,35.0568],[126.1075,35.0502],[126.1059,35.0518],[126.101,35.0517],[126.1001,35.05],[126.1012,35.0482],[126.0959,35.0485],[126.0968,35.0504],[126.0919,35.0534],[126.0894,35.0541],[126.0856,35.0525],[126.0851,35.0553],[126.0806,35.0571],[126.0773,35.0562],[126.0777,35.0574],[126.0743,35.0605],[126.0769,35.0629],[126.0758,35.0643],[126.0772,35.0698],[126.0744,35.0697],[126.0694,35.0667],[126.0672,35.0694],[126.0628,35.0696],[126.0594,35.0676],[126.059,35.0658],[126.0629,35.0602],[126.0619,35.0588],[126.0639,35.0574],[126.0624,35.0556],[126.0606,35.0574],[126.0578,35.0568],[126.0605,35.061],[126.0577,35.0642],[126.0532,35.0634],[126.053,35.0616],[126.0488,35.0613],[126.0472,35.0658],[126.0422,35.0675],[126.0408,35.065],[126.0377,35.0659],[126.0391,35.0665],[126.0377,35.0688],[126.0389,35.0705],[126.0411,35.0683],[126.0445,35.0694],[126.0484,35.0671],[126.0549,35.0674],[126.0572,35.0714],[126.0554,35.0734],[126.058,35.0762],[126.0571,35.0772],[126.0481,35.0815],[126.0448,35.08],[126.0425,35.085],[126.047,35.0865],[126.0472,35.091],[126.0495,35.0908],[126.0545,35.0949],[126.0569,35.0951],[126.0557,35.0978],[126.0507,35.0984],[126.0517,35.0991],[126.0496,35.1027],[126.0522,35.1042],[126.0542,35.1031],[126.0619,35.1045],[126.0669,35.1028],[126.0846,35.1095],[126.1032,35.1275],[126.1073,35.1285],[126.1129,35.1334],[126.1164,35.139],[126.1159,35.1405],[126.1139,35.1405],[126.1145,35.1429],[126.1168,35.1424],[126.1166,35.1405],[126.1188,35.1412],[126.1209,35.1397],[126.1216,35.1417],[126.126,35.1409],[126.1304,35.1428],[126.1349,35.1418],[126.1367,35.1443],[126.1424,35.1401],[126.1445,35.1409],[126.1456,35.1452]],[[126.0972,35.0909],[126.0976,35.0899],[126.0998,35.0897],[126.1,35.09],[126.1006,35.0898],[126.101,35.0888],[126.1023,35.0887],[126.102,35.088],[126.1103,35.0827],[126.1057,35.088],[126.1003,35.0902],[126.0988,35.0899],[126.0972,35.0909]]],[[[126.1149,34.8822],[126.1218,34.8814],[126.1222,34.8793],[126.1241,34.8789],[126.1311,34.8807],[126.1298,34.8792],[126.1321,34.879],[126.1299,34.876],[126.1313,34.8755],[126.1399,34.8755],[126.1406,34.8805],[126.1446,34.8804],[126.1457,34.8774],[126.1429,34.8755],[126.1478,34.8727],[126.1465,34.8697],[126.1487,34.868],[126.1509,34.8705],[126.1543,34.8695],[126.1571,34.8663],[126.1578,34.8624],[126.1493,34.859],[126.1479,34.8606],[126.1437,34.8601],[126.1348,34.8627],[126.1335,34.8607],[126.1347,34.8596],[126.1334,34.8566],[126.1344,34.8516],[126.1395,34.8522],[126.1478,34.8482],[126.1508,34.8456],[126.1511,34.8425],[126.1478,34.8385],[126.1395,34.8358],[126.1389,34.8302],[126.1416,34.8272],[126.1368,34.8271],[126.133,34.8323],[126.1249,34.8359],[126.1203,34.8341],[126.1208,34.8296],[126.1187,34.8305],[126.1184,34.8281],[126.1141,34.8259],[126.1171,34.8166],[126.1228,34.8127],[126.1178,34.8054],[126.12,34.8021],[126.1175,34.8002],[126.1154,34.8017],[126.112,34.8001],[126.1102,34.8011],[126.1091,34.7993],[126.108,34.8008],[126.1064,34.8004],[126.1081,34.7997],[126.1071,34.7993],[126.1053,34.8003],[126.1017,34.797],[126.0977,34.7977],[126.0945,34.7962],[126.0953,34.7975],[126.0942,34.7971],[126.0914,34.8013],[126.0957,34.8024],[126.0965,34.8061],[126.0934,34.8079],[126.0901,34.8158],[126.0866,34.8154],[126.0802,34.819],[126.071,34.8132],[126.0801,34.8191],[126.0739,34.8231],[126.0765,34.8264],[126.0762,34.8285],[126.071,34.8332],[126.0703,34.8369],[126.0688,34.8366],[126.0641,34.8411],[126.0638,34.8435],[126.0605,34.8443],[126.0612,34.8467],[126.0596,34.8469],[126.0585,34.8496],[126.0679,34.8502],[126.0703,34.8526],[126.0724,34.8504],[126.0753,34.8511],[126.0791,34.8537],[126.0815,34.8591],[126.0856,34.8589],[126.0869,34.8608],[126.0888,34.8604],[126.0914,34.8554],[126.1028,34.8509],[126.1152,34.8506],[126.1203,34.8578],[126.1162,34.8582],[126.1136,34.863],[126.1104,34.865],[126.1094,34.8681],[126.1113,34.8697],[126.1104,34.8701],[126.1126,34.8748],[126.1082,34.877],[126.1089,34.8796],[126.1138,34.8795],[126.1149,34.8822]]],[[[126.0565,34.6306],[126.0586,34.6275],[126.0681,34.6282],[126.0714,34.626],[126.0741,34.6264],[126.0767,34.6211],[126.0832,34.6184],[126.0829,34.6135],[126.0889,34.6076],[126.0935,34.606],[126.0958,34.609],[126.0984,34.6077],[126.0992,34.6096],[126.1014,34.6075],[126.1009,34.6059],[126.1028,34.6053],[126.0984,34.6008],[126.0984,34.5967],[126.1041,34.5955],[126.103,34.5933],[126.1036,34.5916],[126.1082,34.592],[126.1059,34.5893],[126.1104,34.5895],[126.1113,34.5881],[126.1093,34.5855],[126.1027,34.5835],[126.1022,34.5815],[126.1046,34.5793],[126.0989,34.5804],[126.0992,34.5779],[126.1033,34.5756],[126.102,34.5742],[126.0964,34.5744],[126.0918,34.5688],[126.0975,34.5667],[126.0954,34.5636],[126.1001,34.5634],[126.1008,34.5612],[126.0988,34.5611],[126.102,34.5579],[126.1026,34.5545],[126.1004,34.5524],[126.0989,34.555],[126.0952,34.5539],[126.0945,34.5558],[126.0916,34.5551],[126.0902,34.5567],[126.0873,34.555],[126.0833,34.5563],[126.0824,34.5537],[126.0855,34.5515],[126.0827,34.5491],[126.0865,34.5477],[126.0824,34.5435],[126.0797,34.5436],[126.08,34.5416],[126.0768,34.5405],[126.0694,34.5398],[126.0665,34.5378],[126.0626,34.5404],[126.0612,34.5384],[126.0646,34.5338],[126.057,34.5352],[126.0554,34.5315],[126.0525,34.5325],[126.0483,34.5302],[126.047,34.5328],[126.0437,34.531],[126.0414,34.5339],[126.0378,34.534],[126.0311,34.5326],[126.0314,34.5309],[126.0261,34.5362],[126.029,34.539],[126.0278,34.5424],[126.033,34.5429],[126.0371,34.5409],[126.0369,34.538],[126.0406,34.5388],[126.045,34.5375],[126.0483,34.5405],[126.0454,34.543],[126.0472,34.5451],[126.046,34.546],[126.0495,34.5446],[126.0507,34.5451],[126.0505,34.5475],[126.0524,34.5472],[126.0529,34.5486],[126.0545,34.5472],[126.0559,34.5476],[126.0559,34.5496],[126.0602,34.5477],[126.0612,34.5487],[126.0571,34.5517],[126.061,34.553],[126.0613,34.5545],[126.0544,34.5571],[126.0488,34.5546],[126.0389,34.5584],[126.0345,34.5521],[126.0319,34.5537],[126.0312,34.5526],[126.0266,34.5534],[126.0259,34.5544],[126.03,34.5576],[126.0311,34.5614],[126.0351,34.5592],[126.0329,34.5635],[126.0378,34.5625],[126.0375,34.5614],[126.0387,34.5651],[126.0479,34.565],[126.0486,34.5634],[126.0504,34.5645],[126.0576,34.5608],[126.0616,34.561],[126.0634,34.5587],[126.0728,34.5709],[126.0712,34.572],[126.0731,34.5737],[126.0769,34.5734],[126.0808,34.5769],[126.0811,34.5808],[126.0852,34.5798],[126.0873,34.5846],[126.0745,34.5844],[126.0735,34.5887],[126.0761,34.5891],[126.079,34.5901],[126.0718,34.5887],[126.0675,34.5972],[126.0693,34.5972],[126.0677,34.6035],[126.0647,34.6075],[126.0667,34.6092],[126.0618,34.6098],[126.0593,34.6137],[126.0579,34.6114],[126.052,34.6096],[126.0493,34.6107],[126.0474,34.6089],[126.0462,34.6103],[126.0483,34.6101],[126.0477,34.6152],[126.0494,34.6155],[126.0501,34.6199],[126.0488,34.6199],[126.0483,34.6234],[126.05,34.6291],[126.0565,34.6306]]],[[[126.1321,35.0266],[126.1379,35.0251],[126.1387,35.0216],[126.1412,35.0225],[126.1423,35.0249],[126.1494,35.0205],[126.1507,35.0218],[126.1526,35.0208],[126.1543,35.0226],[126.1609,35.0172],[126.1662,35.0209],[126.1642,35.0193],[126.166,35.0165],[126.1629,35.0134],[126.1622,35.0102],[126.1627,35.0087],[126.1664,35.008],[126.1648,35.003],[126.1763,34.9968],[126.1766,34.9971],[126.1819,34.9968],[126.178,34.9965],[126.1797,34.9945],[126.1772,34.9868],[126.177,34.9837],[126.1786,34.9823],[126.1773,34.9785],[126.1795,34.978],[126.1783,34.9759],[126.1804,34.9743],[126.1755,34.9733],[126.1678,34.9674],[126.163,34.9717],[126.1597,34.9719],[126.1548,34.9686],[126.1551,34.9666],[126.1531,34.9701],[126.1511,34.9694],[126.15,34.971],[126.144,34.9688],[126.1434,34.9578],[126.1452,34.9567],[126.142,34.9556],[126.1424,34.9538],[126.1435,34.9539],[126.1446,34.9538],[126.1457,34.9535],[126.1459,34.9532],[126.1424,34.9537],[126.1412,34.9557],[126.1403,34.9544],[126.1421,34.9537],[126.1374,34.9538],[126.1366,34.9485],[126.1285,34.9497],[126.1244,34.9472],[126.1245,34.951],[126.1279,34.9504],[126.1289,34.9522],[126.1274,34.9546],[126.1315,34.9558],[126.1307,34.9597],[126.1338,34.9598],[126.1346,34.9624],[126.1329,34.9646],[126.1367,34.9657],[126.1348,34.9914],[126.1404,34.989],[126.1411,34.9869],[126.1442,34.9864],[126.1453,34.9886],[126.1431,34.9929],[126.1379,34.9952],[126.1329,35.0018],[126.1292,35.0018],[126.127,34.9998],[126.1217,35.0007],[126.1215,34.9975],[126.1199,34.9964],[126.1174,34.9976],[126.1151,34.996],[126.1153,34.9972],[126.1116,34.9983],[126.107,34.9973],[126.106,34.9968],[126.1071,34.9942],[126.1062,34.9941],[126.1048,35.0001],[126.0983,35.0026],[126.1012,35.0075],[126.1027,35.0052],[126.1053,35.0062],[126.1076,35.0039],[126.1097,35.0066],[126.108,35.008],[126.1091,35.0093],[126.1129,35.0086],[126.1158,35.0113],[126.1135,35.0148],[126.1147,35.0181],[126.1169,35.0164],[126.1235,35.0177],[126.1281,35.0216],[126.1271,35.0234],[126.1245,35.0239],[126.1272,35.0262],[126.133,35.0223],[126.1338,35.0244],[126.1321,35.0266]]],[[[126.1477,34.6708],[126.1554,34.6725],[126.1577,34.6694],[126.1619,34.6699],[126.1631,34.6692],[126.1622,34.6667],[126.1704,34.6617],[126.171,34.6634],[126.1748,34.6635],[126.177,34.6597],[126.1745,34.6589],[126.174,34.656],[126.18,34.6556],[126.1814,34.6575],[126.1824,34.654],[126.1849,34.6519],[126.1869,34.6523],[126.1865,34.6484],[126.1825,34.6443],[126.1875,34.6413],[126.1842,34.64],[126.1853,34.6377],[126.1919,34.6381],[126.192,34.6399],[126.1998,34.6418],[126.2017,34.6398],[126.2019,34.6354],[126.2002,34.637],[126.1981,34.636],[126.1967,34.6346],[126.1972,34.6322],[126.1895,34.6333],[126.1864,34.6297],[126.1808,34.6306],[126.1792,34.6274],[126.1802,34.6266],[126.1743,34.6215],[126.1667,34.6236],[126.1678,34.6274],[126.1632,34.6286],[126.1597,34.626],[126.1576,34.627],[126.1528,34.6245],[126.1508,34.6222],[126.1536,34.6194],[126.1514,34.6175],[126.1502,34.6189],[126.1515,34.6201],[126.1478,34.6207],[126.1431,34.6188],[126.138,34.619],[126.1376,34.6161],[126.1362,34.6194],[126.1343,34.6192],[126.1346,34.6159],[126.1304,34.6135],[126.1222,34.6155],[126.1298,34.6211],[126.1231,34.6258],[126.1217,34.629],[126.1295,34.6338],[126.1323,34.6417],[126.1297,34.6446],[126.1237,34.6457],[126.1221,34.6426],[126.117,34.643],[126.1144,34.6463],[126.1146,34.651],[126.1191,34.6536],[126.1207,34.652],[126.1275,34.652],[126.1276,34.6571],[126.1293,34.6563],[126.1314,34.6579],[126.1296,34.6597],[126.1342,34.6575],[126.1361,34.6606],[126.1414,34.6623],[126.1432,34.6669],[126.1477,34.6708]]],[[[126.0132,34.6342],[126.0256,34.634],[126.0292,34.6352],[126.0303,34.6329],[126.0392,34.6302],[126.0387,34.6239],[126.0411,34.6218],[126.0382,34.6202],[126.0397,34.6179],[126.0371,34.6197],[126.034,34.6137],[126.0349,34.613],[126.0326,34.6123],[126.0332,34.6111],[126.0363,34.6079],[126.0387,34.6086],[126.0392,34.6052],[126.0455,34.6018],[126.0525,34.6017],[126.0544,34.6044],[126.056,34.6024],[126.057,34.5981],[126.0599,34.5948],[126.0577,34.5918],[126.0611,34.5919],[126.0617,34.5854],[126.0649,34.5831],[126.062,34.5789],[126.0618,34.5756],[126.0595,34.5744],[126.0608,34.572],[126.0561,34.5696],[126.0563,34.5684],[126.0526,34.5687],[126.0529,34.5707],[126.0505,34.5714],[126.0479,34.5694],[126.047,34.5713],[126.0445,34.5681],[126.0428,34.569],[126.0413,34.5678],[126.0417,34.5716],[126.0377,34.5719],[126.0382,34.5741],[126.0365,34.5769],[126.0339,34.5755],[126.0333,34.5717],[126.0313,34.5723],[126.0289,34.5689],[126.0301,34.568],[126.028,34.568],[126.0293,34.5654],[126.0251,34.5644],[126.0224,34.5661],[126.0214,34.5644],[126.0191,34.5648],[126.0182,34.5717],[126.0228,34.5745],[126.0196,34.576],[126.017,34.5754],[126.0215,34.5779],[126.0158,34.579],[126.0184,34.5815],[126.0147,34.5852],[126.0191,34.5898],[126.0191,34.588],[126.0204,34.5879],[126.022,34.5897],[126.0248,34.5896],[126.027,34.5933],[126.0196,34.6007],[126.0161,34.5997],[126.0143,34.5964],[126.0111,34.5969],[126.0161,34.6025],[126.0131,34.6035],[126.0143,34.6056],[126.0127,34.6061],[126.0121,34.6045],[126.0109,34.6068],[126.0144,34.612],[126.0135,34.6144],[126.0165,34.6158],[126.0151,34.6163],[126.0163,34.616],[126.017,34.6181],[126.0126,34.6238],[126.0116,34.6239],[126.0129,34.6263],[126.0119,34.6283],[126.0097,34.6285],[126.0114,34.6294],[126.0101,34.6311],[126.014,34.6329],[126.0132,34.6342]]],[[[125.397,34.6734],[125.4062,34.6799],[125.4066,34.6817],[125.406,34.6823],[125.4069,34.6831],[125.4092,34.682],[125.4086,34.6839],[125.4099,34.6847],[125.4075,34.6863],[125.4094,34.6862],[125.4104,34.6867],[125.4106,34.687],[125.4065,34.6897],[125.41,34.6924],[125.4089,34.6935],[125.4108,34.696],[125.4164,34.6984],[125.4217,34.6964],[125.4253,34.6963],[125.4268,34.6972],[125.4268,34.6979],[125.4303,34.6963],[125.4302,34.6923],[125.4266,34.6903],[125.427,34.6883],[125.4299,34.6882],[125.4278,34.6867],[125.4298,34.6845],[125.4328,34.6847],[125.4338,34.6853],[125.4341,34.6853],[125.4328,34.6846],[125.4338,34.6835],[125.441,34.6836],[125.4428,34.6858],[125.445,34.6853],[125.4433,34.6895],[125.4381,34.6887],[125.4435,34.6896],[125.4456,34.693],[125.4444,34.6945],[125.4522,34.6887],[125.4552,34.6909],[125.4533,34.6935],[125.455,34.6949],[125.4584,34.6922],[125.4623,34.6927],[125.4635,34.6901],[125.4633,34.6878],[125.4592,34.6863],[125.46,34.685],[125.4577,34.681],[125.4548,34.6829],[125.4563,34.6849],[125.4543,34.6866],[125.4503,34.6856],[125.4482,34.6819],[125.4456,34.683],[125.4432,34.6819],[125.4456,34.6776],[125.4421,34.6753],[125.4412,34.6724],[125.4399,34.6754],[125.4378,34.675],[125.4397,34.6697],[125.4374,34.6653],[125.4344,34.6694],[125.4334,34.6691],[125.4348,34.6666],[125.4339,34.6652],[125.436,34.6645],[125.4358,34.6619],[125.4327,34.6623],[125.4318,34.6607],[125.4295,34.6626],[125.4292,34.6605],[125.425,34.6612],[125.4251,34.6625],[125.4246,34.6635],[125.4224,34.6613],[125.4212,34.662],[125.4199,34.6584],[125.4219,34.6577],[125.4228,34.6529],[125.4209,34.6511],[125.4245,34.646],[125.4216,34.6442],[125.4173,34.6449],[125.4153,34.6421],[125.4125,34.6435],[125.4116,34.6431],[125.4126,34.6408],[125.4096,34.6353],[125.4099,34.6317],[125.4033,34.6289],[125.4006,34.6254],[125.3995,34.6316],[125.3933,34.6357],[125.3876,34.6421],[125.3914,34.6432],[125.392,34.6458],[125.3983,34.6442],[125.3996,34.6477],[125.3975,34.6492],[125.397,34.6518],[125.3935,34.6502],[125.391,34.6509],[125.3873,34.657],[125.3888,34.6602],[125.3972,34.6609],[125.3975,34.6645],[125.3959,34.6679],[125.397,34.6734]]],[[[126.1473,34.8122],[126.1507,34.81],[126.1535,34.8105],[126.1524,34.8012],[126.1569,34.7975],[126.1665,34.7989],[126.1707,34.7939],[126.1724,34.7943],[126.1726,34.794],[126.1674,34.7923],[126.1669,34.7891],[126.1609,34.7907],[126.1585,34.7866],[126.1594,34.785],[126.1571,34.7816],[126.1637,34.7793],[126.1619,34.7727],[126.162,34.7709],[126.1649,34.7698],[126.164,34.7647],[126.1581,34.7659],[126.1545,34.7632],[126.1554,34.7619],[126.1519,34.7616],[126.1505,34.7643],[126.145,34.7647],[126.1416,34.761],[126.1357,34.7635],[126.1358,34.7675],[126.1338,34.7687],[126.1319,34.7675],[126.1338,34.7696],[126.1332,34.7721],[126.129,34.7761],[126.1277,34.7805],[126.1146,34.781],[126.1124,34.7779],[126.1061,34.778],[126.0989,34.784],[126.0947,34.784],[126.0913,34.7866],[126.087,34.7871],[126.0853,34.7894],[126.083,34.7873],[126.0823,34.7888],[126.0861,34.7929],[126.0883,34.7898],[126.0907,34.7907],[126.0931,34.7882],[126.1001,34.792],[126.1039,34.7905],[126.1089,34.7912],[126.1132,34.7942],[126.118,34.791],[126.1195,34.795],[126.1239,34.7978],[126.1251,34.7954],[126.133,34.7971],[126.1368,34.7997],[126.1393,34.7995],[126.1399,34.797],[126.1477,34.7974],[126.1486,34.7994],[126.1462,34.8037],[126.1421,34.8059],[126.1444,34.806],[126.1473,34.8122]]],[[[126.1447,35.0594],[126.1524,35.0544],[126.1544,35.0564],[126.1586,35.0537],[126.1609,35.0557],[126.1666,35.0563],[126.1662,35.055],[126.1687,35.0549],[126.1691,35.0562],[126.1767,35.0508],[126.1811,35.0514],[126.1804,35.0476],[126.1854,35.0426],[126.1887,35.0418],[126.1923,35.0449],[126.1989,35.0396],[126.1998,35.0402],[126.1999,35.0352],[126.1976,35.0342],[126.1949,35.0281],[126.1974,35.0273],[126.1959,35.025],[126.1974,35.0183],[126.1935,35.0173],[126.1924,35.0194],[126.1887,35.0187],[126.1895,35.021],[126.1886,35.0198],[126.1839,35.0217],[126.1865,35.0234],[126.1823,35.0275],[126.1785,35.0257],[126.1704,35.0272],[126.1711,35.0255],[126.1702,35.0245],[126.1697,35.0246],[126.1668,35.0294],[126.1673,35.0339],[126.163,35.0356],[126.1628,35.0333],[126.1609,35.0325],[126.1586,35.0371],[126.1573,35.0335],[126.1504,35.0336],[126.1485,35.0311],[126.1477,35.0362],[126.1442,35.0398],[126.1395,35.0423],[126.1382,35.0411],[126.1338,35.0422],[126.1412,35.0455],[126.138,35.0452],[126.1355,35.0482],[126.1286,35.0481],[126.1291,35.0513],[126.1336,35.0513],[126.1357,35.0539],[126.1354,35.0563],[126.1362,35.0556],[126.1373,35.0574],[126.1406,35.055],[126.1447,35.0575],[126.1447,35.0594]]],[[[125.1044,34.0908],[125.1099,34.0923],[125.1151,34.086],[125.1236,34.0869],[125.123,34.0828],[125.1189,34.0784],[125.1206,34.0726],[125.1302,34.0622],[125.141,34.0559],[125.1431,34.0519],[125.1339,34.0496],[125.1306,34.0502],[125.1247,34.0477],[125.1291,34.0496],[125.1267,34.0515],[125.1262,34.05],[125.1255,34.0517],[125.1224,34.0478],[125.1186,34.0485],[125.1137,34.0593],[125.1145,34.0634],[125.1024,34.0694],[125.0951,34.0708],[125.0936,34.0694],[125.0911,34.0698],[125.0859,34.0735],[125.0943,34.0731],[125.095,34.0846],[125.1,34.0892],[125.1007,34.0922],[125.1044,34.0908]]],[[[125.8468,34.6285],[125.8562,34.6288],[125.8581,34.6227],[125.8532,34.6188],[125.8538,34.6176],[125.8581,34.6185],[125.86,34.6139],[125.8584,34.6129],[125.8584,34.6103],[125.8594,34.6082],[125.8618,34.6076],[125.8616,34.6041],[125.8561,34.6043],[125.8506,34.5981],[125.8472,34.5985],[125.8474,34.5966],[125.8433,34.5942],[125.8316,34.5963],[125.8265,34.6003],[125.8259,34.5986],[125.8217,34.5982],[125.8214,34.5956],[125.8174,34.5919],[125.8124,34.5923],[125.8089,34.5944],[125.811,34.5978],[125.8094,34.6019],[125.8163,34.602],[125.8218,34.5985],[125.8229,34.6032],[125.8271,34.6009],[125.8271,34.6026],[125.8254,34.6032],[125.8269,34.6056],[125.825,34.6075],[125.8256,34.61],[125.8234,34.6095],[125.8227,34.6123],[125.8302,34.6146],[125.8329,34.6188],[125.8372,34.6176],[125.8456,34.625],[125.8483,34.6256],[125.8463,34.6269],[125.8468,34.6285]]],[[[126.2299,34.9376],[126.2386,34.9328],[126.2439,34.9356],[126.2515,34.935],[126.2536,34.9334],[126.2547,34.9311],[126.2517,34.9281],[126.2508,34.9246],[126.2522,34.9172],[126.2513,34.9151],[126.2495,34.9153],[126.2487,34.9176],[126.2431,34.9163],[126.2384,34.9141],[126.2392,34.9122],[126.2353,34.9099],[126.2267,34.9132],[126.2207,34.918],[126.2201,34.9249],[126.2271,34.9371],[126.2299,34.9376]]],[[[125.2015,34.7118],[125.2096,34.714],[125.211,34.716],[125.2147,34.7124],[125.2136,34.7094],[125.2161,34.7065],[125.2133,34.7047],[125.2121,34.7005],[125.2139,34.6972],[125.2112,34.6967],[125.2085,34.6941],[125.2078,34.6893],[125.2031,34.6822],[125.2004,34.6817],[125.1947,34.6843],[125.1933,34.6844],[125.1932,34.6826],[125.193,34.6841],[125.1919,34.6836],[125.1924,34.6806],[125.1903,34.6789],[125.1925,34.675],[125.1874,34.6764],[125.1858,34.6745],[125.1875,34.672],[125.1861,34.667],[125.1835,34.6686],[125.1809,34.6674],[125.1769,34.6819],[125.1825,34.6828],[125.1831,34.6872],[125.1858,34.6848],[125.1865,34.6845],[125.1914,34.6863],[125.1946,34.6981],[125.2016,34.7054],[125.2019,34.7067],[125.201,34.7066],[125.2002,34.7072],[125.2018,34.7082],[125.1999,34.7092],[125.2018,34.7108],[125.2006,34.7122],[125.2019,34.7162],[125.2015,34.7118]]],[[[126.2732,34.9699],[126.2791,34.9672],[126.2826,34.9636],[126.2881,34.963],[126.2902,34.9603],[126.2889,34.9579],[126.2948,34.9498],[126.2966,34.9411],[126.3001,34.9383],[126.2964,34.9351],[126.2987,34.9319],[126.2956,34.9342],[126.2911,34.9324],[126.2848,34.9325],[126.2818,34.9347],[126.281,34.9372],[126.2875,34.9405],[126.2881,34.9422],[126.2797,34.9488],[126.2779,34.9482],[126.2724,34.9564],[126.2688,34.9588],[126.2698,34.9603],[126.2675,34.9617],[126.266,34.9598],[126.2673,34.9618],[126.2683,34.9617],[126.2655,34.9628],[126.2632,34.9663],[126.264,34.9688],[126.2661,34.9689],[126.2685,34.9653],[126.2729,34.9648],[126.2745,34.9673],[126.2732,34.9699]]],[[[126.2466,35.0057],[126.257,35.0049],[126.2602,35.0061],[126.2642,35.0026],[126.2652,34.9944],[126.2671,34.9934],[126.2694,34.9943],[126.2705,34.9921],[126.2671,34.9863],[126.271,34.982],[126.2705,34.9762],[126.2644,34.9753],[126.2612,34.9768],[126.2549,34.9734],[126.2508,34.9748],[126.2482,34.9736],[126.2447,34.9763],[126.2464,34.9795],[126.2505,34.9814],[126.2503,34.9911],[126.2519,34.9922],[126.2508,34.9962],[126.253,34.9974],[126.2536,35.0],[126.2502,35.0018],[126.2495,35.0048],[126.2466,35.0057]]],[[[126.1936,34.7049],[126.1952,34.7029],[126.1965,34.7038],[126.2015,34.7024],[126.2022,34.7006],[126.1998,34.7011],[126.201,34.6988],[126.1876,34.696],[126.1923,34.6955],[126.1942,34.6881],[126.1976,34.6886],[126.1965,34.6855],[126.1902,34.6822],[126.1892,34.6803],[126.1861,34.685],[126.1813,34.6835],[126.1817,34.6796],[126.1783,34.681],[126.1705,34.6796],[126.1635,34.6842],[126.1639,34.6873],[126.1602,34.6885],[126.1606,34.6906],[126.164,34.689],[126.1678,34.6899],[126.1692,34.6918],[126.1726,34.6886],[126.1776,34.6879],[126.1784,34.6941],[126.1816,34.6959],[126.1805,34.6982],[126.1896,34.7025],[126.192,34.7087],[126.1941,34.7075],[126.1936,34.7049]]],[[[125.9619,34.643],[125.9688,34.6407],[125.9699,34.6392],[125.9685,34.6365],[125.97,34.6352],[125.9749,34.6344],[125.9754,34.6295],[125.9786,34.6273],[125.9794,34.6249],[125.9766,34.6196],[125.9706,34.6201],[125.9703,34.6228],[125.9646,34.63],[125.9617,34.6292],[125.9597,34.6242],[125.9559,34.6245],[125.9568,34.6256],[125.9516,34.63],[125.9501,34.6338],[125.9484,34.6335],[125.9468,34.6355],[125.9477,34.6395],[125.95,34.6405],[125.9533,34.6364],[125.9582,34.6407],[125.9566,34.6416],[125.9593,34.6447],[125.9619,34.6445],[125.9619,34.643]]],[[[126.0489,34.825],[126.0522,34.8252],[126.0533,34.8218],[126.0586,34.8218],[126.0609,34.8182],[126.0644,34.819],[126.067,34.8109],[126.0656,34.8097],[126.0676,34.8108],[126.0672,34.8131],[126.0736,34.8125],[126.0748,34.801],[126.0777,34.7968],[126.0753,34.7939],[126.0714,34.7946],[126.0698,34.7986],[126.0669,34.801],[126.0657,34.8077],[126.0678,34.8078],[126.0649,34.808],[126.0653,34.8097],[126.0624,34.8078],[126.0581,34.8087],[126.0556,34.8115],[126.0564,34.8141],[126.0574,34.8138],[126.0583,34.8144],[126.0476,34.815],[126.0481,34.8173],[126.0444,34.8196],[126.0462,34.8209],[126.046,34.8234],[126.043,34.8252],[126.0444,34.8265],[126.0477,34.8247],[126.0475,34.828],[126.0489,34.825]]],[[[126.2144,34.9849],[126.217,34.9802],[126.2132,34.978],[126.215,34.9775],[126.2139,34.9726],[126.2162,34.9723],[126.2145,34.9711],[126.2143,34.9659],[126.2128,34.9656],[126.2149,34.9619],[126.2136,34.9593],[126.2174,34.9551],[126.2147,34.9567],[126.2119,34.9531],[126.2116,34.9578],[126.2116,34.9559],[126.2048,34.9576],[126.1982,34.9691],[126.202,34.9731],[126.2053,34.9743],[126.2036,34.9778],[126.2065,34.9752],[126.2098,34.9787],[126.2093,34.98],[126.2119,34.9802],[126.2121,34.9846],[126.2144,34.9849]]],[[[126.0033,34.6294],[126.0033,34.6258],[126.0062,34.6252],[126.0068,34.6221],[126.0095,34.6197],[126.0086,34.6124],[126.0092,34.611],[126.0024,34.6088],[126.0005,34.6103],[126.0006,34.6087],[125.9971,34.6064],[125.9992,34.6117],[125.9942,34.6132],[125.9945,34.6114],[125.9924,34.6107],[125.994,34.6099],[125.9935,34.6086],[125.9885,34.6082],[125.9877,34.6102],[125.9898,34.611],[125.9879,34.6164],[125.9896,34.617],[125.9913,34.6155],[125.9921,34.6186],[125.999,34.6181],[125.9951,34.622],[125.9912,34.6216],[125.9945,34.6232],[125.9952,34.6272],[125.9939,34.6286],[125.9992,34.6287],[126.0004,34.6315],[126.0033,34.6294]]],[[[126.0216,35.0993],[126.0258,35.0956],[126.0281,35.0906],[126.0301,35.091],[126.0294,35.0872],[126.0316,35.0868],[126.0322,35.0862],[126.0298,35.087],[126.0308,35.0843],[126.0295,35.0842],[126.0277,35.0768],[126.0241,35.0803],[126.0208,35.0804],[126.0195,35.0786],[126.0201,35.082],[126.0162,35.0838],[126.0183,35.0853],[126.0182,35.0868],[126.0132,35.0863],[126.0118,35.088],[126.0127,35.0902],[126.0105,35.0945],[126.0113,35.0969],[126.0141,35.0959],[126.0131,35.0994],[126.0186,35.0985],[126.0169,35.1032],[126.0211,35.1016],[126.0216,35.0993]]],[[[126.0153,34.7486],[126.0171,34.7459],[126.0248,34.7454],[126.0242,34.7389],[126.028,34.7338],[126.0273,34.7304],[126.0293,34.7294],[126.0292,34.7267],[126.0274,34.7258],[126.0282,34.7229],[126.0256,34.7231],[126.0247,34.725],[126.0193,34.7236],[126.017,34.7286],[126.0198,34.7309],[126.0171,34.7335],[126.0139,34.7327],[126.0157,34.7352],[126.0128,34.7369],[126.0144,34.7433],[126.0119,34.7451],[126.0136,34.7484],[126.0153,34.7486]]],[[[125.4552,34.7416],[125.4603,34.7408],[125.4593,34.7396],[125.4605,34.7378],[125.4683,34.7347],[125.4677,34.7332],[125.4707,34.7315],[125.4743,34.7316],[125.4776,34.7294],[125.4763,34.728],[125.4694,34.7286],[125.4698,34.7274],[125.4675,34.7261],[125.4651,34.7287],[125.462,34.7273],[125.4608,34.7231],[125.464,34.7221],[125.4629,34.7216],[125.4646,34.7212],[125.4641,34.7192],[125.4659,34.7186],[125.4642,34.7178],[125.4662,34.7168],[125.4638,34.7151],[125.4587,34.7159],[125.4611,34.7173],[125.4605,34.7203],[125.4581,34.7215],[125.4562,34.7203],[125.4574,34.7214],[125.4552,34.7209],[125.45,34.7251],[125.4546,34.7254],[125.4534,34.7264],[125.4548,34.7284],[125.4539,34.7303],[125.4576,34.7291],[125.4593,34.7296],[125.4594,34.7322],[125.4642,34.7313],[125.462,34.7347],[125.4554,34.7382],[125.4563,34.74],[125.4552,34.7416]]],[[[126.1021,34.7117],[126.1121,34.7127],[126.1141,34.7078],[126.1122,34.7042],[126.1023,34.6971],[126.0959,34.7008],[126.094,34.7046],[126.095,34.7069],[126.1021,34.7117]]],[[[126.2008,35.1475],[126.2037,35.1446],[126.2019,35.1426],[126.2017,35.1355],[126.1959,35.1389],[126.192,35.1362],[126.1909,35.1334],[126.1926,35.1327],[126.1884,35.1317],[126.1883,35.1304],[126.1857,35.1316],[126.182,35.1302],[126.183,35.1312],[126.1822,35.1343],[126.1859,35.136],[126.1835,35.1424],[126.1904,35.1446],[126.1926,35.1438],[126.1962,35.1471],[126.2008,35.1475]]],[[[125.4655,34.6561],[125.4695,34.6546],[125.4729,34.6559],[125.4757,34.6538],[125.4773,34.6517],[125.4769,34.6482],[125.47,34.6455],[125.4672,34.6422],[125.4568,34.6448],[125.4618,34.6473],[125.4548,34.6496],[125.4612,34.65],[125.4602,34.6514],[125.4614,34.653],[125.466,34.6513],[125.4667,34.6518],[125.4675,34.653],[125.4654,34.6538],[125.4655,34.6561]]],[[[126.1995,34.95],[126.1997,34.9487],[126.2099,34.9453],[126.2116,34.9407],[126.2059,34.9383],[126.2033,34.9387],[126.2036,34.9392],[126.2037,34.9404],[126.1997,34.9389],[126.1982,34.9395],[126.1997,34.9412],[126.1993,34.9424],[126.198,34.9395],[126.1963,34.9396],[126.1939,34.9438],[126.1899,34.9434],[126.1911,34.9446],[126.1902,34.9459],[126.1924,34.9471],[126.1913,34.9479],[126.1935,34.9471],[126.1939,34.9479],[126.193,34.948],[126.1916,34.9486],[126.191,34.9486],[126.1915,34.9486],[126.1922,34.9485],[126.1934,34.948],[126.1932,34.9499],[126.194,34.9483],[126.1964,34.9498],[126.1964,34.9484],[126.1977,34.9481],[126.1983,34.9484],[126.1983,34.9486],[126.197,34.9498],[126.1995,34.95]]],[[[126.2418,34.9541],[126.2442,34.9555],[126.2494,34.9526],[126.2474,34.9474],[126.2445,34.9464],[126.2439,34.9445],[126.2348,34.9457],[126.2332,34.9467],[126.2338,34.9502],[126.2304,34.9516],[126.233,34.955],[126.2323,34.9562],[126.2371,34.954],[126.2391,34.9574],[126.2418,34.9541]]],[[[125.9856,34.6017],[125.9816,34.6003],[125.9786,34.5966],[125.9762,34.597],[125.9747,34.5948],[125.9777,34.5908],[125.9775,34.5876],[125.9753,34.5857],[125.978,34.5821],[125.9756,34.5787],[125.9691,34.5788],[125.9674,34.5802],[125.9712,34.583],[125.9709,34.5863],[125.9747,34.5898],[125.9728,34.5958],[125.9669,34.5946],[125.9628,34.5959],[125.9584,34.5938],[125.9575,34.5962],[125.958,34.5977],[125.9613,34.5968],[125.963,34.5979],[125.9671,34.5966],[125.971,34.6004],[125.9726,34.5995],[125.9738,34.6009],[125.9758,34.5986],[125.9783,34.6013],[125.9806,34.6007],[125.985,34.6033],[125.9856,34.6017]]],[[[126.0795,34.6908],[126.0792,34.6851],[126.0723,34.6808],[126.0694,34.6714],[126.0655,34.672],[126.063,34.6798],[126.0667,34.6798],[126.0678,34.6819],[126.0643,34.6839],[126.0795,34.6908]]],[[[126.3785,34.878],[126.3782,34.8757],[126.373,34.8728],[126.3669,34.8661],[126.3592,34.8644],[126.3576,34.866],[126.3594,34.8676],[126.3594,34.872],[126.3665,34.8773],[126.3717,34.8782],[126.3713,34.876],[126.3729,34.8755],[126.3785,34.878]]],[[[126.1793,34.9027],[126.1809,34.9013],[126.1799,34.899],[126.1883,34.8962],[126.1893,34.8937],[126.1866,34.892],[126.1884,34.8891],[126.1838,34.8873],[126.1806,34.8839],[126.1758,34.8807],[126.177,34.8819],[126.1756,34.8857],[126.1728,34.8873],[126.1781,34.8887],[126.1806,34.8912],[126.1797,34.8955],[126.1775,34.8972],[126.1783,34.8996],[126.1758,34.9005],[126.1793,34.9027]]],[[[125.2878,34.4011],[125.2916,34.3911],[125.2982,34.3911],[125.2991,34.3929],[125.2975,34.3944],[125.2996,34.3954],[125.3023,34.3906],[125.3059,34.391],[125.3083,34.3886],[125.3118,34.3891],[125.31,34.387],[125.3118,34.3855],[125.3062,34.3837],[125.2993,34.3877],[125.2965,34.3851],[125.2965,34.381],[125.2939,34.3823],[125.2942,34.386],[125.2913,34.3891],[125.2903,34.3936],[125.2874,34.3946],[125.2876,34.3983],[125.2845,34.4001],[125.2878,34.4011]]],[[[126.1335,35.0932],[126.1406,35.0919],[126.1438,35.0933],[126.1465,35.0914],[126.1473,35.0845],[126.1438,35.0822],[126.1376,35.0848],[126.1344,35.0828],[126.1304,35.0837],[126.1335,35.0932]]],[[[125.3695,34.6793],[125.3801,34.6787],[125.3696,34.6668],[125.3643,34.6705],[125.363,34.6751],[125.3695,34.6793]]],[[[126.0477,34.6688],[126.0504,34.6544],[126.0528,34.6534],[126.0482,34.6479],[126.0474,34.6425],[126.0425,34.6513],[126.0447,34.6535],[126.0447,34.6627],[126.0474,34.6645],[126.0455,34.6682],[126.0477,34.6688]]],[[[126.1221,34.713],[126.1339,34.7108],[126.1364,34.7056],[126.1333,34.7041],[126.1252,34.7042],[126.1213,34.7082],[126.1211,34.7114],[126.1221,34.713]]],[[[125.293,34.4507],[125.2941,34.4412],[125.289,34.4391],[125.2875,34.4355],[125.2793,34.4361],[125.2796,34.4376],[125.284,34.4389],[125.2834,34.4412],[125.2891,34.4456],[125.2884,34.448],[125.293,34.4507]]],[[[126.0188,34.7657],[126.0207,34.7628],[126.0223,34.765],[126.0267,34.7642],[126.0258,34.7624],[126.0294,34.7575],[126.0264,34.7572],[126.0283,34.7543],[126.0267,34.755],[126.025,34.7524],[126.0198,34.755],[126.0211,34.7569],[126.0168,34.7578],[126.0186,34.7594],[126.0172,34.764],[126.0188,34.7657]]],[[[126.1973,34.6273],[126.2057,34.6225],[126.2074,34.6231],[126.2069,34.6254],[126.2186,34.6248],[126.2143,34.6228],[126.2134,34.6202],[126.2156,34.6179],[126.213,34.6177],[126.2096,34.6205],[126.2054,34.6198],[126.1995,34.6214],[126.1991,34.6231],[126.195,34.6253],[126.1973,34.6273]]],[[[126.0576,34.7711],[126.0567,34.7671],[126.0586,34.766],[126.058,34.7649],[126.0548,34.7643],[126.0514,34.759],[126.0481,34.7579],[126.0461,34.7588],[126.039,34.7559],[126.0409,34.7596],[126.0481,34.7627],[126.049,34.7665],[126.052,34.766],[126.0514,34.7676],[126.0539,34.7678],[126.0545,34.7695],[126.0564,34.7686],[126.0576,34.7711]]],[[[126.122,34.6238],[126.1258,34.6213],[126.1258,34.6192],[126.1242,34.6183],[126.1195,34.6199],[126.1178,34.6175],[126.1149,34.6192],[126.1099,34.6189],[126.1084,34.6226],[126.1136,34.6246],[126.122,34.6238]]],[[[126.052,34.7568],[126.0539,34.7554],[126.0613,34.7555],[126.0594,34.7535],[126.0606,34.7498],[126.0586,34.7438],[126.0591,34.7404],[126.0562,34.746],[126.0559,34.7508],[126.0538,34.7521],[126.0492,34.7515],[126.0498,34.7555],[126.052,34.7568]]],[[[126.1421,34.6987],[126.1451,34.6971],[126.1467,34.6936],[126.1447,34.6875],[126.1408,34.6879],[126.1373,34.691],[126.1378,34.6961],[126.1421,34.6987]]],[[[126.0118,34.6448],[126.0167,34.6445],[126.0186,34.6394],[126.0128,34.6392],[126.0073,34.6348],[126.0052,34.6386],[126.0029,34.6389],[126.0028,34.6416],[126.0084,34.6399],[126.0086,34.6419],[126.0066,34.6431],[126.0099,34.6429],[126.0118,34.6448]]],[[[126.3518,34.9124],[126.3533,34.908],[126.3567,34.9067],[126.3512,34.9009],[126.3434,34.9067],[126.3453,34.91],[126.351,34.9104],[126.3518,34.9124]]],[[[126.1598,34.9596],[126.1631,34.9582],[126.1644,34.953],[126.1622,34.9517],[126.1653,34.948],[126.1663,34.9439],[126.1603,34.9434],[126.1609,34.9489],[126.1571,34.9546],[126.1603,34.9543],[126.1598,34.9596]]],[[[125.4386,34.7417],[125.4471,34.7421],[125.4505,34.7383],[125.4428,34.7369],[125.4432,34.7354],[125.4489,34.7332],[125.448,34.7326],[125.4394,34.7346],[125.4395,34.7362],[125.4422,34.7365],[125.4386,34.7417]]],[[[126.2571,34.9615],[126.2656,34.9605],[126.2663,34.9563],[126.2639,34.9526],[126.2621,34.9521],[126.2607,34.9558],[126.2587,34.9562],[126.2571,34.9615]]],[[[125.81,34.6219],[125.8177,34.6133],[125.8209,34.6126],[125.8215,34.6108],[125.8147,34.6095],[125.8125,34.6124],[125.8149,34.6133],[125.8141,34.6156],[125.8083,34.6174],[125.806,34.6201],[125.81,34.6219]]],[[[126.2055,35.1213],[126.2101,35.1141],[126.2075,35.1113],[126.2042,35.1121],[126.2031,35.1111],[126.2027,35.1133],[126.1999,35.115],[126.2003,35.117],[126.2055,35.1213]]],[[[125.2822,34.4309],[125.285,34.4293],[125.2849,34.4266],[125.2886,34.4247],[125.2865,34.4234],[125.287,34.4219],[125.2844,34.4185],[125.2824,34.4204],[125.2841,34.4225],[125.2835,34.4241],[125.2793,34.4256],[125.2783,34.4293],[125.2822,34.4309]]],[[[126.1494,34.5714],[126.1564,34.5665],[126.1514,34.5619],[126.1458,34.565],[126.1475,34.5665],[126.1467,34.5692],[126.1494,34.5714]]],[[[126.0354,34.7823],[126.0407,34.7815],[126.0372,34.7803],[126.0368,34.7785],[126.0392,34.7735],[126.034,34.7752],[126.0329,34.7741],[126.0318,34.7768],[126.0299,34.7762],[126.0303,34.7786],[126.0283,34.7792],[126.0296,34.781],[126.0345,34.7792],[126.0354,34.7823]]],[[[126.0052,34.6072],[126.008,34.6043],[126.0069,34.5999],[126.0039,34.5983],[126.0016,34.5993],[126.0012,34.5971],[125.9978,34.5973],[125.9975,34.6002],[126.0022,34.6019],[126.0014,34.6038],[126.0041,34.6031],[126.0048,34.6042],[126.003,34.6055],[126.0052,34.6072]]],[[[126.2001,34.9365],[126.203,34.935],[126.207,34.9269],[126.1994,34.9299],[126.1991,34.9324],[126.1956,34.9339],[126.2001,34.9365]]],[[[125.8736,34.6149],[125.8798,34.6092],[125.8822,34.6096],[125.8824,34.6113],[125.8833,34.6087],[125.8871,34.6086],[125.8859,34.6059],[125.889,34.6034],[125.8866,34.6031],[125.8852,34.6049],[125.8828,34.6038],[125.8833,34.606],[125.8812,34.608],[125.8781,34.607],[125.8735,34.6122],[125.8736,34.6149]]],[[[125.4703,34.214],[125.4735,34.2118],[125.4699,34.2072],[125.4679,34.2069],[125.468,34.2031],[125.4649,34.2058],[125.4666,34.2073],[125.4655,34.2094],[125.4672,34.2098],[125.4667,34.2122],[125.4703,34.214]]],[[[126.1735,34.7881],[126.175,34.7844],[126.172,34.7777],[126.1686,34.7862],[126.1711,34.7883],[126.1735,34.7881]]],[[[126.1957,34.5826],[126.1999,34.5816],[126.1961,34.5778],[126.1962,34.5746],[126.1929,34.5735],[126.1892,34.5761],[126.1943,34.5788],[126.1938,34.581],[126.1957,34.5826]]],[[[125.4304,34.7567],[125.4356,34.754],[125.4342,34.7522],[125.4349,34.7501],[125.4379,34.7489],[125.4325,34.7477],[125.4326,34.7494],[125.4294,34.7521],[125.4311,34.7531],[125.426,34.7561],[125.4304,34.7567]]],[[[125.903,35.1421],[125.913,35.1355],[125.9071,35.1364],[125.9094,35.1327],[125.9083,35.1312],[125.9058,35.1334],[125.9043,35.1321],[125.9033,35.133],[125.903,35.1421]]],[[[126.1594,34.8236],[126.1578,34.8209],[126.1604,34.815],[126.1589,34.8161],[126.158,34.8129],[126.1542,34.8137],[126.1555,34.8204],[126.1594,34.8236]]],[[[126.145,34.5831],[126.1493,34.5813],[126.1485,34.5796],[126.1503,34.577],[126.1473,34.5788],[126.1462,34.5753],[126.1402,34.5803],[126.1368,34.5788],[126.1388,34.581],[126.1444,34.5799],[126.145,34.5831]]],[[[125.986,35.1064],[125.9884,35.1011],[125.9854,35.1027],[125.9816,35.1011],[125.9788,35.1029],[125.9786,35.1046],[125.9804,35.1055],[125.9845,35.1041],[125.986,35.1064]]],[[[125.9172,35.0838],[125.9218,35.0832],[125.9239,35.0775],[125.9169,35.0789],[125.9172,35.0838]]],[[[125.9434,35.0636],[125.9493,35.0627],[125.9483,35.0577],[125.946,35.0568],[125.9415,35.058],[125.9452,35.0608],[125.9434,35.0636]]],[[[125.3921,34.6923],[125.3952,34.6914],[125.3907,34.6895],[125.3851,34.6827],[125.3804,34.6818],[125.3804,34.6837],[125.3855,34.6855],[125.3921,34.6923]]],[[[126.2362,34.9984],[126.2363,34.9934],[126.2295,34.9935],[126.229,34.9978],[126.2362,34.9984]]],[[[126.1925,34.9305],[126.1969,34.9272],[126.1966,34.925],[126.1987,34.9235],[126.1979,34.9217],[126.1941,34.922],[126.1925,34.9305]]],[[[126.2232,34.8494],[126.2193,34.8477],[126.2137,34.85],[126.2202,34.8522],[126.2232,34.8494]]],[[[126.0806,34.6406],[126.0882,34.6331],[126.0887,34.6297],[126.0803,34.6378],[126.0806,34.6406]]],[[[126.2016,35.129],[126.2094,35.1264],[126.2077,35.1256],[126.208,35.1225],[126.204,35.1235],[126.2003,35.1281],[126.2016,35.129]]],[[[125.8715,34.6116],[125.8726,34.6067],[125.8705,34.603],[125.8688,34.6055],[125.8687,34.6113],[125.8695,34.6131],[125.8715,34.6116]]],[[[126.1955,35.0155],[126.1956,35.0106],[126.1912,35.0098],[126.1905,35.0144],[126.1955,35.0155]]],[[[126.1659,34.8843],[126.1686,34.8835],[126.169,34.8813],[126.1689,34.8771],[126.1671,34.8748],[126.1673,34.8776],[126.1649,34.882],[126.1659,34.8843]]],[[[125.8875,34.5671],[125.8906,34.5657],[125.8901,34.5637],[125.8828,34.5619],[125.8829,34.5636],[125.8875,34.5671]]],[[[126.0429,35.1132],[126.0487,35.1152],[126.0486,35.1106],[126.0517,35.1089],[126.0494,35.1066],[126.0491,35.109],[126.0429,35.1132]]],[[[126.2527,34.9505],[126.2556,34.9451],[126.2534,34.9427],[126.251,34.9434],[126.2521,34.9465],[126.2508,34.9488],[126.2527,34.9505]]],[[[126.1986,34.9203],[126.201,34.9181],[126.1983,34.9158],[126.1946,34.9156],[126.192,34.9173],[126.1986,34.9203]]],[[[125.879,35.1392],[125.8884,35.1384],[125.8905,35.1355],[125.8842,35.1367],[125.8835,35.1348],[125.8873,35.1325],[125.8855,35.1317],[125.879,35.1392]]],[[[125.91,34.7949],[125.9108,34.7936],[125.9143,34.794],[125.9157,34.7924],[125.9142,34.7929],[125.914,34.7895],[125.911,34.7908],[125.9104,34.7876],[125.9081,34.7885],[125.9067,34.7917],[125.9098,34.7912],[125.91,34.7949]]],[[[125.9628,34.7516],[125.9618,34.7467],[125.959,34.7473],[125.9584,34.7515],[125.9628,34.7516]]],[[[125.8884,34.6547],[125.8944,34.6525],[125.8906,34.652],[125.8893,34.6503],[125.8854,34.6522],[125.8884,34.6547]]],[[[126.1086,34.6141],[126.1157,34.6145],[126.1155,34.6129],[126.1088,34.6119],[126.1086,34.6141]]],[[[126.1853,34.6163],[126.1841,34.6136],[126.1861,34.6123],[126.1828,34.6111],[126.1839,34.6127],[126.1807,34.6136],[126.181,34.6161],[126.1841,34.6181],[126.1853,34.6163]]],[[[126.3086,34.8432],[126.3088,34.8404],[126.3058,34.8378],[126.3042,34.8387],[126.3035,34.8415],[126.3086,34.8432]]],[[[126.058,35.1136],[126.063,35.1091],[126.0638,35.1099],[126.0655,35.1083],[126.0624,35.1073],[126.0606,35.1099],[126.0589,35.1094],[126.057,35.1115],[126.058,35.1136]]],[[[126.3359,34.8148],[126.339,34.8125],[126.3401,34.8136],[126.3413,34.8108],[126.3382,34.8102],[126.3337,34.814],[126.3359,34.8148]]],[[[125.4728,34.2074],[125.4768,34.2072],[125.4818,34.2046],[125.4823,34.2029],[125.4779,34.2047],[125.4754,34.2041],[125.4765,34.2055],[125.4745,34.2045],[125.4728,34.2074]]],[[[126.0338,34.6719],[126.038,34.6723],[126.0397,34.6692],[126.034,34.6683],[126.0338,34.6719]]],[[[125.9438,34.744],[125.9462,34.7403],[125.9448,34.7393],[125.9405,34.7451],[125.9438,34.744]]],[[[126.1988,35.0116],[126.203,35.0055],[126.1956,35.0068],[126.1988,35.0116]]],[[[125.9687,34.8193],[125.9723,34.8185],[125.9723,34.816],[125.9721,34.8123],[125.9702,34.812],[125.9687,34.8193]]],[[[125.9612,34.8224],[125.9572,34.8203],[125.9547,34.8134],[125.9553,34.8204],[125.9612,34.8224]]],[[[126.1903,34.7262],[126.1867,34.7279],[126.1864,34.731],[126.1891,34.7312],[126.1903,34.7262]]],[[[126.2099,34.9829],[126.2082,34.9807],[126.2051,34.9811],[126.2073,34.9851],[126.2099,34.9829]]],[[[126.1076,34.8894],[126.1116,34.8857],[126.105,34.8847],[126.1076,34.8894]]],[[[126.1183,34.777],[126.1214,34.7761],[126.1237,34.7728],[126.1191,34.7751],[126.1174,34.7745],[126.1183,34.777]]],[[[125.9261,35.0653],[125.926,35.0613],[125.9218,35.063],[125.9238,35.0662],[125.9261,35.0653]]],[[[126.0803,34.6345],[126.0753,34.6342],[126.0765,34.6389],[126.0793,34.6348],[126.0803,34.6345]]],[[[125.687,34.5239],[125.6873,34.5204],[125.684,34.5209],[125.6831,34.5235],[125.687,34.5239]]],[[[126.123,34.8884],[126.1205,34.886],[126.1164,34.8866],[126.122,34.8898],[126.123,34.8884]]],[[[126.0019,34.7278],[125.9987,34.7259],[125.9978,34.7305],[126.0019,34.7278]]],[[[125.9029,34.716],[125.9061,34.7128],[125.9056,34.7092],[125.9025,34.7093],[125.9051,34.7125],[125.9016,34.7152],[125.9029,34.716]]],[[[126.019,34.9318],[126.0218,34.9313],[126.0227,34.9309],[126.0202,34.9279],[126.0179,34.9303],[126.019,34.9318]]],[[[125.9956,34.7292],[125.9952,34.7264],[125.9939,34.7262],[125.9919,34.7305],[125.994,34.7309],[125.9956,34.7292]]],[[[126.0039,34.9141],[126.0085,34.9112],[126.0031,34.9093],[126.0039,34.9141]]],[[[126.1724,35.1298],[126.1705,35.1288],[126.1663,35.1296],[126.1698,35.1316],[126.1724,35.1298]]],[[[126.0582,34.8347],[126.0626,34.8294],[126.0576,34.831],[126.0582,34.8347]]],[[[125.9982,34.7138],[126.0033,34.712],[126.0038,34.7093],[126.0002,34.7105],[125.9982,34.7138]]],[[[126.1077,35.0195],[126.1123,35.0203],[126.1115,35.0185],[126.109,35.0169],[126.1077,35.0195]]],[[[126.1642,34.8184],[126.1611,34.8191],[126.161,34.8208],[126.1644,34.8214],[126.1642,34.8184]]],[[[125.9521,34.6538],[125.9589,34.6534],[125.9593,34.6521],[125.9535,34.6526],[125.9521,34.6538]]],[[[126.1121,34.6465],[126.1115,34.6451],[126.1096,34.6455],[126.109,34.6489],[126.1121,34.6465]]],[[[125.4896,34.2062],[125.4916,34.2045],[125.4906,34.2017],[125.489,34.2025],[125.4896,34.2062]]],[[[126.0773,34.7762],[126.082,34.7749],[126.0852,34.7717],[126.0791,34.7731],[126.0773,34.7762]]],[[[126.3703,34.868],[126.3731,34.8659],[126.3699,34.8625],[126.3709,34.864],[126.3696,34.8646],[126.3703,34.868]]],[[[125.3922,34.6926],[125.3895,34.6938],[125.3893,34.6967],[125.3917,34.6958],[125.3922,34.6926]]],[[[126.1114,35.0265],[126.108,35.0244],[126.1059,35.0259],[126.1101,35.0261],[126.1104,35.0281],[126.1114,35.0265]]],[[[125.9432,34.6342],[125.9415,34.6298],[125.9404,34.6309],[125.9413,34.636],[125.9432,34.6342]]],[[[125.9103,35.2096],[125.9101,35.2069],[125.9052,35.2094],[125.9121,35.2106],[125.9103,35.2096]]],[[[125.9816,35.0977],[125.985,35.0946],[125.9828,35.0929],[125.982,35.0952],[125.9801,35.0956],[125.9816,35.0977]]],[[[126.3494,34.8801],[126.3484,34.8794],[126.3475,34.8759],[126.3486,34.8832],[126.3494,34.8801]]],[[[126.3471,34.8101],[126.3504,34.8083],[126.3505,34.8064],[126.3469,34.8072],[126.3471,34.8101]]],[[[126.0203,34.6699],[126.0217,34.6674],[126.0193,34.6653],[126.0174,34.6682],[126.0203,34.6699]]],[[[126.0138,34.6867],[126.0148,34.6831],[126.0105,34.6855],[126.0122,34.685],[126.0138,34.6867]]],[[[126.1477,35.0781],[126.1503,35.0745],[126.1497,35.0733],[126.1452,35.078],[126.1477,35.0781]]],[[[126.1419,34.7095],[126.1458,34.7096],[126.145,34.7072],[126.1419,34.7095]]],[[[126.2014,34.9008],[126.2008,34.8982],[126.1974,34.8995],[126.1979,34.9004],[126.2014,34.9008]]],[[[126.0561,34.8461],[126.0576,34.8458],[126.0574,34.8432],[126.0545,34.8432],[126.0561,34.8461]]],[[[126.1007,35.0147],[126.1035,35.0138],[126.1019,35.0103],[126.1004,35.0114],[126.1007,35.0147]]],[[[126.1574,35.0781],[126.155,35.0759],[126.1537,35.0775],[126.1555,35.0805],[126.1574,35.0781]]],[[[125.9952,34.5913],[125.9996,34.5913],[126.0003,34.591],[125.9977,34.5884],[125.9952,34.5913]]],[[[125.9316,35.0589],[125.9337,35.0568],[125.9327,35.0552],[125.9293,35.057],[125.9316,35.0589]]],[[[126.0647,34.712],[126.0684,34.7103],[126.0673,34.7079],[126.0647,34.712]]],[[[126.1676,34.8112],[126.1639,34.8069],[126.1643,34.8095],[126.1676,34.8112]]],[[[126.2206,35.0372],[126.2203,35.0348],[126.2212,35.0335],[126.2177,35.0374],[126.2206,35.0372]]],[[[126.1711,34.6972],[126.1743,34.6941],[126.1741,34.6931],[126.1709,34.6948],[126.1711,34.6972]]],[[[126.0378,34.5449],[126.0425,34.5438],[126.0447,34.5432],[126.0378,34.5449]]],[[[126.2769,34.9459],[126.2751,34.9441],[126.2722,34.9446],[126.2741,34.9467],[126.2769,34.9459]]],[[[126.275,34.9339],[126.277,34.9318],[126.2737,34.9325],[126.275,34.9339]]],[[[126.1308,35.0742],[126.1331,35.0705],[126.1293,35.072],[126.1308,35.0742]]],[[[125.1773,34.6879],[125.1809,34.687],[125.1811,34.686],[125.1782,34.6859],[125.1773,34.6879]]],[[[126.0197,34.9204],[126.018,34.9208],[126.0163,34.9241],[126.0203,34.9224],[126.0197,34.9204]]],[[[126.0887,34.6426],[126.092,34.6422],[126.0919,34.6401],[126.0888,34.6407],[126.0887,34.6426]]],[[[125.4076,34.7174],[125.4069,34.7151],[125.4046,34.717],[125.4076,34.7174]]],[[[125.9398,34.7485],[125.9396,34.7452],[125.9379,34.7463],[125.938,34.7494],[125.9398,34.7485]]],[[[126.1536,35.0606],[126.1511,35.0634],[126.1494,35.0645],[126.1508,35.065],[126.1546,35.0617],[126.1536,35.0606]]],[[[126.1256,35.039],[126.1308,35.0409],[126.1289,35.0387],[126.1267,35.0394],[126.1255,35.0381],[126.1256,35.039]]],[[[126.0948,34.6381],[126.0942,34.6354],[126.0926,34.6386],[126.0948,34.6381]]],[[[126.1992,34.573],[126.1997,34.5716],[126.1958,34.5714],[126.1962,34.5722],[126.1992,34.573]]],[[[126.1679,34.8988],[126.1709,34.8991],[126.173,34.8962],[126.1679,34.8988]]],[[[126.1749,34.6176],[126.1796,34.6174],[126.1787,34.6159],[126.1749,34.6176]]],[[[125.871,34.6003],[125.8739,34.6001],[125.8752,34.5986],[125.8726,34.5979],[125.871,34.6003]]],[[[126.1693,34.8914],[126.1689,34.8894],[126.1671,34.8888],[126.1665,34.8903],[126.1693,34.8914]]],[[[126.2303,34.9549],[126.2275,34.9549],[126.2297,34.9568],[126.2303,34.9549]]],[[[126.0422,34.7371],[126.0423,34.7342],[126.0409,34.734],[126.0402,34.7366],[126.0422,34.7371]]],[[[125.9113,34.5677],[125.9153,34.5675],[125.9124,34.5655],[125.9113,34.5677]]],[[[125.8658,34.6207],[125.8642,34.6204],[125.8632,34.6226],[125.8646,34.6226],[125.8658,34.6207]]],[[[126.1558,35.0745],[126.1566,35.0714],[126.1551,35.0695],[126.1558,35.0745]]],[[[125.9012,35.2127],[125.9035,35.2104],[125.9002,35.2122],[125.9012,35.2127]]],[[[126.2917,34.9228],[126.2874,34.9209],[126.2885,34.9223],[126.2917,34.9228]]],[[[126.1006,34.866],[126.1032,34.8662],[126.1039,34.8644],[126.1006,34.866]]],[[[125.9486,34.7414],[125.9508,34.7417],[125.9528,34.7395],[125.9486,34.7414]]],[[[126.0103,34.6489],[126.0121,34.6468],[126.0077,34.6479],[126.0103,34.6489]]],[[[126.1935,35.1186],[126.1915,35.1185],[126.1903,35.1202],[126.1911,35.1205],[126.1935,35.1186]]],[[[126.2591,34.9035],[126.2637,34.9031],[126.2584,34.9031],[126.2591,34.9035]]],[[[126.2011,34.7886],[126.1989,34.7887],[126.1984,34.7908],[126.199,34.7909],[126.2011,34.7886]]],[[[126.0677,34.6325],[126.0661,34.6336],[126.0672,34.6348],[126.0686,34.6335],[126.0677,34.6325]]],[[[126.1895,34.5924],[126.186,34.5914],[126.1861,34.5921],[126.1895,34.5924]]],[[[125.9912,34.6067],[125.9912,34.6041],[125.9894,34.6056],[125.9912,34.6067]]],[[[126.0098,34.7215],[126.0078,34.7222],[126.005,34.7234],[126.0098,34.7215]]],[[[126.1759,34.6918],[126.1752,34.6905],[126.1725,34.6916],[126.1746,34.6924],[126.1759,34.6918]]],[[[125.9694,35.0307],[125.9719,35.0304],[125.9733,35.0297],[125.9685,35.0291],[125.9694,35.0307]]],[[[125.8925,34.7188],[125.8954,34.7176],[125.8914,34.7161],[125.8925,34.7188]]],[[[126.0949,34.8993],[126.0912,34.8973],[126.0896,34.8977],[126.0935,34.8996],[126.0949,34.8993]]],[[[126.2761,34.9309],[126.2772,34.9291],[126.2745,34.9292],[126.2761,34.9309]]],[[[126.1015,34.9027],[126.1037,34.9],[126.0987,34.9015],[126.1015,34.9027]]],[[[125.9519,34.7551],[125.952,34.7522],[125.95,34.7543],[125.9519,34.7551]]],[[[125.9738,34.6039],[125.975,34.6036],[125.9774,34.6036],[125.9746,34.6019],[125.9738,34.6039]]],[[[126.0053,34.5881],[126.0052,34.5917],[126.0062,34.5923],[126.0069,34.5909],[126.0053,34.5881]]],[[[126.015,34.659],[126.0129,34.6586],[126.0114,34.6594],[126.0121,34.6601],[126.015,34.659]]],[[[125.4628,34.702],[125.4646,34.7022],[125.4663,34.6986],[125.4628,34.702]]],[[[126.1706,34.7719],[126.1746,34.7718],[126.1749,34.7707],[126.1706,34.7719]]],[[[125.4369,34.7618],[125.4356,34.7619],[125.4358,34.7646],[125.4368,34.7637],[125.4369,34.7618]]],[[[125.7889,34.7874],[125.7875,34.7869],[125.7869,34.788],[125.7886,34.7891],[125.7889,34.7874]]],[[[126.1934,34.9945],[126.1911,34.9935],[126.1905,34.994],[126.1937,34.9962],[126.1934,34.9945]]],[[[126.0869,34.806],[126.0849,34.8054],[126.0842,34.8069],[126.0869,34.806]]],[[[125.4411,34.6989],[125.439,34.6969],[125.4375,34.6972],[125.4411,34.6989]]],[[[126.1633,34.619],[126.1674,34.6193],[126.1677,34.6187],[126.1633,34.619]]],[[[125.4483,34.7289],[125.446,34.728],[125.4451,34.7284],[125.447,34.7302],[125.4483,34.7289]]],[[[126.1572,34.8564],[126.1562,34.8559],[126.155,34.8579],[126.1564,34.8585],[126.1572,34.8564]]],[[[126.2553,34.9137],[126.2537,34.913],[126.2528,34.9143],[126.2538,34.9151],[126.2553,34.9137]]],[[[126.1624,34.6802],[126.1639,34.6818],[126.1644,34.681],[126.1624,34.6802]]],[[[126.0268,34.7846],[126.0293,34.7828],[126.0275,34.7827],[126.0268,34.7846]]],[[[126.2255,34.7577],[126.2235,34.7588],[126.2227,34.7601],[126.2238,34.76],[126.2255,34.7577]]],[[[126.0347,35.092],[126.0334,35.091],[126.0321,35.0921],[126.0339,35.0919],[126.0347,35.094],[126.0347,35.092]]],[[[126.1522,34.6753],[126.1544,34.6759],[126.1555,34.6755],[126.1522,34.6753]]],[[[126.1508,35.1302],[126.1498,35.1283],[126.149,35.1282],[126.1487,35.13],[126.1508,35.1302]]],[[[126.0814,34.812],[126.0804,34.8126],[126.0806,34.8147],[126.0817,34.8134],[126.0814,34.812]]],[[[125.9682,34.5883],[125.9695,34.5867],[125.9674,34.5875],[125.9682,34.5883]]],[[[126.0392,34.7307],[126.0393,34.7273],[126.0377,34.7279],[126.0392,34.7307]]],[[[125.4419,34.7632],[125.4407,34.7637],[125.4413,34.7654],[125.4422,34.7653],[125.4419,34.7632]]],[[[126.1915,34.7774],[126.1895,34.7759],[126.1907,34.7781],[126.1915,34.7774]]],[[[125.8374,34.5835],[125.8395,34.584],[125.8392,34.5827],[125.8374,34.5835]]],[[[126.099,34.9981],[126.0988,34.997],[126.0966,34.9971],[126.0967,34.9984],[126.099,34.9981]]],[[[126.0289,34.7528],[126.0282,34.7508],[126.027,34.751],[126.0289,34.7528]]],[[[126.036,34.738],[126.0369,34.7364],[126.0378,34.7367],[126.0369,34.7356],[126.0351,34.7364],[126.036,34.738]]],[[[126.2123,34.9356],[126.2135,34.9338],[126.2114,34.9345],[126.2123,34.9356]]],[[[125.3957,34.6928],[125.3975,34.6928],[125.3978,34.6926],[125.3958,34.6914],[125.3957,34.6928]]],[[[126.1972,34.9642],[126.1958,34.9629],[126.1967,34.9652],[126.1972,34.9642]]],[[[126.2057,34.6368],[126.2043,34.6354],[126.2051,34.6381],[126.2057,34.6368]]],[[[125.2,34.7246],[125.1988,34.7237],[125.1986,34.7253],[125.2,34.7246]]],[[[125.4354,34.697],[125.4333,34.6969],[125.4322,34.6963],[125.4334,34.6978],[125.4354,34.697]]],[[[126.0164,34.5688],[126.0148,34.5672],[126.0149,34.5685],[126.0164,34.5688]]],[[[125.9886,34.5934],[125.9883,34.5914],[125.9877,34.5931],[125.9886,34.5934]]],[[[125.9705,34.8643],[125.9713,34.8623],[125.9696,34.863],[125.9705,34.8643]]],[[[125.8505,34.6742],[125.8487,34.6751],[125.8487,34.6757],[125.8502,34.6755],[125.8505,34.6742]]],[[[126.0692,34.8265],[126.0672,34.8258],[126.0691,34.8274],[126.0692,34.8265]]],[[[126.1767,34.7451],[126.1746,34.7441],[126.1741,34.7448],[126.1767,34.7451]]],[[[125.1881,34.7209],[125.1892,34.7206],[125.1898,34.7195],[125.1888,34.719],[125.1881,34.7209]]],[[[126.1867,34.9792],[126.186,34.9771],[126.1856,34.9795],[126.1867,34.9792]]],[[[125.9883,34.7383],[125.9876,34.7372],[125.9862,34.739],[125.9883,34.7383]]],[[[126.1341,34.6672],[126.1361,34.6681],[126.1363,34.6672],[126.1341,34.6672]]],[[[125.0839,34.1183],[125.0856,34.1168],[125.0834,34.118],[125.0839,34.1183]]],[[[125.9021,34.7883],[125.9033,34.786],[125.901,34.7871],[125.9021,34.7883]]],[[[126.0512,34.7818],[126.0533,34.7815],[126.0537,34.7809],[126.0516,34.7803],[126.0512,34.7818]]],[[[126.276,34.9134],[126.2753,34.9147],[126.2773,34.914],[126.276,34.9134]]],[[[126.1876,34.6613],[126.1877,34.6627],[126.1895,34.6628],[126.1887,34.6618],[126.1876,34.6613]]],[[[126.31,34.8426],[126.3119,34.8437],[126.3115,34.8414],[126.31,34.8426]]],[[[126.0733,34.7188],[126.0754,34.7174],[126.0725,34.7184],[126.0733,34.7188]]],[[[126.0084,34.9022],[126.0074,34.9015],[126.0061,34.9025],[126.0069,34.9029],[126.0084,34.9022]]],[[[125.8505,34.6619],[125.8492,34.6619],[125.8487,34.6632],[125.8495,34.6632],[125.8505,34.6619]]],[[[126.1036,35.0187],[126.1049,35.0169],[126.1019,35.018],[126.1036,35.0187]]],[[[126.1923,35.0084],[126.1904,35.008],[126.1918,35.0093],[126.1923,35.0084]]],[[[125.9168,35.0716],[125.9155,35.0722],[125.9152,35.0734],[125.9166,35.0727],[125.9168,35.0716]]],[[[125.4618,34.2129],[125.4627,34.2115],[125.4617,34.2108],[125.4614,34.2119],[125.4618,34.2129]]],[[[126.0995,34.8972],[126.0976,34.8979],[126.0983,34.8991],[126.0988,34.8991],[126.0995,34.8972]]],[[[126.2616,35.018],[126.2606,35.0189],[126.2617,35.0193],[126.2616,35.018]]],[[[126.1328,35.0404],[126.1311,35.0409],[126.1311,35.0413],[126.1327,35.0419],[126.1328,35.0404]]],[[[125.8785,34.6213],[125.877,34.621],[125.8759,34.6222],[125.8763,34.6224],[125.8785,34.6213]]],[[[126.2962,34.9298],[126.2958,34.931],[126.2976,34.9304],[126.2962,34.9298]]],[[[126.2003,34.9237],[126.1994,34.9242],[126.1988,34.926],[126.1999,34.9253],[126.2003,34.9237]]],[[[125.4368,34.7561],[125.4382,34.7571],[125.4384,34.7563],[125.4368,34.7561]]],[[[126.1986,34.5685],[126.1978,34.5674],[126.1971,34.569],[126.1986,34.5685]]],[[[126.2153,34.56],[126.2145,34.5585],[126.2132,34.559],[126.2153,34.56]]],[[[125.201,34.6814],[125.2025,34.6803],[125.201,34.6801],[125.201,34.6814]]],[[[126.124,34.963],[126.1236,34.9614],[126.123,34.9633],[126.124,34.963]]],[[[126.0776,35.1382],[126.0793,35.1376],[126.0768,35.1376],[126.0776,35.1382]]],[[[125.9213,35.0749],[125.9202,35.0751],[125.9207,35.0768],[125.921,35.0767],[125.9213,35.0749]]],[[[126.1121,35.0547],[126.114,35.0539],[126.1138,35.0531],[126.1128,35.0533],[126.1121,35.0547]]],[[[126.0791,34.7775],[126.0807,34.7781],[126.0817,34.7765],[126.0791,34.7775]]],[[[125.9801,35.0952],[125.9789,35.0941],[125.9782,35.0947],[125.9789,35.0954],[125.9801,35.0952]]],[[[126.0198,34.8616],[126.0186,34.8602],[126.018,34.8612],[126.0198,34.8616]]],[[[126.1555,34.9318],[126.1542,34.9316],[126.1539,34.9328],[126.1544,34.933],[126.1555,34.9318]]],[[[126.1692,34.7754],[126.168,34.7736],[126.1693,34.777],[126.1692,34.7754]]],[[[126.1134,34.9936],[126.1146,34.9949],[126.1131,34.993],[126.1134,34.9936]]],[[[125.1892,34.7166],[125.1884,34.7157],[125.1878,34.7166],[125.1892,34.7166]]],[[[126.1154,34.7017],[126.1142,34.7024],[126.1143,34.7033],[126.1151,34.7031],[126.1154,34.7017]]],[[[126.0157,34.5318],[126.0147,34.5304],[126.014,34.5313],[126.0157,34.5318]]],[[[126.282,34.8677],[126.2836,34.8669],[126.2816,34.8671],[126.282,34.8677]]],[[[126.3676,34.8631],[126.3661,34.8618],[126.3674,34.8632],[126.3676,34.8631]]],[[[126.2928,34.8466],[126.2916,34.846],[126.2924,34.8472],[126.2928,34.8466]]],[[[126.2559,34.931],[126.2556,34.932],[126.2569,34.933],[126.2568,34.9324],[126.2559,34.931]]],[[[126.0202,34.5951],[126.0192,34.5958],[126.0207,34.5972],[126.021,34.5968],[126.0202,34.5951]]],[[[125.4426,34.664],[125.4414,34.6638],[125.4412,34.665],[125.4418,34.6653],[125.4426,34.664]]],[[[126.0166,34.8067],[126.016,34.8043],[126.0161,34.8068],[126.0166,34.8067]]],[[[125.1975,34.7212],[125.1984,34.7202],[125.1978,34.7198],[125.1967,34.7202],[125.1975,34.7212]]],[[[125.4786,34.6541],[125.4781,34.6527],[125.4771,34.6533],[125.4786,34.6541]]],[[[126.1636,34.8915],[126.1627,34.8904],[126.1632,34.8919],[126.1636,34.8915]]],[[[125.2997,34.4613],[125.2994,34.4598],[125.2978,34.4601],[125.2997,34.4613]]],[[[126.053,34.9229],[126.0529,34.9215],[126.0509,34.9227],[126.051,34.9231],[126.053,34.9229]]],[[[126.1249,34.9458],[126.1264,34.9451],[126.1249,34.9452],[126.1249,34.9458]]],[[[125.9315,34.6703],[125.9328,34.6686],[125.9325,34.6682],[125.9315,34.6703]]],[[[126.0701,34.824],[126.0685,34.8242],[126.0685,34.8249],[126.0701,34.824]]],[[[125.431,34.7456],[125.432,34.7444],[125.4301,34.7456],[125.431,34.7456]]],[[[126.2107,34.6707],[126.2098,34.6697],[126.2098,34.6711],[126.2107,34.6707]]],[[[126.0443,34.7337],[126.0436,34.7326],[126.0428,34.7332],[126.0443,34.7337]]],[[[126.088,34.8002],[126.0875,34.8017],[126.0886,34.8023],[126.0889,34.8019],[126.088,34.8002]]],[[[126.0096,34.6571],[126.0101,34.6579],[126.011,34.657],[126.0096,34.6571]]],[[[126.1223,35.0647],[126.1222,35.0634],[126.1214,35.0644],[126.1223,35.0647]]],[[[126.0522,34.8501],[126.0514,34.8492],[126.051,34.8497],[126.0522,34.8501]]],[[[126.2029,34.799],[126.2044,34.7981],[126.2031,34.7982],[126.2029,34.799]]],[[[126.0283,34.6464],[126.0274,34.6455],[126.0264,34.6461],[126.0283,34.6464]]],[[[126.1335,35.0677],[126.1341,35.0669],[126.1331,35.0669],[126.1335,35.0677]]],[[[125.9018,35.1302],[125.9031,35.1292],[125.9018,35.1291],[125.9018,35.1302]]],[[[125.2014,34.7246],[125.1994,34.7252],[125.1987,34.7257],[125.1995,34.726],[125.2014,34.7246]]],[[[125.1881,34.7176],[125.1868,34.7174],[125.1867,34.718],[125.1881,34.7176]]],[[[126.0984,34.869],[126.0987,34.87],[126.1,34.8697],[126.1,34.8694],[126.0984,34.869]]],[[[126.1019,35.1303],[126.1006,35.1308],[126.1022,35.1311],[126.1019,35.1303]]],[[[126.3352,34.8097],[126.3338,34.8097],[126.3337,34.8104],[126.3341,34.8106],[126.3352,34.8097]]],[[[125.478,34.2032],[125.4768,34.2028],[125.4772,34.2039],[125.478,34.2032]]],[[[126.3036,34.8472],[126.3048,34.8473],[126.3058,34.8473],[126.3036,34.8472]]],[[[126.1547,35.0846],[126.1553,35.083],[126.1539,35.0842],[126.1547,35.0846]]],[[[126.3645,34.9005],[126.3628,34.9005],[126.3651,34.9008],[126.3645,34.9005]]],[[[125.4631,34.2103],[125.4645,34.2102],[125.4637,34.2092],[125.4631,34.2103]]],[[[126.1763,34.6739],[126.1751,34.6735],[126.1749,34.6745],[126.1751,34.6745],[126.1763,34.6739]]],[[[126.2697,34.9408],[126.2699,34.9389],[126.269,34.9408],[126.2697,34.9408]]],[[[126.199,35.0125],[126.199,35.0139],[126.1996,35.0142],[126.1999,35.0133],[126.199,35.0125]]],[[[126.2123,35.0098],[126.2118,35.0093],[126.2123,35.0112],[126.2123,35.0098]]],[[[125.9404,35.0592],[125.9412,35.0581],[125.94,35.0581],[125.9404,35.0592]]],[[[125.8898,34.77],[125.8885,34.769],[125.8882,34.7693],[125.8898,34.77]]],[[[126.0179,34.8561],[126.017,34.8552],[126.0169,34.8562],[126.0179,34.8561]]],[[[126.1979,34.9636],[126.199,34.9622],[126.1975,34.9635],[126.1979,34.9636]]],[[[126.2139,35.0303],[126.2132,35.0291],[126.2129,35.03],[126.2139,35.0303]]],[[[125.3013,34.4047],[125.3004,34.4037],[125.3002,34.4039],[125.3013,34.4047]]],[[[126.2204,34.8915],[126.2191,34.8924],[126.219,34.8933],[126.2193,34.8933],[126.2204,34.8915]]],[[[126.0434,35.0787],[126.0422,35.0791],[126.0435,35.0793],[126.0434,35.0787]]],[[[125.1768,34.6732],[125.1779,34.6741],[125.178,34.6737],[125.1768,34.6732]]],[[[125.8684,34.6037],[125.8678,34.6024],[125.8671,34.6029],[125.8684,34.6037]]],[[[126.0614,34.5937],[126.0627,34.5924],[126.0611,34.593],[126.0614,34.5937]]],[[[125.9081,35.1428],[125.9084,35.1416],[125.9074,35.1423],[125.9081,35.1428]]],[[[125.3147,34.3874],[125.3147,34.3865],[125.3139,34.3875],[125.3147,34.3874]]],[[[126.2208,34.6236],[126.2211,34.6225],[126.2197,34.6233],[126.2208,34.6236]]],[[[126.1676,34.9328],[126.1674,34.9315],[126.1661,34.9318],[126.1676,34.9328]]],[[[125.9163,34.7801],[125.9173,34.7809],[125.9175,34.7803],[125.9163,34.7801]]],[[[126.0355,34.7421],[126.0345,34.7415],[126.0349,34.7427],[126.0355,34.7421]]],[[[126.1067,35.1432],[126.1075,35.1444],[126.1084,35.1436],[126.1067,35.1432]]],[[[126.0225,34.5935],[126.024,34.5938],[126.0244,34.5932],[126.0225,34.5935]]],[[[126.22,35.1325],[126.2192,35.1327],[126.22,35.1339],[126.22,35.1325]]],[[[126.0648,34.7465],[126.0635,34.7461],[126.0649,34.7472],[126.0648,34.7465]]],[[[126.2292,34.9683],[126.2282,34.9675],[126.2285,34.9683],[126.2292,34.9683]]],[[[125.9141,35.0755],[125.9146,35.0759],[125.9154,35.0743],[125.9141,35.0755]]],[[[125.4506,34.7274],[125.4506,34.7265],[125.4496,34.7275],[125.4506,34.7274]]],[[[125.4391,34.7625],[125.4379,34.7624],[125.4379,34.7628],[125.4391,34.7625]]],[[[126.2586,34.916],[126.2577,34.9155],[126.2576,34.9167],[126.2586,34.916]]],[[[126.2797,34.8695],[126.2788,34.8685],[126.2786,34.8691],[126.2797,34.8695]]],[[[126.2529,34.9628],[126.2515,34.9619],[126.2527,34.9631],[126.2529,34.9628]]],[[[126.1733,34.8383],[126.1723,34.8381],[126.1729,34.839],[126.1733,34.8383]]],[[[126.0051,34.6515],[126.0055,34.6523],[126.0071,34.6521],[126.0051,34.6515]]],[[[125.9051,34.7856],[125.9053,34.7847],[125.9039,34.786],[125.9051,34.7856]]],[[[126.1433,34.8976],[126.1448,34.8979],[126.1453,34.8971],[126.1433,34.8976]]],[[[126.0128,34.752],[126.0121,34.7513],[126.0121,34.752],[126.0128,34.752]]],[[[125.0955,34.1165],[125.0945,34.1159],[125.0945,34.1169],[125.0955,34.1165]]],[[[125.1872,34.6666],[125.1868,34.6656],[125.1867,34.6667],[125.1872,34.6666]]],[[[125.8994,34.7807],[125.8998,34.7812],[125.9013,34.7812],[125.8994,34.7807]]],[[[126.123,35.1088],[126.1219,35.108],[126.1216,35.1082],[126.1215,35.1086],[126.123,35.1088]]],[[[126.0704,34.6301],[126.0711,34.6295],[126.0694,34.6298],[126.0704,34.6301]]],[[[126.1903,34.9191],[126.1906,34.917],[126.1901,34.9191],[126.1903,34.9191]]],[[[125.9724,35.0407],[125.9733,35.0391],[125.9719,35.0409],[125.9724,35.0407]]],[[[126.0677,34.771],[126.0664,34.7698],[126.0657,34.7705],[126.0677,34.771]]],[[[126.1798,34.9382],[126.1788,34.9368],[126.1783,34.9376],[126.1798,34.9382]]],[[[125.465,34.7221],[125.4654,34.7228],[125.4658,34.7223],[125.465,34.7221]]],[[[126.1574,34.685],[126.1566,34.6852],[126.1576,34.6858],[126.1574,34.685]]],[[[126.2146,34.9217],[126.2164,34.922],[126.2166,34.9217],[126.2146,34.9217]]],[[[125.4143,34.6406],[125.4152,34.6412],[125.4152,34.6409],[125.4143,34.6406]]],[[[125.8685,34.6154],[125.8684,34.6139],[125.8682,34.6156],[125.8685,34.6154]]],[[[126.2788,34.9405],[126.2799,34.9396],[126.2794,34.9393],[126.2788,34.9405]]],[[[126.2128,34.5581],[126.2122,34.5573],[126.2123,34.5578],[126.2128,34.5581]]],[[[125.9954,34.6309],[125.9948,34.6303],[125.9951,34.6319],[125.9954,34.6309]]],[[[126.2213,34.9643],[126.2209,34.9629],[126.2208,34.9643],[126.2213,34.9643]]],[[[125.3939,34.6971],[125.3931,34.6965],[125.3932,34.6969],[125.3939,34.6971]]],[[[126.0774,34.8634],[126.078,34.8625],[126.0771,34.8629],[126.0774,34.8634]]],[[[126.0614,34.798],[126.0633,34.7981],[126.061,34.7972],[126.0614,34.798]]],[[[126.1153,34.6267],[126.1143,34.6266],[126.1146,34.6274],[126.1153,34.6267]]],[[[126.1837,34.9133],[126.1831,34.9125],[126.1828,34.9136],[126.1837,34.9133]]],[[[126.1864,35.1173],[126.1871,35.1164],[126.1864,35.1165],[126.1864,35.1173]]],[[[125.1878,34.7195],[125.1885,34.7184],[125.1874,34.7186],[125.1878,34.7195]]],[[[125.9031,34.7081],[125.9022,34.7075],[125.9014,34.7078],[125.9014,34.7081],[125.9031,34.7081]]],[[[126.038,35.1002],[126.0391,35.0996],[126.0377,35.0999],[126.038,35.1002]]],[[[126.2272,34.9079],[126.2274,34.9068],[126.2268,34.9079],[126.2272,34.9079]]],[[[125.4295,34.7455],[125.4299,34.7446],[125.4291,34.7455],[125.4295,34.7455]]],[[[126.1242,34.612],[126.1232,34.6118],[126.1233,34.6124],[126.1242,34.612]]],[[[126.2389,34.9623],[126.2399,34.9613],[126.2386,34.9619],[126.2389,34.9623]]],[[[126.1575,34.5768],[126.157,34.5769],[126.1564,34.5777],[126.1575,34.5768]]],[[[126.0536,34.7443],[126.0537,34.743],[126.0524,34.7432],[126.0536,34.7443]]],[[[126.1805,34.9693],[126.1809,34.969],[126.1797,34.9686],[126.1805,34.9693]]],[[[125.0934,34.0982],[125.092,34.0977],[125.0926,34.0986],[125.0934,34.0982]]],[[[126.183,34.6589],[126.1812,34.6587],[126.1811,34.659],[126.183,34.6589]]],[[[125.8941,34.7212],[125.8925,34.7203],[125.8921,34.7209],[125.8941,34.7212]]],[[[126.3155,34.9145],[126.3146,34.9141],[126.3146,34.9149],[126.3155,34.9145]]],[[[125.4917,34.2013],[125.491,34.2005],[125.4911,34.2017],[125.4917,34.2013]]],[[[125.3004,34.4518],[125.3007,34.4508],[125.2993,34.4523],[125.3004,34.4518]]],[[[125.8978,34.5756],[125.8966,34.5749],[125.8973,34.5759],[125.8978,34.5756]]],[[[125.1901,34.7173],[125.1891,34.7171],[125.1896,34.7176],[125.1901,34.7173]]],[[[126.1877,34.7726],[126.1882,34.7716],[126.1871,34.7725],[126.1877,34.7726]]],[[[125.0929,34.0967],[125.0943,34.097],[125.0944,34.0966],[125.0929,34.0967]]],[[[125.8835,34.7359],[125.8828,34.7351],[125.8827,34.7362],[125.8835,34.7359]]],[[[126.0882,34.7079],[126.0876,34.7075],[126.0873,34.7083],[126.0882,34.7079]]],[[[125.4439,34.667],[125.4431,34.6664],[125.4427,34.6671],[125.4439,34.667]]],[[[125.0848,34.0756],[125.0838,34.0754],[125.0838,34.076],[125.0848,34.0756]]],[[[125.3975,34.6298],[125.3989,34.629],[125.399,34.6288],[125.3975,34.6298]]],[[[125.8918,34.7688],[125.8933,34.7692],[125.8916,34.7685],[125.8918,34.7688]]],[[[125.4952,34.2174],[125.4955,34.2165],[125.4946,34.2174],[125.4952,34.2174]]],[[[126.141,34.9496],[126.141,34.9491],[126.1402,34.9495],[126.141,34.9496]]],[[[126.1098,34.7],[126.1102,34.6995],[126.1095,34.6997],[126.1098,34.7]]],[[[126.2298,34.982],[126.2289,34.9819],[126.2293,34.9825],[126.2298,34.982]]],[[[126.1726,34.8235],[126.1736,34.823],[126.1732,34.8229],[126.1726,34.8235]]],[[[126.2138,34.8071],[126.2124,34.8064],[126.2138,34.8078],[126.2138,34.8071]]],[[[126.0288,34.6716],[126.028,34.6708],[126.0278,34.6711],[126.0288,34.6716]]],[[[126.2781,34.947],[126.279,34.9454],[126.278,34.9469],[126.2781,34.947]]],[[[126.2149,35.0353],[126.2143,35.0345],[126.2144,35.0355],[126.2149,35.0353]]],[[[125.3947,34.699],[125.3959,34.6989],[125.3957,34.6984],[125.3947,34.699]]],[[[126.1161,34.9494],[126.1163,34.9485],[126.1155,34.9495],[126.1161,34.9494]]],[[[126.0283,34.55],[126.0276,34.5491],[126.0278,34.5499],[126.0283,34.55]]],[[[126.0991,34.8638],[126.0992,34.863],[126.0988,34.864],[126.0991,34.8638]]],[[[126.2766,34.9486],[126.2774,34.9478],[126.2771,34.9476],[126.2766,34.9486]]],[[[126.1862,35.009],[126.1871,35.0084],[126.186,35.0088],[126.1862,35.009]]],[[[126.0026,34.807],[126.0033,34.8064],[126.0031,34.8061],[126.0026,34.807]]],[[[126.1179,34.6279],[126.1171,34.6279],[126.1178,34.6283],[126.1179,34.6279]]],[[[126.2187,35.1279],[126.2198,35.1279],[126.2191,35.1268],[126.2187,35.1279]]],[[[126.1803,34.9897],[126.18,34.9888],[126.1797,34.9889],[126.1803,34.9897]]],[[[126.1054,34.9956],[126.1047,34.9948],[126.1043,34.9958],[126.1054,34.9956]]],[[[125.8521,34.6564],[125.8525,34.6553],[125.8518,34.6555],[125.8521,34.6564]]],[[[126.0769,35.0539],[126.0776,35.0534],[126.0768,35.0536],[126.0769,35.0539]]],[[[126.0405,34.777],[126.0399,34.7764],[126.0395,34.7767],[126.0405,34.777]]],[[[126.121,34.943],[126.1202,34.9436],[126.1205,34.9439],[126.121,34.943]]],[[[125.9998,34.5888],[126.0007,34.588],[125.9994,34.5886],[125.9998,34.5888]]],[[[125.3026,34.4669],[125.3039,34.4672],[125.3039,34.467],[125.3026,34.4669]]],[[[126.2694,34.9492],[126.2702,34.9483],[126.2692,34.949],[126.2694,34.9492]]],[[[126.0739,34.7218],[126.0732,34.7222],[126.0741,34.7221],[126.0739,34.7218]]],[[[125.4687,34.7353],[125.47,34.7357],[125.4687,34.7351],[125.4687,34.7353]]],[[[126.2259,34.9665],[126.2252,34.9662],[126.2257,34.967],[126.2259,34.9665]]],[[[125.0986,34.1063],[125.0976,34.1059],[125.0977,34.1062],[125.0986,34.1063]]],[[[126.1458,34.8172],[126.1451,34.8168],[126.1451,34.8177],[126.1458,34.8172]]],[[[125.194,34.6744],[125.1932,34.6746],[125.1941,34.6749],[125.194,34.6744]]],[[[126.2052,34.627],[126.205,34.6261],[126.2046,34.6269],[126.2052,34.627]]],[[[125.9281,35.0637],[125.9289,35.0644],[125.9289,35.0637],[125.9281,35.0637]]],[[[126.1775,34.6132],[126.1766,34.6132],[126.177,34.6137],[126.1775,34.6132]]],[[[126.2142,35.0284],[126.2154,35.0285],[126.215,35.028],[126.2142,35.0284]]],[[[126.0471,34.8426],[126.0465,34.8422],[126.0464,34.8428],[126.0471,34.8426]]],[[[126.1115,34.6472],[126.112,34.6474],[126.1119,34.6469],[126.1115,34.6472]]],[[[126.1993,35.0183],[126.2002,35.0187],[126.2002,35.0184],[126.1993,35.0183]]],[[[125.1966,34.6747],[125.1959,34.6741],[125.1964,34.6748],[125.1966,34.6747]]],[[[125.8904,34.7337],[125.8902,34.7329],[125.8897,34.733],[125.8904,34.7337]]],[[[126.1636,34.9215],[126.1644,34.9211],[126.1636,34.9208],[126.1636,34.9215]]],[[[126.1831,34.8756],[126.1831,34.8743],[126.1829,34.8754],[126.1831,34.8756]]],[[[126.0479,34.7327],[126.0476,34.7322],[126.047,34.733],[126.0479,34.7327]]],[[[126.0657,35.1222],[126.0668,35.1225],[126.0672,35.1222],[126.0657,35.1222]]],[[[126.0091,34.8069],[126.0097,34.8057],[126.0088,34.8067],[126.0091,34.8069]]],[[[126.0034,34.8602],[126.0043,34.8599],[126.004,34.8597],[126.0034,34.8602]]],[[[125.2034,34.7179],[125.2027,34.7181],[125.2035,34.7184],[125.2034,34.7179]]],[[[125.9569,34.798],[125.9572,34.7986],[125.9577,34.798],[125.9569,34.798]]],[[[125.4206,34.6438],[125.4195,34.6437],[125.4196,34.6442],[125.4206,34.6438]]],[[[126.0695,34.7939],[126.0699,34.7934],[126.0688,34.7929],[126.0695,34.7939]]],[[[126.1852,34.99],[126.184,34.9903],[126.1842,34.9906],[126.1852,34.99]]],[[[126.1992,34.6902],[126.2001,34.6904],[126.1991,34.6895],[126.1992,34.6902]]],[[[126.1982,35.1302],[126.1978,35.1295],[126.1977,35.1306],[126.1982,35.1302]]],[[[126.1996,34.9116],[126.1995,34.911],[126.1989,34.9111],[126.1996,34.9116]]],[[[126.3617,34.8183],[126.3612,34.8177],[126.3612,34.8184],[126.3617,34.8183]]],[[[126.2114,34.9216],[126.2129,34.9213],[126.2129,34.921],[126.2114,34.9216]]],[[[125.4224,34.661],[125.4219,34.6603],[125.4216,34.6607],[125.4224,34.661]]],[[[126.0273,34.5517],[126.0281,34.5521],[126.0282,34.5514],[126.0273,34.5517]]],[[[126.1742,34.7494],[126.1742,34.7482],[126.1736,34.7494],[126.1742,34.7494]]],[[[125.9779,34.7451],[125.978,34.7444],[125.9776,34.7446],[125.9779,34.7451]]],[[[125.0945,34.0632],[125.0953,34.0631],[125.0946,34.0629],[125.0945,34.0632]]],[[[126.2129,35.0317],[126.2138,35.032],[126.2136,35.0313],[126.2129,35.0317]]],[[[126.1589,35.116],[126.1582,35.1156],[126.1583,35.1162],[126.1589,35.116]]],[[[126.2212,34.971],[126.2219,34.9709],[126.2217,34.9703],[126.2212,34.971]]],[[[125.3,34.4615],[125.2992,34.4622],[125.3002,34.4617],[125.3,34.4615]]],[[[126.0921,34.9982],[126.0928,34.9974],[126.0927,34.9974],[126.0921,34.9982]]],[[[125.9524,34.835],[125.9516,34.8346],[125.9518,34.835],[125.9524,34.835]]],[[[125.0779,34.1177],[125.0785,34.118],[125.0784,34.1176],[125.0779,34.1177]]],[[[126.2188,34.9756],[126.2194,34.9749],[126.2191,34.9744],[126.2188,34.9756]]],[[[126.0332,34.5505],[126.0336,34.5499],[126.0332,34.55],[126.0332,34.5505]]],[[[125.0921,34.1143],[125.0923,34.1138],[125.0917,34.1142],[125.0921,34.1143]]],[[[126.0229,34.7469],[126.0225,34.7463],[126.0224,34.7465],[126.0229,34.7469]]],[[[126.3596,34.8138],[126.3589,34.8135],[126.359,34.8142],[126.3596,34.8138]]],[[[125.417,34.642],[125.4175,34.6413],[125.4166,34.6414],[125.417,34.642]]],[[[126.1942,34.9396],[126.1941,34.9389],[126.1938,34.9394],[126.1942,34.9396]]],[[[126.1263,35.0476],[126.1269,35.0469],[126.1261,35.0475],[126.1263,35.0476]]],[[[126.0144,34.6679],[126.0136,34.6676],[126.0144,34.668],[126.0144,34.6679]]],[[[126.0727,35.1293],[126.072,35.1292],[126.0721,35.13],[126.0727,35.1293]]],[[[125.9693,34.7967],[125.9683,34.7965],[125.9683,34.7968],[125.9693,34.7967]]],[[[126.1718,34.9358],[126.1716,34.9351],[126.1713,34.9354],[126.1718,34.9358]]],[[[126.0135,34.6934],[126.0123,34.693],[126.012,34.6934],[126.0135,34.6934]]],[[[126.0877,34.6098],[126.0883,34.6103],[126.0881,34.6097],[126.0877,34.6098]]],[[[125.8689,34.602],[125.8685,34.6015],[125.8682,34.6018],[125.8689,34.602]]],[[[125.433,34.659],[125.4322,34.6589],[125.4327,34.6594],[125.433,34.659]]],[[[125.9249,35.0731],[125.9256,35.0734],[125.9257,35.0729],[125.9249,35.0731]]],[[[125.2003,34.7258],[125.2017,34.7255],[125.2016,34.7252],[125.2003,34.7258]]],[[[125.4133,34.6412],[125.4128,34.6411],[125.4125,34.6418],[125.4133,34.6412]]],[[[126.2114,35.035],[126.211,35.0341],[126.211,35.035],[126.2114,35.035]]],[[[126.0014,34.6069],[126.0001,34.6063],[126.0015,34.6071],[126.0014,34.6069]]],[[[126.1243,35.1074],[126.1246,35.108],[126.1247,35.1076],[126.1243,35.1074]]],[[[126.0177,34.8027],[126.0173,34.8016],[126.0171,34.8016],[126.0177,34.8027]]],[[[126.2453,34.9677],[126.2445,34.9672],[126.2446,34.9678],[126.2453,34.9677]]],[[[126.2636,35.019],[126.2642,35.0197],[126.264,35.0189],[126.2636,35.019]]],[[[126.0738,35.1317],[126.0729,35.1313],[126.0737,35.1319],[126.0738,35.1317]]],[[[125.4714,34.2079],[125.4715,34.2073],[125.4711,34.2075],[125.4714,34.2079]]],[[[126.1671,35.141],[126.1684,35.1407],[126.1669,35.1408],[126.1671,35.141]]],[[[126.1144,34.7162],[126.1139,34.7157],[126.1139,34.7161],[126.1144,34.7162]]],[[[126.227,34.9851],[126.2265,34.9845],[126.2268,34.9856],[126.227,34.9851]]],[[[125.9874,34.6094],[125.9866,34.6095],[125.9867,34.6098],[125.9874,34.6094]]],[[[126.1934,35.1316],[126.1929,35.131],[126.1929,35.1316],[126.1934,35.1316]]],[[[126.3766,34.8847],[126.3759,34.8841],[126.3763,34.8849],[126.3766,34.8847]]],[[[126.0147,34.7586],[126.0148,34.7579],[126.0143,34.7588],[126.0147,34.7586]]],[[[126.0083,34.7052],[126.0078,34.7046],[126.0079,34.7051],[126.0083,34.7052]]],[[[126.2799,34.9148],[126.2805,34.9142],[126.2803,34.9141],[126.2799,34.9148]]],[[[125.8908,34.7159],[125.8908,34.715],[125.8903,34.716],[125.8908,34.7159]]],[[[126.2121,35.0317],[126.2114,35.0313],[126.2115,35.0316],[126.2121,35.0317]]],[[[125.7908,34.7886],[125.7902,34.7888],[125.7907,34.7888],[125.7908,34.7886]]],[[[125.2993,34.4535],[125.2991,34.4529],[125.299,34.4532],[125.2993,34.4535]]],[[[126.0425,34.6378],[126.0417,34.637],[126.0423,34.638],[126.0425,34.6378]]],[[[126.1894,34.9213],[126.1887,34.921],[126.1884,34.9215],[126.1894,34.9213]]],[[[126.1875,34.986],[126.187,34.9863],[126.1875,34.9861],[126.1875,34.986]]],[[[125.4795,34.6558],[125.479,34.6552],[125.4785,34.6553],[125.4795,34.6558]]],[[[126.1805,34.8787],[126.1809,34.878],[126.1802,34.8783],[126.1805,34.8787]]],[[[126.2361,34.9583],[126.2356,34.9582],[126.2358,34.959],[126.2361,34.9583]]],[[[125.4457,34.6772],[125.4454,34.6767],[125.4453,34.6771],[125.4457,34.6772]]],[[[125.2924,34.3993],[125.2919,34.3989],[125.2919,34.3996],[125.2924,34.3993]]],[[[125.9852,34.875],[125.9849,34.8742],[125.9849,34.8749],[125.9852,34.875]]],[[[126.1692,34.9283],[126.1691,34.9277],[126.1683,34.9271],[126.1692,34.9283]]],[[[125.8927,34.7701],[125.8933,34.7701],[125.8929,34.7699],[125.8927,34.7701]]],[[[125.9503,34.6585],[125.9512,34.658],[125.95,34.6585],[125.9503,34.6585]]],[[[125.4794,34.7337],[125.4791,34.7331],[125.4788,34.734],[125.4794,34.7337]]],[[[125.2108,34.7158],[125.21,34.7154],[125.2107,34.7159],[125.2108,34.7158]]],[[[125.483,34.2064],[125.4839,34.2062],[125.4837,34.2059],[125.483,34.2064]]],[[[126.196,35.0493],[126.1953,35.049],[126.1955,35.0496],[126.196,35.0493]]],[[[126.043,34.8183],[126.0436,34.8187],[126.0437,34.8183],[126.043,34.8183]]],[[[126.2546,34.9615],[126.2544,34.9608],[126.2541,34.9609],[126.2546,34.9615]]],[[[126.3743,34.8804],[126.3736,34.8796],[126.3735,34.8797],[126.3743,34.8804]]],[[[126.173,34.9282],[126.1726,34.9281],[126.1733,34.929],[126.173,34.9282]]],[[[126.1814,34.9405],[126.181,34.9396],[126.1809,34.9402],[126.1814,34.9405]]],[[[126.0253,34.6711],[126.0257,34.6708],[126.0247,34.6706],[126.0253,34.6711]]],[[[126.1017,35.129],[126.1011,35.129],[126.1019,35.1296],[126.1017,35.129]]],[[[125.4955,34.2253],[125.4954,34.2249],[125.495,34.2252],[125.4955,34.2253]]],[[[126.2013,34.9593],[126.2009,34.9587],[126.2007,34.9592],[126.2013,34.9593]]],[[[125.3957,34.6291],[125.3959,34.6296],[125.3962,34.6291],[125.3957,34.6291]]],[[[125.915,35.1345],[125.9145,35.1346],[125.9146,35.1351],[125.915,35.1345]]],[[[125.8808,34.6193],[125.8809,34.6188],[125.8799,34.6194],[125.8808,34.6193]]],[[[126.2118,35.0532],[126.2114,35.0526],[126.2115,35.0532],[126.2118,35.0532]]],[[[126.1772,34.6999],[126.1778,34.699],[126.1769,34.6998],[126.1772,34.6999]]],[[[125.9566,34.8074],[125.9572,34.8069],[125.9572,34.8065],[125.9566,34.8074]]],[[[126.1741,34.616],[126.1735,34.6161],[126.1739,34.6167],[126.1741,34.616]]],[[[126.0766,35.1372],[126.0757,35.1369],[126.0766,35.1373],[126.0766,35.1372]]],[[[126.1734,34.699],[126.1729,34.6989],[126.1727,34.6994],[126.1734,34.699]]],[[[125.9882,34.7327],[125.9879,34.7323],[125.9876,34.7328],[125.9882,34.7327]]],[[[126.1687,34.6142],[126.1689,34.6136],[126.1684,34.6141],[126.1687,34.6142]]],[[[126.0559,34.9218],[126.0552,34.9219],[126.0556,34.9223],[126.0559,34.9218]]],[[[126.1669,34.6165],[126.1671,34.616],[126.1665,34.6163],[126.1669,34.6165]]],[[[126.0614,34.7499],[126.0615,34.7503],[126.0621,34.7501],[126.0614,34.7499]]],[[[126.1603,34.9427],[126.16,34.942],[126.1598,34.9425],[126.1603,34.9427]]],[[[126.0065,34.6488],[126.007,34.6486],[126.007,34.6485],[126.0065,34.6488]]],[[[126.0294,34.6456],[126.0293,34.6452],[126.0289,34.6454],[126.0294,34.6456]]],[[[126.0463,35.0971],[126.0464,35.0965],[126.0458,35.0971],[126.0463,35.0971]]],[[[126.1843,34.661],[126.184,34.6605],[126.1836,34.6606],[126.1843,34.661]]],[[[126.2765,34.9438],[126.2758,34.9436],[126.2758,34.9439],[126.2765,34.9438]]],[[[126.1762,34.6154],[126.1756,34.6151],[126.1761,34.6159],[126.1762,34.6154]]],[[[126.0417,34.6199],[126.0411,34.6199],[126.0412,34.6203],[126.0417,34.6199]]],[[[126.0877,34.9972],[126.0872,34.9968],[126.0872,34.9972],[126.0877,34.9972]]],[[[125.9208,34.786],[125.9215,34.7858],[125.9211,34.7856],[125.9208,34.786]]],[[[126.2257,35.0402],[126.2263,35.0404],[126.2259,35.0398],[126.2257,35.0402]]],[[[125.909,35.1412],[125.9094,35.1407],[125.909,35.1409],[125.909,35.1412]]],[[[126.0419,34.786],[126.0421,34.7855],[126.0415,34.7855],[126.0419,34.786]]],[[[126.2764,34.9123],[126.2757,34.9125],[126.2765,34.9126],[126.2764,34.9123]]],[[[125.8765,34.7279],[125.877,34.7272],[125.8762,34.7279],[125.8765,34.7279]]],[[[126.1435,34.5698],[126.1428,34.5699],[126.1436,34.5701],[126.1435,34.5698]]],[[[126.2593,34.9256],[126.2588,34.9251],[126.2592,34.9258],[126.2593,34.9256]]],[[[125.4841,34.206],[125.4847,34.2059],[125.4846,34.2057],[125.4841,34.206]]],[[[126.0667,35.12],[126.0668,35.1195],[126.0663,35.1197],[126.0667,35.12]]],[[[125.1946,34.6741],[125.1939,34.6739],[125.1945,34.6744],[125.1946,34.6741]]],[[[126.0191,34.6406],[126.0194,34.6401],[126.0188,34.6405],[126.0191,34.6406]]],[[[125.9766,34.7183],[125.9771,34.7179],[125.9764,34.7179],[125.9766,34.7183]]],[[[125.9403,35.0781],[125.9406,35.0776],[125.9401,35.078],[125.9403,35.0781]]],[[[126.1205,34.7026],[126.12,34.7025],[126.12,34.7027],[126.1205,34.7026]]],[[[126.2164,34.9717],[126.2164,34.9711],[126.2162,34.9714],[126.2164,34.9717]]],[[[126.0155,34.6675],[126.0151,34.6673],[126.015,34.6678],[126.0155,34.6675]]],[[[126.1807,34.9847],[126.1809,34.984],[126.1804,34.9846],[126.1807,34.9847]]],[[[126.1924,35.0491],[126.1921,35.0486],[126.1917,35.0488],[126.1924,35.0491]]],[[[126.2024,34.6336],[126.2023,34.633],[126.202,34.6338],[126.2024,34.6336]]],[[[126.0981,35.0008],[126.0986,35.0008],[126.0982,35.0003],[126.0981,35.0008]]],[[[125.4833,34.2058],[125.4831,34.2053],[125.4829,34.2058],[125.4833,34.2058]]],[[[126.1016,35.0227],[126.1023,35.0225],[126.1016,35.0224],[126.1016,35.0227]]],[[[126.2058,34.6338],[126.2064,34.6339],[126.2063,34.6335],[126.2058,34.6338]]],[[[125.9993,34.846],[125.9987,34.8457],[125.9987,34.846],[125.9993,34.846]]],[[[126.1732,34.7518],[126.1736,34.7516],[126.173,34.7513],[126.1732,34.7518]]],[[[125.8907,34.7148],[125.8911,34.7142],[125.8905,34.7148],[125.8907,34.7148]]],[[[126.2621,34.9246],[126.2624,34.9242],[126.262,34.9243],[126.2621,34.9246]]],[[[126.1943,34.938],[126.1951,34.9381],[126.1945,34.9377],[126.1943,34.938]]],[[[126.0476,34.779],[126.0474,34.7785],[126.0474,34.779],[126.0476,34.779]]],[[[126.1732,34.7527],[126.1738,34.7524],[126.1735,34.7522],[126.1732,34.7527]]],[[[125.0837,34.0756],[125.0833,34.0755],[125.0834,34.0757],[125.0837,34.0756]]],[[[126.0842,34.6583],[126.0836,34.6583],[126.0844,34.6587],[126.0842,34.6583]]],[[[126.2103,34.924],[126.2108,34.9238],[126.2102,34.9236],[126.2103,34.924]]],[[[125.1932,34.672],[125.1936,34.6717],[125.1933,34.6716],[125.1932,34.672]]],[[[126.2593,34.9236],[126.2588,34.9235],[126.2592,34.9238],[126.2593,34.9236]]],[[[126.0728,35.1353],[126.0722,35.1355],[126.0727,35.1357],[126.0728,35.1353]]],[[[126.1574,34.9389],[126.1571,34.9385],[126.157,34.9386],[126.1574,34.9389]]],[[[125.9215,34.7821],[125.9209,34.7816],[125.921,34.7822],[125.9215,34.7821]]],[[[125.8886,34.7172],[125.8876,34.717],[125.8875,34.7171],[125.8886,34.7172]]],[[[126.1836,34.662],[126.1837,34.6615],[126.1831,34.6614],[126.1836,34.662]]],[[[125.9118,34.7815],[125.9143,34.7807],[125.9144,34.7807],[125.9118,34.7815]]],[[[125.8961,34.7718],[125.8962,34.7714],[125.8957,34.7717],[125.8961,34.7718]]],[[[125.4403,34.7017],[125.4408,34.7019],[125.4408,34.7016],[125.4403,34.7017]]],[[[126.0345,34.5515],[126.0341,34.5511],[126.034,34.5512],[126.0345,34.5515]]],[[[125.9142,34.7095],[125.9139,34.7092],[125.9139,34.7096],[125.9142,34.7095]]],[[[126.1026,34.7734],[126.1023,34.773],[126.1019,34.7734],[126.1026,34.7734]]],[[[126.2822,34.939],[126.2825,34.9385],[126.2821,34.9388],[126.2822,34.939]]],[[[125.894,34.7708],[125.8944,34.7707],[125.8945,34.7703],[125.894,34.7708]]],[[[126.3273,34.9116],[126.3276,34.9113],[126.3272,34.9115],[126.3273,34.9116]]],[[[126.1773,34.621],[126.1776,34.6206],[126.1768,34.621],[126.1773,34.621]]],[[[125.2124,34.6957],[125.2124,34.6953],[125.212,34.6956],[125.2124,34.6957]]],[[[125.8618,34.6053],[125.8621,34.6057],[125.8619,34.6052],[125.8618,34.6053]]],[[[125.8116,34.6115],[125.8119,34.611],[125.8114,34.6115],[125.8116,34.6115]]],[[[126.0737,34.7691],[126.0733,34.7688],[126.0733,34.7692],[126.0737,34.7691]]],[[[125.1797,34.6664],[125.1794,34.666],[125.1793,34.6662],[125.1797,34.6664]]],[[[126.1163,34.7142],[126.1162,34.7138],[126.116,34.7141],[126.1163,34.7142]]],[[[126.1308,34.7988],[126.1307,34.7983],[126.1305,34.7986],[126.1308,34.7988]]],[[[125.4416,34.7014],[125.4417,34.7018],[125.4419,34.7017],[125.4416,34.7014]]],[[[125.9219,34.7847],[125.9213,34.7844],[125.921,34.7845],[125.9219,34.7847]]],[[[126.246,34.9572],[126.2453,34.957],[126.2461,34.9573],[126.246,34.9572]]],[[[126.1506,34.6791],[126.1502,34.6788],[126.1505,34.6792],[126.1506,34.6791]]],[[[126.2367,34.997],[126.2371,34.9969],[126.2371,34.9965],[126.2367,34.997]]],[[[125.9891,34.6078],[125.989,34.6073],[125.9888,34.6077],[125.9891,34.6078]]],[[[125.8868,34.572],[125.8867,34.5717],[125.8863,34.5721],[125.8868,34.572]]],[[[126.2352,34.9933],[126.2346,34.9932],[126.2343,34.9934],[126.2352,34.9933]]],[[[126.0304,34.5623],[126.0294,34.5622],[126.0293,34.5624],[126.0304,34.5623]]],[[[125.9106,34.7813],[125.9083,34.7815],[125.9083,34.7815],[125.9106,34.7813]]],[[[126.013,34.5996],[126.0125,34.5995],[126.0125,34.5997],[126.013,34.5996]]],[[[126.0129,34.6367],[126.0134,34.6366],[126.0131,34.6364],[126.0129,34.6367]]],[[[125.4132,34.6422],[125.4144,34.6422],[125.4143,34.642],[125.4132,34.6422]]],[[[126.051,35.0962],[126.0515,35.0958],[126.0514,35.0957],[126.051,35.0962]]],[[[126.2556,34.9623],[126.2559,34.9621],[126.2552,34.962],[126.2556,34.9623]]],[[[126.273,34.9714],[126.2735,34.9714],[126.2737,34.9711],[126.273,34.9714]]],[[[126.1288,34.7756],[126.1284,34.7754],[126.1284,34.7757],[126.1288,34.7756]]],[[[126.1596,34.9405],[126.1593,34.9401],[126.1592,34.9407],[126.1596,34.9405]]],[[[126.2375,34.964],[126.2379,34.9637],[126.2375,34.9637],[126.2375,34.964]]],[[[125.399,34.6284],[125.3995,34.6283],[125.3991,34.628],[125.399,34.6284]]],[[[126.1346,34.9466],[126.1347,34.9462],[126.1343,34.9465],[126.1346,34.9466]]],[[[126.2132,34.6935],[126.2128,34.6932],[126.2128,34.6934],[126.2132,34.6935]]],[[[126.3679,34.8979],[126.3681,34.8977],[126.3674,34.8978],[126.3679,34.8979]]],[[[125.4961,34.2245],[125.4957,34.2247],[125.4961,34.2247],[125.4961,34.2245]]],[[[126.2625,35.0158],[126.263,35.0157],[126.2626,35.0155],[126.2625,35.0158]]],[[[126.0312,34.7277],[126.0306,34.7272],[126.0311,34.7278],[126.0312,34.7277]]],[[[126.1713,34.9276],[126.171,34.9271],[126.171,34.9275],[126.1713,34.9276]]],[[[126.2082,34.9016],[126.2077,34.9016],[126.2079,34.902],[126.2082,34.9016]]],[[[125.9021,34.7219],[125.9019,34.7216],[125.9017,34.7218],[125.9021,34.7219]]],[[[126.2049,34.9035],[126.2044,34.9032],[126.2046,34.9039],[126.2049,34.9035]]],[[[126.2035,34.9392],[126.2031,34.9389],[126.2033,34.9394],[126.2035,34.9392]]],[[[126.1926,34.7321],[126.1922,34.7317],[126.1924,34.7322],[126.1926,34.7321]]],[[[126.124,34.8881],[126.1244,34.8878],[126.124,34.8879],[126.124,34.8881]]],[[[125.1945,34.6731],[125.1943,34.6727],[125.1944,34.6733],[125.1945,34.6731]]],[[[126.1515,34.8952],[126.1512,34.895],[126.1513,34.8954],[126.1515,34.8952]]],[[[126.1502,34.9647],[126.1499,34.9644],[126.1497,34.9646],[126.1502,34.9647]]],[[[126.2187,35.1149],[126.2185,35.1146],[126.2184,35.115],[126.2187,35.1149]]],[[[125.9469,34.6626],[125.9468,34.6618],[125.9467,34.6626],[125.9469,34.6626]]],[[[126.2573,34.9184],[126.2576,34.9179],[126.2573,34.9179],[126.2573,34.9184]]],[[[126.173,34.9344],[126.1726,34.9343],[126.1725,34.9346],[126.173,34.9344]]],[[[126.3485,34.892],[126.3484,34.8914],[126.3484,34.8924],[126.3485,34.892]]],[[[126.1741,34.619],[126.1735,34.619],[126.1742,34.6191],[126.1741,34.619]]],[[[126.0572,34.9226],[126.0575,34.9223],[126.0572,34.9225],[126.0572,34.9226]]],[[[126.2104,34.9228],[126.21,34.9227],[126.2103,34.923],[126.2104,34.9228]]],[[[125.4219,34.6589],[125.4223,34.6587],[125.4219,34.6589],[125.4212,34.6585],[125.4209,34.6585],[125.4213,34.6586],[125.4219,34.6589]]],[[[125.4491,34.6919],[125.4495,34.6918],[125.4492,34.6916],[125.4491,34.6919]]],[[[125.939,35.0776],[125.9387,35.0776],[125.9389,35.0779],[125.939,35.0776]]],[[[125.183,34.6881],[125.1829,34.6877],[125.1832,34.6885],[125.183,34.6881]]],[[[126.0854,34.7089],[126.0854,34.7085],[126.0852,34.7087],[126.0854,34.7089]]],[[[126.1816,34.8755],[126.1812,34.8751],[126.1811,34.8754],[126.1816,34.8755]]],[[[126.2096,34.9193],[126.2093,34.9191],[126.2095,34.9193],[126.2096,34.9193]]],[[[125.8946,34.7132],[125.8951,34.7129],[125.895,34.7128],[125.8946,34.7132]]],[[[126.2082,34.9168],[126.2079,34.9165],[126.2078,34.9167],[126.2082,34.9168]]],[[[125.9044,34.7901],[125.9049,34.7901],[125.9047,34.7898],[125.9044,34.7901]]],[[[126.0833,34.9254],[126.0836,34.9252],[126.0831,34.9252],[126.0833,34.9254]]],[[[126.1634,34.9256],[126.1641,34.9254],[126.1633,34.9256],[126.1634,34.9256]]],[[[125.4152,34.6408],[125.4156,34.6406],[125.4153,34.6405],[125.4152,34.6408]]],[[[126.0387,34.8432],[126.0384,34.8429],[126.0386,34.8432],[126.0387,34.8432]]],[[[125.9397,34.8214],[125.94,34.821],[125.94,34.8209],[125.9397,34.8214]]],[[[125.1953,34.6736],[125.1951,34.6732],[125.195,34.6736],[125.1953,34.6736]]],[[[126.1591,34.8275],[126.1588,34.8272],[126.1585,34.8273],[126.1591,34.8275]]],[[[126.1741,34.6188],[126.1738,34.6185],[126.1741,34.6189],[126.1741,34.6188]]],[[[126.2018,34.9013],[126.2022,34.9013],[126.202,34.901],[126.2018,34.9013]]],[[[125.3995,34.6278],[125.4,34.6279],[125.3996,34.6277],[125.3995,34.6278]]],[[[126.1678,34.9335],[126.167,34.9333],[126.1678,34.9336],[126.1678,34.9335]]],[[[126.0904,34.7835],[126.09,34.7834],[126.0903,34.7836],[126.0904,34.7835]]],[[[125.1749,34.6743],[125.1746,34.6739],[125.1749,34.6744],[125.1749,34.6743]]],[[[126.2069,35.1066],[126.2074,35.1066],[126.2075,35.1065],[126.2069,35.1066]]],[[[125.4403,34.7014],[125.4408,34.7012],[125.44,34.7014],[125.4403,34.7014]]],[[[125.4075,34.6235],[125.4074,34.6239],[125.4077,34.6234],[125.4075,34.6235]]],[[[125.1957,34.6744],[125.1953,34.6741],[125.1957,34.6746],[125.1957,34.6744]]],[[[126.086,34.6145],[126.0856,34.6144],[126.0859,34.6146],[126.086,34.6145]]],[[[125.9924,34.6042],[125.9921,34.6041],[125.9921,34.6042],[125.9924,34.6042]]],[[[126.1863,34.8081],[126.186,34.808],[126.186,34.8082],[126.1863,34.8081]]],[[[126.0371,34.8439],[126.0369,34.8437],[126.0368,34.844],[126.0371,34.8439]]],[[[126.1933,34.6226],[126.1932,34.6223],[126.1932,34.6227],[126.1933,34.6226]]],[[[125.1945,34.6738],[125.1942,34.6734],[125.194,34.6734],[125.1945,34.6738]]],[[[126.009,34.6126],[126.0087,34.6123],[126.0088,34.6126],[126.009,34.6126]]],[[[126.0121,34.5891],[126.0121,34.5887],[126.0119,34.5891],[126.0121,34.5891]]],[[[126.1073,34.8814],[126.1071,34.881],[126.1072,34.8815],[126.1073,34.8814]]],[[[126.0506,34.7714],[126.0503,34.7712],[126.0503,34.7714],[126.0506,34.7714]]],[[[126.1626,34.9252],[126.163,34.9251],[126.1623,34.9251],[126.1626,34.9252]]],[[[125.9941,34.63],[125.9938,34.6299],[125.994,34.6302],[125.9941,34.63]]],[[[125.9093,34.7181],[125.9091,34.718],[125.9092,34.7181],[125.9093,34.7181]]],[[[126.0671,34.7936],[126.0674,34.7932],[126.067,34.7935],[126.0671,34.7936]]],[[[125.4324,34.6928],[125.4318,34.6927],[125.4318,34.6928],[125.4324,34.6928]]],[[[125.964,34.7897],[125.9643,34.7896],[125.9638,34.7895],[125.964,34.7897]]],[[[125.7965,34.6164],[125.7966,34.616],[125.7964,34.6163],[125.7965,34.6164]]],[[[126.0495,34.7732],[126.0493,34.7733],[126.0495,34.7736],[126.0495,34.7732]]],[[[126.2371,34.9653],[126.2371,34.9649],[126.237,34.9653],[126.2371,34.9653]]],[[[126.1989,34.6211],[126.1986,34.6209],[126.1985,34.6211],[126.1989,34.6211]]],[[[126.1817,34.9863],[126.1813,34.9861],[126.1813,34.9862],[126.1817,34.9863]]],[[[125.882,34.5638],[125.8816,34.5639],[125.8817,34.5641],[125.882,34.5638]]],[[[126.1945,34.6263],[126.1939,34.6262],[126.1945,34.6264],[126.1945,34.6263]]],[[[125.4519,34.6936],[125.4523,34.6936],[125.4524,34.6934],[125.4519,34.6936]]],[[[125.2002,34.7068],[125.2007,34.7067],[125.2005,34.7065],[125.2002,34.7068]]],[[[126.1131,34.8873],[126.1125,34.887],[126.1131,34.8874],[126.1131,34.8873]]],[[[126.3155,34.8354],[126.3158,34.8356],[126.3159,34.8356],[126.3155,34.8354]]],[[[125.174,34.6743],[125.1744,34.6742],[125.1741,34.6742],[125.174,34.6743]]],[[[126.09,34.7964],[126.09,34.7961],[126.0898,34.7963],[126.09,34.7964]]],[[[126.1874,34.9188],[126.187,34.9189],[126.1874,34.9189],[126.1874,34.9188]]],[[[125.2093,34.6919],[125.209,34.6918],[125.2093,34.6919],[125.2093,34.6919]]],[[[125.4256,34.6985],[125.4259,34.6984],[125.4259,34.6982],[125.4256,34.6985]]],[[[126.0897,34.903],[126.09,34.9031],[126.0895,34.9028],[126.0897,34.903]]],[[[125.9849,34.6105],[125.9852,34.6103],[125.9847,34.6105],[125.9849,34.6105]]],[[[125.9686,34.8631],[125.969,34.8629],[125.9684,34.8631],[125.9686,34.8631]]],[[[126.1232,35.082],[126.1231,35.0817],[126.123,35.0819],[126.1232,35.082]]],[[[126.1554,34.6869],[126.1551,34.6867],[126.155,34.6869],[126.1554,34.6869]]],[[[125.4769,34.2285],[125.4766,34.2284],[125.4766,34.2285],[125.4769,34.2285]]],[[[125.9154,34.7813],[125.9154,34.7813],[125.9164,34.7812],[125.9154,34.7813]]],[[[125.2108,34.6949],[125.2103,34.6948],[125.2108,34.6949],[125.2108,34.6949]]],[[[125.1971,34.6745],[125.1968,34.6743],[125.197,34.6746],[125.1971,34.6745]]],[[[125.3908,34.6345],[125.3912,34.6345],[125.391,34.6343],[125.3908,34.6345]]],[[[125.2,34.6811],[125.1997,34.681],[125.1999,34.6813],[125.2,34.6811]]],[[[126.1437,35.1432],[126.1435,35.1429],[126.1433,35.1431],[126.1437,35.1432]]],[[[126.0146,34.8046],[126.0149,34.8047],[126.0151,34.8045],[126.0146,34.8046]]],[[[126.1212,35.1096],[126.1213,35.1093],[126.121,35.1094],[126.1212,35.1096]]],[[[126.0021,34.8454],[126.0018,34.8454],[126.002,34.8455],[126.0021,34.8454]]],[[[126.1939,34.7196],[126.1937,34.7194],[126.1935,34.7194],[126.1939,34.7196]]],[[[125.1959,34.6735],[125.1957,34.6732],[125.1956,34.6732],[125.1959,34.6735]]],[[[126.065,34.5987],[126.0647,34.5988],[126.0651,34.5988],[126.065,34.5987]]],[[[126.1483,34.9638],[126.1483,34.964],[126.1486,34.964],[126.1483,34.9638]]],[[[125.1826,34.6672],[125.183,34.6671],[125.1826,34.667],[125.1826,34.6672]]],[[[125.1963,34.6832],[125.1963,34.6834],[125.1965,34.6832],[125.1963,34.6832]]],[[[125.4284,34.6975],[125.4287,34.6976],[125.4287,34.6974],[125.4284,34.6975]]],[[[126.003,34.8925],[126.003,34.8928],[126.0032,34.8925],[126.003,34.8925]]],[[[125.8906,34.5966],[125.891,34.5963],[125.8904,34.5966],[125.8906,34.5966]]],[[[125.9498,34.8012],[125.9501,34.8009],[125.9497,34.8011],[125.9498,34.8012]]],[[[125.9756,34.8656],[125.9753,34.8655],[125.9752,34.8656],[125.9756,34.8656]]],[[[126.0254,34.766],[126.0253,34.7657],[126.0252,34.7661],[126.0254,34.766]]],[[[126.2051,35.1227],[126.2055,35.1226],[126.2051,35.1225],[126.2051,35.1227]]],[[[126.1549,34.6876],[126.1549,34.6878],[126.155,34.6875],[126.1549,34.6876]]],[[[125.1774,34.6868],[125.1773,34.6866],[125.1772,34.6868],[125.1774,34.6868]]],[[[125.1996,34.7093],[125.1999,34.7094],[125.1998,34.7092],[125.1996,34.7093]]],[[[125.1964,34.72],[125.1966,34.7197],[125.1964,34.7197],[125.1964,34.72]]],[[[126.1618,34.926],[126.1622,34.9258],[126.1618,34.9259],[126.1618,34.926]]],[[[125.9061,34.7792],[125.9061,34.7792],[125.9052,34.7789],[125.9061,34.7792]]],[[[126.198,35.1318],[126.1978,35.1318],[126.198,35.1321],[126.198,35.1318]]],[[[125.9031,34.7938],[125.9034,34.7936],[125.9031,34.7936],[125.9031,34.7938]]],[[[126.2457,34.9368],[126.2456,34.9365],[126.2455,34.9369],[126.2457,34.9368]]],[[[125.3882,34.6959],[125.3885,34.6959],[125.3885,34.6959],[125.3882,34.6959]]],[[[125.9905,35.1089],[125.9908,35.1087],[125.9905,35.1087],[125.9905,35.1089]]],[[[125.8971,34.7216],[125.8973,34.7214],[125.897,34.7215],[125.8971,34.7216]]],[[[126.0723,35.1306],[126.0721,35.1305],[126.0721,35.1307],[126.0723,35.1306]]],[[[125.9459,35.0662],[125.9456,35.0659],[125.9456,35.0662],[125.9459,35.0662]]],[[[125.2101,34.6941],[125.21,34.694],[125.2099,34.694],[125.2101,34.6941]]],[[[126.0739,34.7737],[126.0743,34.7736],[126.0743,34.7735],[126.0739,34.7737]]],[[[126.0501,34.7722],[126.0499,34.772],[126.0498,34.7722],[126.0501,34.7722]]],[[[125.2119,34.6963],[125.2117,34.6962],[125.2118,34.6965],[125.2119,34.6963]]],[[[125.8978,34.772],[125.8981,34.7719],[125.898,34.7719],[125.8978,34.772]]],[[[125.9728,34.6047],[125.973,34.6047],[125.973,34.6045],[125.9728,34.6047]]],[[[125.4407,34.7014],[125.4409,34.7015],[125.441,34.7013],[125.4407,34.7014]]],[[[125.9933,34.8881],[125.9936,34.8881],[125.9937,34.888],[125.9933,34.8881]]],[[[126.1939,35.049],[126.1942,35.0489],[126.1939,35.049],[126.1939,35.049]]],[[[125.2042,34.6831],[125.2045,34.6831],[125.2044,34.6829],[125.2042,34.6831]]],[[[126.206,34.9122],[126.2062,34.912],[126.206,34.912],[126.206,34.9122]]],[[[126.0533,34.8537],[126.0532,34.8536],[126.0532,34.8538],[126.0533,34.8537]]],[[[126.2818,34.9331],[126.2819,34.9329],[126.2818,34.9329],[126.2818,34.9331]]],[[[125.4304,34.6965],[125.4306,34.6965],[125.4306,34.6964],[125.4304,34.6965]]],[[[125.1992,34.7087],[125.1994,34.7087],[125.1992,34.7085],[125.1992,34.7087]]],[[[126.0736,35.1366],[126.0737,35.1363],[126.0737,35.1363],[126.0736,35.1366]]],[[[126.175,34.889],[126.1753,34.8892],[126.1752,34.889],[126.175,34.889]]],[[[125.1917,34.7161],[125.1918,34.7158],[125.1916,34.716],[125.1917,34.7161]]],[[[126.2801,34.9333],[126.2801,34.933],[126.28,34.9332],[126.2801,34.9333]]],[[[125.8892,34.7167],[125.8894,34.7166],[125.8895,34.7165],[125.8892,34.7167]]],[[[125.9069,34.5854],[125.907,34.5856],[125.9072,34.5855],[125.9069,34.5854]]],[[[126.0605,35.108],[126.0603,35.1078],[126.0602,35.1079],[126.0605,35.108]]],[[[126.0055,34.6365],[126.0059,34.6365],[126.0056,34.6363],[126.0055,34.6365]]],[[[125.1873,34.6672],[125.1872,34.667],[125.1871,34.6671],[125.1873,34.6672]]],[[[125.2107,34.6944],[125.2104,34.6943],[125.2104,34.6944],[125.2107,34.6944]]],[[[125.2036,34.7188],[125.2035,34.7188],[125.2036,34.7189],[125.2036,34.7188]]],[[[125.9408,34.6369],[125.9411,34.6367],[125.941,34.6366],[125.9408,34.6369]]],[[[126.1225,35.0684],[126.1224,35.0682],[126.1223,35.0684],[126.1225,35.0684]]],[[[126.1981,34.9484],[126.1977,34.9483],[126.1977,34.9484],[126.1981,34.9484]]],[[[125.9069,34.586],[125.9067,34.5858],[125.9068,34.586],[125.9069,34.586]]],[[[125.4504,34.6828],[125.4506,34.683],[125.4506,34.6829],[125.4504,34.6828]]],[[[126.0665,34.6826],[126.0668,34.6825],[126.0667,34.6824],[126.0665,34.6825],[126.0665,34.6826]]],[[[125.4307,34.6961],[125.4307,34.6963],[125.4308,34.6961],[125.4307,34.6961]]],[[[126.0098,34.5826],[126.0098,34.5824],[126.0097,34.5825],[126.0098,34.5826]]],[[[126.168,34.9251],[126.168,34.9249],[126.168,34.925],[126.168,34.9251]]],[[[125.41,34.6874],[125.4104,34.6874],[125.4104,34.6873],[125.41,34.6874]]],[[[125.8841,34.7342],[125.8841,34.7341],[125.884,34.7343],[125.8841,34.7342]]],[[[126.0106,34.8064],[126.0106,34.8062],[126.0105,34.8064],[126.0106,34.8064]]],[[[125.8841,34.5662],[125.8844,34.5662],[125.8844,34.5661],[125.8841,34.5662]]],[[[126.0449,34.5466],[126.0451,34.5465],[126.0449,34.5465],[126.0449,34.5466]]],[[[125.4346,34.669],[125.4349,34.6685],[125.4348,34.6685],[125.4346,34.669]]],[[[125.1952,34.6745],[125.1951,34.6742],[125.1951,34.6745],[125.1952,34.6745]]],[[[125.4254,34.6597],[125.4255,34.6598],[125.4255,34.6597],[125.4254,34.6597]]],[[[125.3871,34.6978],[125.3872,34.6976],[125.387,34.6976],[125.3871,34.6978]]],[[[125.8931,34.7149],[125.893,34.7148],[125.8931,34.715],[125.8931,34.7149]]],[[[125.4463,34.7351],[125.4465,34.7352],[125.4467,34.735],[125.4463,34.7351]]],[[[125.2093,34.6914],[125.2094,34.6915],[125.2094,34.6914],[125.2093,34.6914]]],[[[126.0108,34.6829],[126.0108,34.6827],[126.0108,34.683],[126.0108,34.6829]]],[[[125.3924,34.6294],[125.3926,34.6293],[125.3924,34.6293],[125.3924,34.6294]]],[[[126.1537,34.5689],[126.1538,34.5689],[126.154,34.5686],[126.1537,34.5689]]],[[[126.0145,34.6212],[126.0146,34.6209],[126.0144,34.6212],[126.0145,34.6212]]],[[[125.2097,34.6941],[125.2097,34.694],[125.2096,34.694],[125.2097,34.6941]]],[[[126.1497,34.6786],[126.1495,34.6785],[126.1494,34.6786],[126.1497,34.6786]]],[[[125.4261,34.6974],[125.4263,34.6974],[125.4264,34.6973],[125.4261,34.6974]]],[[[125.4257,34.6598],[125.4259,34.6599],[125.4259,34.6598],[125.4257,34.6598]]],[[[125.1915,34.7158],[125.1913,34.7157],[125.1914,34.7158],[125.1915,34.7158]]],[[[126.1483,34.9303],[126.1482,34.9302],[126.1482,34.9304],[126.1483,34.9303]]],[[[125.1818,34.6671],[125.1819,34.6669],[125.1818,34.667],[125.1818,34.6671]]],[[[125.994,34.8876],[125.994,34.8875],[125.9939,34.8876],[125.994,34.8876]]],[[[126.1581,35.1424],[126.1584,35.1423],[126.1581,35.1424],[126.1581,35.1424]]],[[[125.2035,34.7193],[125.2036,34.7192],[125.2034,34.7191],[125.2035,34.7193]]],[[[126.0648,35.057],[126.0648,35.0569],[126.0645,35.0569],[126.0648,35.057]]],[[[126.0997,35.0899],[126.0998,35.0898],[126.0997,35.0898],[126.0997,35.0899]]],[[[125.3872,34.6974],[125.3874,34.6975],[125.3874,34.6975],[125.3872,34.6974]]],[[[125.4173,34.6422],[125.4172,34.6421],[125.4171,34.6422],[125.4173,34.6422]]],[[[125.4316,34.6959],[125.4318,34.696],[125.4315,34.6959],[125.4316,34.6959]]],[[[126.1646,34.8873],[126.1644,34.8874],[126.1645,34.8875],[126.1646,34.8873]]],[[[125.41,34.6868],[125.4102,34.6868],[125.41,34.6867],[125.41,34.6868]]],[[[125.9396,34.822],[125.9397,34.8218],[125.9396,34.822],[125.9396,34.822]]],[[[125.1992,34.7032],[125.1991,34.7031],[125.1991,34.7032],[125.1992,34.7032]]],[[[125.3925,34.629],[125.3925,34.629],[125.3924,34.6291],[125.3925,34.629]]],[[[125.9019,34.7123],[125.9017,34.7123],[125.9017,34.7124],[125.9019,34.7123]]],[[[126.1541,34.5682],[126.1542,34.5685],[126.1541,34.5682],[126.1541,34.5682]]],[[[125.4438,34.7357],[125.4439,34.7358],[125.4442,34.7357],[125.4438,34.7357]]],[[[125.4058,34.6803],[125.4058,34.6804],[125.4059,34.6803],[125.4058,34.6803]]],[[[125.1729,34.6748],[125.173,34.6747],[125.1729,34.6747],[125.1729,34.6746],[125.1729,34.6746],[125.1729,34.6748]]],[[[125.968,34.863],[125.9682,34.863],[125.968,34.863],[125.968,34.863]]],[[[126.2064,35.1065],[126.2066,35.1064],[126.2065,35.1064],[126.2064,35.1065]]],[[[126.1041,34.5952],[126.104,34.5951],[126.104,34.5952],[126.1041,34.5952]]],[[[125.1992,34.7033],[125.1993,34.7033],[125.1992,34.7032],[125.1992,34.7033]]],[[[125.1853,34.6865],[125.1854,34.6866],[125.1854,34.6865],[125.1853,34.6865]]],[[[125.3945,34.6501],[125.3946,34.65],[125.3945,34.65],[125.3945,34.6501]]],[[[125.1862,34.6661],[125.1861,34.666],[125.1861,34.6661],[125.1862,34.6661]]],[[[125.1773,34.6885],[125.1773,34.6885],[125.1773,34.6885],[125.1773,34.6885],[125.1773,34.6885],[125.1774,34.6885],[125.1774,34.6885],[125.1773,34.6884],[125.1773,34.6885]]],[[[125.9857,34.6104],[125.9857,34.6103],[125.9857,34.6103],[125.9857,34.6104]]],[[[125.3927,34.6293],[125.3927,34.6293],[125.3927,34.6293],[125.3927,34.6293]]],[[[125.1862,34.6848],[125.1862,34.6849],[125.1862,34.6848],[125.1862,34.6848]]],[[[125.1815,34.6835],[125.1814,34.6835],[125.1814,34.6835],[125.1815,34.6835]]],[[[125.1851,34.687],[125.1852,34.6869],[125.1851,34.6869],[125.1851,34.687]]],[[[125.4059,34.6816],[125.406,34.6816],[125.4059,34.6816],[125.4059,34.6816]]],[[[125.466,34.6514],[125.4661,34.6514],[125.466,34.6513],[125.466,34.6514]]],[[[125.1862,34.6853],[125.1862,34.6853],[125.1862,34.6852],[125.1862,34.6853]]],[[[125.1862,34.6849],[125.1862,34.6849],[125.1862,34.6849],[125.1862,34.6849]]],[[[125.1831,34.6874],[125.1831,34.6874],[125.1831,34.6874],[125.1831,34.6874]]],[[[125.1806,34.6832],[125.1806,34.6832],[125.1806,34.6832],[125.1806,34.6832]]],[[[125.1818,34.6838],[125.1818,34.6838],[125.1818,34.6838],[125.1818,34.6838]]],[[[125.1825,34.6836],[125.1826,34.6836],[125.1825,34.6836],[125.1825,34.6836]]],[[[125.1808,34.6832],[125.1807,34.6832],[125.1808,34.6832],[125.1808,34.6832]]],[[[125.1862,34.6852],[125.1861,34.6852],[125.1862,34.6852],[125.1862,34.6852]]],[[[125.1831,34.6873],[125.1831,34.6873],[125.1831,34.6873],[125.1831,34.6873],[125.1831,34.6873],[125.1831,34.6873],[125.1831,34.6873]]],[[[125.406,34.6816],[125.406,34.6816],[125.406,34.6815],[125.406,34.6816]]],[[[125.186,34.6857],[125.186,34.6857],[125.186,34.6857],[125.186,34.6857]]],[[[125.1861,34.6848],[125.1861,34.6847],[125.1861,34.6847],[125.1861,34.6848]]],[[[125.1846,34.6863],[125.1846,34.6863],[125.1846,34.6863],[125.1846,34.6863]]],[[[125.1845,34.6863],[125.1846,34.6863],[125.1846,34.6863],[125.1845,34.6863]]]]}}]}